Oluşturma başlatıldı: 30.12.2025 22:47:17.
Günlük kaydı ayrıntı düzeyi Detailed olarak ayarlandı.     0>İşlem = "C:\Program Files\dotnet\dotnet.exe"
       MSBuild yürütülebilir yolu = "C:\Program Files\dotnet\sdk\10.0.101\MSBuild.dll"
       Komut satırı bağımsız değişkenleri = "C:\Program Files\dotnet\sdk\10.0.101\MSBuild.dll -maxcpucount --verbosity:m -tlp:default=auto --property:NuGetInteractive=true --restoreProperty:NuGetInteractive=true --restoreProperty:EnableDefaultCompileItems=false --restoreProperty:EnableDefaultEmbeddedResourceItems=false --restoreProperty:EnableDefaultNoneItems=false -fl -consoleloggerparameters:Summary -restore -distributedlogger:Microsoft.DotNet.Cli.Commands.MSBuild.MSBuildLogger,C:\Program Files\dotnet\sdk\10.0.101\dotnet.dll*Microsoft.DotNet.Cli.Commands.MSBuild.MSBuildForwardingLogger,C:\Program Files\dotnet\sdk\10.0.101\dotnet.dll -nologo"
       Geçerli dizin = "C:\Users\Atakan\OneDrive\Documents\GitHub\tokenizer-filter-machine\TurkMorph"
       MSBuild sürümü = "18.0.6+fad253f51"
       Windows kayıt defteri anahtarı LongPathsEnabled ayarına bağlı olarak LongPaths özelliği devre dışı.
       Windows kayıt defteri anahtarı VerifiedAndReputablePolicyState'e göre SAC durumu = 0: kapalı.
       Derleme Evaluation sırasında yüklendi: System.Threading.Overlapped, Version=10.0.0.0, Culture=neutral, PublicKeyToken=b03f5f7f11d50a3a (konum: C:\Program Files\dotnet\shared\Microsoft.NETCore.App\10.0.1\System.Threading.Overlapped.dll, MVID: 776b2594-5863-4fd1-996d-c9d5cb21fdfd, AssemblyLoadContext: Default)
       "Microsoft.NET.Sdk" SDK’sı "DefaultSdkResolver" çözümleyicisi tarafından "C:\Program Files\dotnet\sdk\10.0.101\Sdks\Microsoft.NET.Sdk\Sdk" konumuna ve "" sürümüne başarıyla çözümlendi.
       C:\Program Files\dotnet\sdk\10.0.101\Sdks\Microsoft.NET.Sdk\Sdk\Sdk.props(49,11): message : 'C:\Program Files\dotnet\sdk\10.0.101\' değerine sahip 'MSBuildExtensionsPath' özelliği ortamdan genişletildi.
       C:\Program Files\dotnet\sdk\10.0.101\Current\Microsoft.Common.props(60,5): message : Özellik yeniden ataması: $(MSBuildProjectExtensionsPath)="C:\Users\Atakan\OneDrive\Documents\GitHub\tokenizer-filter-machine\TurkMorph\obj\" (önceki değer: "obj\") konum: C:\Program Files\dotnet\sdk\10.0.101\Current\Microsoft.Common.props (60,5)
       C:\Program Files\dotnet\sdk\10.0.101\Current\Microsoft.Common.props(84,119): message : 'C:\Users\Atakan\AppData\Local\Microsoft\MSBuild' değerine sahip 'MSBuildUserExtensionsPath' özelliği ortamdan genişletildi.
       Derleme Evaluation sırasında yüklendi: System.Threading.Tasks.Parallel, Version=10.0.0.0, Culture=neutral, PublicKeyToken=b03f5f7f11d50a3a (konum: C:\Program Files\dotnet\shared\Microsoft.NETCore.App\10.0.1\System.Threading.Tasks.Parallel.dll, MVID: c0c31281-a1da-475c-91e3-f539049c5ef1, AssemblyLoadContext: Default)
       C:\Program Files\dotnet\sdk\10.0.101\Sdks\Microsoft.NET.Sdk\targets\Microsoft.NET.Sdk.props(90,5): message : Özellik yeniden ataması: $(AssemblySearchPaths)="{CandidateAssemblyFiles};{HintPathFromItem}" (önceki değer: "{CandidateAssemblyFiles}") konum: C:\Program Files\dotnet\sdk\10.0.101\Sdks\Microsoft.NET.Sdk\targets\Microsoft.NET.Sdk.props (90,5)
       C:\Program Files\dotnet\sdk\10.0.101\Sdks\Microsoft.NET.Sdk\targets\Microsoft.NET.Sdk.props(91,5): message : Özellik yeniden ataması: $(AssemblySearchPaths)="{CandidateAssemblyFiles};{HintPathFromItem};{TargetFrameworkDirectory}" (önceki değer: "{CandidateAssemblyFiles};{HintPathFromItem}") konum: C:\Program Files\dotnet\sdk\10.0.101\Sdks\Microsoft.NET.Sdk\targets\Microsoft.NET.Sdk.props (91,5)
       C:\Program Files\dotnet\sdk\10.0.101\Sdks\Microsoft.NET.Sdk\targets\Microsoft.NET.Sdk.props(92,5): message : Özellik yeniden ataması: $(AssemblySearchPaths)="{CandidateAssemblyFiles};{HintPathFromItem};{TargetFrameworkDirectory};{RawFileName}" (önceki değer: "{CandidateAssemblyFiles};{HintPathFromItem};{TargetFrameworkDirectory}") konum: C:\Program Files\dotnet\sdk\10.0.101\Sdks\Microsoft.NET.Sdk\targets\Microsoft.NET.Sdk.props (92,5)
       "DefaultSdkResolver" çözümleyicisi "Microsoft.NET.SDK.WorkloadAutoImportPropsLocator" SDK’sını çözümlemeyi denedi.
       Uyarılar: null
       Hatalar: MSB4276: "C:\Program Files\dotnet\sdk\10.0.101\Sdks\Microsoft.NET.SDK.WorkloadAutoImportPropsLocator\Sdk" dizini olmadığından, varsayılan SDK çözümleyicisi "Microsoft.NET.SDK.WorkloadAutoImportPropsLocator" SDK’sını çözümleyemedi.
       Derleme Evaluation sırasında yüklendi: Microsoft.Build.NuGetSdkResolver, Version=7.0.0.0, Culture=neutral, PublicKeyToken=31bf3856ad364e35 (konum: C:\Program Files\dotnet\sdk\10.0.101\Microsoft.Build.NuGetSdkResolver.dll, MVID: 3aed13f2-41a4-4f79-9ae7-f91c942ed8e5, AssemblyLoadContext: MSBuild plugin C:\Program Files\dotnet\sdk\10.0.101\Microsoft.Build.NuGetSdkResolver.dll)
       Derleme Evaluation sırasında yüklendi: System.Reflection.Metadata, Version=10.0.0.0, Culture=neutral, PublicKeyToken=b03f5f7f11d50a3a (konum: C:\Program Files\dotnet\shared\Microsoft.NETCore.App\10.0.1\System.Reflection.Metadata.dll, MVID: 3dffb579-478e-4936-a66f-3cf5f722eefe, AssemblyLoadContext: Default)
       Derleme Evaluation sırasında yüklendi: NuGet.Common, Version=7.0.0.0, Culture=neutral, PublicKeyToken=31bf3856ad364e35 (konum: C:\Program Files\dotnet\sdk\10.0.101\NuGet.Common.dll, MVID: e68f94a8-8ead-49da-8d66-ddbffff51250, AssemblyLoadContext: MSBuild plugin C:\Program Files\dotnet\sdk\10.0.101\Microsoft.Build.NuGetSdkResolver.dll)
       Derleme Evaluation sırasında yüklendi: Microsoft.NET.Sdk.WorkloadMSBuildSdkResolver, Version=10.0.101.0, Culture=neutral, PublicKeyToken=31bf3856ad364e35 (konum: C:\Program Files\dotnet\sdk\10.0.101\Microsoft.NET.Sdk.WorkloadMSBuildSdkResolver.dll, MVID: 5c8a4c6d-b406-4bd0-9e3f-8370848cd2cb, AssemblyLoadContext: MSBuild plugin C:\Program Files\dotnet\sdk\10.0.101\Microsoft.NET.Sdk.WorkloadMSBuildSdkResolver.dll)
       Derleme Evaluation sırasında yüklendi: Microsoft.DotNet.Cli.Utils, Version=10.0.101.0, Culture=neutral, PublicKeyToken=adb9793829ddae60 (konum: C:\Program Files\dotnet\sdk\10.0.101\Microsoft.DotNet.Cli.Utils.dll, MVID: 0a4ee92c-4a3d-4297-a04d-19c4cdd0f8a2, AssemblyLoadContext: MSBuild plugin C:\Program Files\dotnet\sdk\10.0.101\Microsoft.NET.Sdk.WorkloadMSBuildSdkResolver.dll)
       Derleme Evaluation sırasında yüklendi: Microsoft.NET.Sdk.WorkloadManifestReader, Version=10.0.101.0, Culture=neutral, PublicKeyToken=adb9793829ddae60 (konum: C:\Program Files\dotnet\sdk\10.0.101\Microsoft.NET.Sdk.WorkloadManifestReader.dll, MVID: 2c78410a-8ec2-4806-a829-c831cba84d97, AssemblyLoadContext: MSBuild plugin C:\Program Files\dotnet\sdk\10.0.101\Microsoft.NET.Sdk.WorkloadMSBuildSdkResolver.dll)
       Derleme Evaluation sırasında yüklendi: Microsoft.Deployment.DotNet.Releases, Version=2.0.0.0, Culture=neutral, PublicKeyToken=31bf3856ad364e35 (konum: C:\Program Files\dotnet\sdk\10.0.101\Microsoft.Deployment.DotNet.Releases.dll, MVID: aefc5383-75f2-4916-ba9b-f020105d50e8, AssemblyLoadContext: MSBuild plugin C:\Program Files\dotnet\sdk\10.0.101\Microsoft.NET.Sdk.WorkloadMSBuildSdkResolver.dll)
       "Microsoft.NET.SDK.WorkloadAutoImportPropsLocator" SDK’sı "Microsoft.DotNet.MSBuildWorkloadSdkResolver" çözümleyicisi tarafından "C:\Program Files\dotnet\packs\Microsoft.Android.Sdk.Windows\36.1.2\Sdk" konumuna ve "null" sürümüne başarıyla çözümlendi.
       C:\Users\Atakan\OneDrive\Documents\GitHub\tokenizer-filter-machine\TurkMorph\TurkMorph.csproj(4,5): message : Özellik yeniden ataması: $(OutputType)="WinExe" (önceki değer: "Library") konum: C:\Users\Atakan\OneDrive\Documents\GitHub\tokenizer-filter-machine\TurkMorph\TurkMorph.csproj (4,5)
       C:\Program Files\dotnet\sdk\10.0.101\Sdks\Microsoft.NET.Sdk\targets\Microsoft.NET.Sdk.ImportPublishProfile.targets(28,5): message : Özellik yeniden ataması: $(PublishProfileImported)="false" (önceki değer: "true") konum: C:\Program Files\dotnet\sdk\10.0.101\Sdks\Microsoft.NET.Sdk\targets\Microsoft.NET.Sdk.ImportPublishProfile.targets (28,5)
       Derleme Evaluation sırasında yüklendi: NuGet.Frameworks, Version=7.0.0.0, Culture=neutral, PublicKeyToken=31bf3856ad364e35 (konum: C:\Program Files\dotnet\sdk\10.0.101\NuGet.Frameworks.dll, MVID: e913a35d-983d-474c-b844-7b99e57f87c3, AssemblyLoadContext: Assembly.LoadFile(C:\Program Files\dotnet\sdk\10.0.101\NuGet.Frameworks.dll))
       C:\Program Files\dotnet\sdk\10.0.101\Sdks\Microsoft.NET.Sdk\targets\Microsoft.NET.TargetFrameworkInference.targets(80,5): message : Özellik yeniden ataması: $(TargetPlatformVersion)="0.0" (önceki değer: "0.0.0.0") konum: C:\Program Files\dotnet\sdk\10.0.101\Sdks\Microsoft.NET.Sdk\targets\Microsoft.NET.TargetFrameworkInference.targets (80,5)
       C:\Program Files\dotnet\sdk\10.0.101\Sdks\Microsoft.NET.Sdk\targets\Microsoft.NET.TargetFrameworkInference.targets(81,5): message : Özellik yeniden ataması: $(TargetPlatformVersion)="" (önceki değer: "0.0") konum: C:\Program Files\dotnet\sdk\10.0.101\Sdks\Microsoft.NET.Sdk\targets\Microsoft.NET.TargetFrameworkInference.targets (81,5)
       C:\Program Files\dotnet\sdk\10.0.101\Sdks\Microsoft.NET.Sdk\targets\Microsoft.NET.TargetFrameworkInference.targets(84,5): message : Özellik yeniden ataması: $(TargetPlatformIdentifier)="Windows" (önceki değer: "windows") konum: C:\Program Files\dotnet\sdk\10.0.101\Sdks\Microsoft.NET.Sdk\targets\Microsoft.NET.TargetFrameworkInference.targets (84,5)
       C:\Program Files\dotnet\sdk\10.0.101\Sdks\Microsoft.NET.Sdk\targets\Microsoft.NET.DefaultOutputPaths.targets(127,5): message : Özellik yeniden ataması: $(DefaultItemExcludes)=";bin\Debug\/**;obj\Debug\/**" (önceki değer: ";bin\Debug\/**") konum: C:\Program Files\dotnet\sdk\10.0.101\Sdks\Microsoft.NET.Sdk\targets\Microsoft.NET.DefaultOutputPaths.targets (127,5)
       C:\Program Files\dotnet\sdk\10.0.101\Sdks\Microsoft.NET.Sdk\targets\Microsoft.NET.DefaultOutputPaths.targets(142,5): message : Özellik yeniden ataması: $(OutputPath)="bin\Debug\net8.0-windows\" (önceki değer: "bin\Debug\") konum: C:\Program Files\dotnet\sdk\10.0.101\Sdks\Microsoft.NET.Sdk\targets\Microsoft.NET.DefaultOutputPaths.targets (142,5)
       C:\Program Files\dotnet\sdk\10.0.101\Sdks\Microsoft.NET.Sdk\targets\Microsoft.NET.DefaultOutputPaths.targets(147,5): message : Özellik yeniden ataması: $(IntermediateOutputPath)="obj\Debug\net8.0-windows\" (önceki değer: "obj\Debug\") konum: C:\Program Files\dotnet\sdk\10.0.101\Sdks\Microsoft.NET.Sdk\targets\Microsoft.NET.DefaultOutputPaths.targets (147,5)
       "DefaultSdkResolver" çözümleyicisi "Microsoft.NET.SDK.WorkloadManifestTargetsLocator" SDK’sını çözümlemeyi denedi.
       Uyarılar: null
       Hatalar: MSB4276: "C:\Program Files\dotnet\sdk\10.0.101\Sdks\Microsoft.NET.SDK.WorkloadManifestTargetsLocator\Sdk" dizini olmadığından, varsayılan SDK çözümleyicisi "Microsoft.NET.SDK.WorkloadManifestTargetsLocator" SDK’sını çözümleyemedi.
       "Microsoft.NET.SDK.WorkloadManifestTargetsLocator" SDK’sı "Microsoft.DotNet.MSBuildWorkloadSdkResolver" çözümleyicisi tarafından "C:\Program Files\dotnet\sdk-manifests\10.0.100\microsoft.net.sdk.android\36.1.2" konumuna ve "null" sürümüne başarıyla çözümlendi.
       C:\Program Files\dotnet\sdk\10.0.101\Sdks\Microsoft.NET.Sdk\targets\Microsoft.NET.Sdk.BeforeCommon.targets(371,5): message : Özellik yeniden ataması: $(RoslynTargetsPath)="C:\Program Files\dotnet\sdk\10.0.101\Sdks\Microsoft.NET.Sdk\targets\..\..\..\Roslyn" (önceki değer: "C:\Program Files\dotnet\sdk\10.0.101\Roslyn") konum: C:\Program Files\dotnet\sdk\10.0.101\Sdks\Microsoft.NET.Sdk\targets\Microsoft.NET.Sdk.BeforeCommon.targets (371,5)
       C:\Program Files\dotnet\sdk\10.0.101\Roslyn\Microsoft.Managed.Core.targets(6,5): message : Özellik yeniden ataması: $(_BuildTasksDirectory)="C:\Program Files\dotnet\sdk\10.0.101\Sdks\Microsoft.NET.Sdk\targets\..\..\..\Roslyn\" (önceki değer: "C:\Program Files\dotnet\sdk\10.0.101\Roslyn\") konum: C:\Program Files\dotnet\sdk\10.0.101\Roslyn\Microsoft.Managed.Core.targets (6,5)
       C:\Program Files\dotnet\sdk\10.0.101\Roslyn\Microsoft.CSharp.Core.targets(200,5): message : Özellik yeniden ataması: $(CommandLineArgsForDesignTimeEvaluation)="-langversion:12.0 -define:TRACE" (önceki değer: "-langversion:12.0") konum: C:\Program Files\dotnet\sdk\10.0.101\Roslyn\Microsoft.CSharp.Core.targets (200,5)
       Derleme Evaluation sırasında yüklendi: Microsoft.Build.Utilities.Core, Version=15.1.0.0, Culture=neutral, PublicKeyToken=b03f5f7f11d50a3a (konum: C:\Program Files\dotnet\sdk\10.0.101\Microsoft.Build.Utilities.Core.dll, MVID: 0ce0dd4f-98bd-4767-bc61-9eb82d6f94a6, AssemblyLoadContext: Default)
       C:\Program Files\dotnet\sdk\10.0.101\Microsoft.Common.CurrentVersion.targets(175,5): message : Özellik yeniden ataması: $(_DebugSymbolsProduced)="true" (önceki değer: "false") konum: C:\Program Files\dotnet\sdk\10.0.101\Microsoft.Common.CurrentVersion.targets (175,5)
       C:\Program Files\dotnet\sdk\10.0.101\Microsoft.Common.CurrentVersion.targets(185,5): message : Özellik yeniden ataması: $(_DocumentationFileProduced)="false" (önceki değer: "true") konum: C:\Program Files\dotnet\sdk\10.0.101\Microsoft.Common.CurrentVersion.targets (185,5)
       C:\Program Files\dotnet\sdk\10.0.101\Microsoft.Common.CurrentVersion.targets(393,5): message : Özellik yeniden ataması: $(MSBuildCopyMarkerName)="TurkMorph.csproj.Up2Date" (önceki değer: "TurkMorph.csproj") konum: C:\Program Files\dotnet\sdk\10.0.101\Microsoft.Common.CurrentVersion.targets (393,5)
       C:\Program Files\dotnet\sdk\10.0.101\Microsoft.Common.CurrentVersion.targets(541,5): message : Özellik yeniden ataması: $(ProcessorArchitecture)="msil" (önceki değer: "") konum: C:\Program Files\dotnet\sdk\10.0.101\Microsoft.Common.CurrentVersion.targets (541,5)
       C:\Program Files\dotnet\sdk\10.0.101\Microsoft.Common.CurrentVersion.targets(580,5): message : Özellik yeniden ataması: $(DelaySign)="" (önceki değer: "false") konum: C:\Program Files\dotnet\sdk\10.0.101\Microsoft.Common.CurrentVersion.targets (580,5)
       C:\Program Files\dotnet\sdk\10.0.101\Microsoft.Common.CurrentVersion.targets(2606,5): message : 'C:\Users\Atakan\AppData\Local' değerine sahip 'LOCALAPPDATA' özelliği ortamdan genişletildi.
       C:\Program Files\dotnet\sdk\10.0.101\Microsoft.Common.CurrentVersion.targets(3934,5): message : Özellik yeniden ataması: $(_SGenGenerateSerializationAssembliesConfig)="Auto" (önceki değer: "") konum: C:\Program Files\dotnet\sdk\10.0.101\Microsoft.Common.CurrentVersion.targets (3934,5)
       C:\Program Files\dotnet\sdk\10.0.101\Microsoft.Common.CurrentVersion.targets(3935,5): message : Özellik yeniden ataması: $(_SGenGenerateSerializationAssembliesConfig)="Off" (önceki değer: "Auto") konum: C:\Program Files\dotnet\sdk\10.0.101\Microsoft.Common.CurrentVersion.targets (3935,5)
       C:\Program Files\dotnet\sdk\10.0.101\Microsoft.Common.CurrentVersion.targets(5146,5): message : Özellik yeniden ataması: $(_TargetsThatPrepareProjectReferences)="
       C:\Program Files\dotnet\sdk\10.0.101\Microsoft.Common.CurrentVersion.targets(5146,5): message :       AssignProjectConfiguration;
       C:\Program Files\dotnet\sdk\10.0.101\Microsoft.Common.CurrentVersion.targets(5146,5): message :       _SplitProjectReferencesByFileExistence
       C:\Program Files\dotnet\sdk\10.0.101\Microsoft.Common.CurrentVersion.targets(5146,5): message :     " (önceki değer: "_SplitProjectReferencesByFileExistence") konum: C:\Program Files\dotnet\sdk\10.0.101\Microsoft.Common.CurrentVersion.targets (5146,5)
       C:\Program Files\dotnet\sdk\10.0.101\Microsoft.Common.CurrentVersion.targets(6959,5): message : 'C:\Program Files\dotnet\sdk\10.0.101' değerine sahip 'MSBuildExtensionsPath32' özelliği ortamdan genişletildi.
       "NuGetInteractive" özelliği genel bir özelliktir ve değiştirilemez.
       C:\Program Files\dotnet\sdk\10.0.101\Sdks\Microsoft.NET.Sdk\targets\Microsoft.PackageDependencyResolution.targets(24,5): message : Özellik yeniden ataması: $(ProjectAssetsFile)="C:\Users\Atakan\OneDrive\Documents\GitHub\tokenizer-filter-machine\TurkMorph\obj\project.assets.json" (önceki değer: "C:\Users\Atakan\OneDrive\Documents\GitHub\tokenizer-filter-machine\TurkMorph\obj\/project.assets.json") konum: C:\Program Files\dotnet\sdk\10.0.101\Sdks\Microsoft.NET.Sdk\targets\Microsoft.PackageDependencyResolution.targets (24,5)
       C:\Program Files\dotnet\sdk\10.0.101\Sdks\Microsoft.NET.Sdk\targets\Microsoft.PackageDependencyResolution.targets(29,5): message : Özellik yeniden ataması: $(ProjectAssetsCacheFile)="C:\Users\Atakan\OneDrive\Documents\GitHub\tokenizer-filter-machine\TurkMorph\obj\Debug\net8.0-windows\TurkMorph.assets.cache" (önceki değer: "obj\Debug\net8.0-windows\TurkMorph.assets.cache") konum: C:\Program Files\dotnet\sdk\10.0.101\Sdks\Microsoft.NET.Sdk\targets\Microsoft.PackageDependencyResolution.targets (29,5)
       C:\Program Files\dotnet\sdk\10.0.101\Sdks\Microsoft.NET.Sdk\targets\Microsoft.PackageDependencyResolution.targets(80,5): message : Özellik yeniden ataması: $(ResolveAssemblyReferencesDependsOn)="
       C:\Program Files\dotnet\sdk\10.0.101\Sdks\Microsoft.NET.Sdk\targets\Microsoft.PackageDependencyResolution.targets(80,5): message :       
       C:\Program Files\dotnet\sdk\10.0.101\Sdks\Microsoft.NET.Sdk\targets\Microsoft.PackageDependencyResolution.targets(80,5): message :       ResolveProjectReferences;
       C:\Program Files\dotnet\sdk\10.0.101\Sdks\Microsoft.NET.Sdk\targets\Microsoft.PackageDependencyResolution.targets(80,5): message :       FindInvalidProjectReferences;
       C:\Program Files\dotnet\sdk\10.0.101\Sdks\Microsoft.NET.Sdk\targets\Microsoft.PackageDependencyResolution.targets(80,5): message :       GetFrameworkPaths;
       C:\Program Files\dotnet\sdk\10.0.101\Sdks\Microsoft.NET.Sdk\targets\Microsoft.PackageDependencyResolution.targets(80,5): message :       GetReferenceAssemblyPaths;
       C:\Program Files\dotnet\sdk\10.0.101\Sdks\Microsoft.NET.Sdk\targets\Microsoft.PackageDependencyResolution.targets(80,5): message :       PrepareForBuild;
       C:\Program Files\dotnet\sdk\10.0.101\Sdks\Microsoft.NET.Sdk\targets\Microsoft.PackageDependencyResolution.targets(80,5): message :       ResolveSDKReferences;
       C:\Program Files\dotnet\sdk\10.0.101\Sdks\Microsoft.NET.Sdk\targets\Microsoft.PackageDependencyResolution.targets(80,5): message :       ExpandSDKReferences;
       C:\Program Files\dotnet\sdk\10.0.101\Sdks\Microsoft.NET.Sdk\targets\Microsoft.PackageDependencyResolution.targets(80,5): message :     ;
       C:\Program Files\dotnet\sdk\10.0.101\Sdks\Microsoft.NET.Sdk\targets\Microsoft.PackageDependencyResolution.targets(80,5): message :       ResolvePackageDependenciesForBuild;
       C:\Program Files\dotnet\sdk\10.0.101\Sdks\Microsoft.NET.Sdk\targets\Microsoft.PackageDependencyResolution.targets(80,5): message :       _HandlePackageFileConflicts;
       C:\Program Files\dotnet\sdk\10.0.101\Sdks\Microsoft.NET.Sdk\targets\Microsoft.PackageDependencyResolution.targets(80,5): message :     " (önceki değer: "
       C:\Program Files\dotnet\sdk\10.0.101\Sdks\Microsoft.NET.Sdk\targets\Microsoft.PackageDependencyResolution.targets(80,5): message :       ResolveProjectReferences;
       C:\Program Files\dotnet\sdk\10.0.101\Sdks\Microsoft.NET.Sdk\targets\Microsoft.PackageDependencyResolution.targets(80,5): message :       FindInvalidProjectReferences;
       C:\Program Files\dotnet\sdk\10.0.101\Sdks\Microsoft.NET.Sdk\targets\Microsoft.PackageDependencyResolution.targets(80,5): message :       GetFrameworkPaths;
       C:\Program Files\dotnet\sdk\10.0.101\Sdks\Microsoft.NET.Sdk\targets\Microsoft.PackageDependencyResolution.targets(80,5): message :       GetReferenceAssemblyPaths;
       C:\Program Files\dotnet\sdk\10.0.101\Sdks\Microsoft.NET.Sdk\targets\Microsoft.PackageDependencyResolution.targets(80,5): message :       PrepareForBuild;
       C:\Program Files\dotnet\sdk\10.0.101\Sdks\Microsoft.NET.Sdk\targets\Microsoft.PackageDependencyResolution.targets(80,5): message :       ResolveSDKReferences;
       C:\Program Files\dotnet\sdk\10.0.101\Sdks\Microsoft.NET.Sdk\targets\Microsoft.PackageDependencyResolution.targets(80,5): message :       ExpandSDKReferences;
       C:\Program Files\dotnet\sdk\10.0.101\Sdks\Microsoft.NET.Sdk\targets\Microsoft.PackageDependencyResolution.targets(80,5): message :     ") konum: C:\Program Files\dotnet\sdk\10.0.101\Sdks\Microsoft.NET.Sdk\targets\Microsoft.PackageDependencyResolution.targets (80,5)
       C:\Program Files\dotnet\sdk\10.0.101\Sdks\Microsoft.NET.Sdk\targets\Microsoft.PackageDependencyResolution.targets(86,5): message : Özellik yeniden ataması: $(PrepareResourcesDependsOn)="
       C:\Program Files\dotnet\sdk\10.0.101\Sdks\Microsoft.NET.Sdk\targets\Microsoft.PackageDependencyResolution.targets(86,5): message :       ResolvePackageDependenciesForBuild;
       C:\Program Files\dotnet\sdk\10.0.101\Sdks\Microsoft.NET.Sdk\targets\Microsoft.PackageDependencyResolution.targets(86,5): message :       _HandlePackageFileConflicts;
       C:\Program Files\dotnet\sdk\10.0.101\Sdks\Microsoft.NET.Sdk\targets\Microsoft.PackageDependencyResolution.targets(86,5): message :       
       C:\Program Files\dotnet\sdk\10.0.101\Sdks\Microsoft.NET.Sdk\targets\Microsoft.PackageDependencyResolution.targets(86,5): message :       ;
       C:\Program Files\dotnet\sdk\10.0.101\Sdks\Microsoft.NET.Sdk\targets\Microsoft.PackageDependencyResolution.targets(86,5): message :       PrepareResourceNames;
       C:\Program Files\dotnet\sdk\10.0.101\Sdks\Microsoft.NET.Sdk\targets\Microsoft.PackageDependencyResolution.targets(86,5): message :       ResGen;
       C:\Program Files\dotnet\sdk\10.0.101\Sdks\Microsoft.NET.Sdk\targets\Microsoft.PackageDependencyResolution.targets(86,5): message :       CompileLicxFiles
       C:\Program Files\dotnet\sdk\10.0.101\Sdks\Microsoft.NET.Sdk\targets\Microsoft.PackageDependencyResolution.targets(86,5): message :     
       C:\Program Files\dotnet\sdk\10.0.101\Sdks\Microsoft.NET.Sdk\targets\Microsoft.PackageDependencyResolution.targets(86,5): message :     " (önceki değer: "
       C:\Program Files\dotnet\sdk\10.0.101\Sdks\Microsoft.NET.Sdk\targets\Microsoft.PackageDependencyResolution.targets(86,5): message :       ;
       C:\Program Files\dotnet\sdk\10.0.101\Sdks\Microsoft.NET.Sdk\targets\Microsoft.PackageDependencyResolution.targets(86,5): message :       PrepareResourceNames;
       C:\Program Files\dotnet\sdk\10.0.101\Sdks\Microsoft.NET.Sdk\targets\Microsoft.PackageDependencyResolution.targets(86,5): message :       ResGen;
       C:\Program Files\dotnet\sdk\10.0.101\Sdks\Microsoft.NET.Sdk\targets\Microsoft.PackageDependencyResolution.targets(86,5): message :       CompileLicxFiles
       C:\Program Files\dotnet\sdk\10.0.101\Sdks\Microsoft.NET.Sdk\targets\Microsoft.PackageDependencyResolution.targets(86,5): message :     ") konum: C:\Program Files\dotnet\sdk\10.0.101\Sdks\Microsoft.NET.Sdk\targets\Microsoft.PackageDependencyResolution.targets (86,5)
       "EnableDefaultCompileItems" özelliği genel bir özelliktir ve değiştirilemez.
       "EnableDefaultEmbeddedResourceItems" özelliği genel bir özelliktir ve değiştirilemez.
       "EnableDefaultNoneItems" özelliği genel bir özelliktir ve değiştirilemez.
       C:\Program Files\dotnet\sdk\10.0.101\Sdks\Microsoft.NET.Sdk\targets\Microsoft.NET.Sdk.DefaultItems.targets(35,5): message : Özellik yeniden ataması: $(DefaultItemExcludes)=";bin\Debug\/**;obj\Debug\/**;bin\/**" (önceki değer: ";bin\Debug\/**;obj\Debug\/**") konum: C:\Program Files\dotnet\sdk\10.0.101\Sdks\Microsoft.NET.Sdk\targets\Microsoft.NET.Sdk.DefaultItems.targets (35,5)
       C:\Program Files\dotnet\sdk\10.0.101\Sdks\Microsoft.NET.Sdk\targets\Microsoft.NET.Sdk.DefaultItems.targets(37,5): message : Özellik yeniden ataması: $(DefaultItemExcludes)=";bin\Debug\/**;obj\Debug\/**;bin\/**;obj\/**" (önceki değer: ";bin\Debug\/**;obj\Debug\/**;bin\/**") konum: C:\Program Files\dotnet\sdk\10.0.101\Sdks\Microsoft.NET.Sdk\targets\Microsoft.NET.Sdk.DefaultItems.targets (37,5)
       C:\Program Files\dotnet\sdk\10.0.101\Sdks\Microsoft.NET.Sdk\targets\Microsoft.NET.Sdk.DefaultItems.targets(40,5): message : Özellik yeniden ataması: $(DefaultItemExcludes)=";bin\Debug\/**;obj\Debug\/**;bin\/**;obj\/**;**/*.user" (önceki değer: ";bin\Debug\/**;obj\Debug\/**;bin\/**;obj\/**") konum: C:\Program Files\dotnet\sdk\10.0.101\Sdks\Microsoft.NET.Sdk\targets\Microsoft.NET.Sdk.DefaultItems.targets (40,5)
       C:\Program Files\dotnet\sdk\10.0.101\Sdks\Microsoft.NET.Sdk\targets\Microsoft.NET.Sdk.DefaultItems.targets(41,5): message : Özellik yeniden ataması: $(DefaultItemExcludes)=";bin\Debug\/**;obj\Debug\/**;bin\/**;obj\/**;**/*.user;**/*.*proj" (önceki değer: ";bin\Debug\/**;obj\Debug\/**;bin\/**;obj\/**;**/*.user") konum: C:\Program Files\dotnet\sdk\10.0.101\Sdks\Microsoft.NET.Sdk\targets\Microsoft.NET.Sdk.DefaultItems.targets (41,5)
       C:\Program Files\dotnet\sdk\10.0.101\Sdks\Microsoft.NET.Sdk\targets\Microsoft.NET.Sdk.DefaultItems.targets(42,5): message : Özellik yeniden ataması: $(DefaultItemExcludes)=";bin\Debug\/**;obj\Debug\/**;bin\/**;obj\/**;**/*.user;**/*.*proj;**/*.sln" (önceki değer: ";bin\Debug\/**;obj\Debug\/**;bin\/**;obj\/**;**/*.user;**/*.*proj") konum: C:\Program Files\dotnet\sdk\10.0.101\Sdks\Microsoft.NET.Sdk\targets\Microsoft.NET.Sdk.DefaultItems.targets (42,5)
       C:\Program Files\dotnet\sdk\10.0.101\Sdks\Microsoft.NET.Sdk\targets\Microsoft.NET.Sdk.DefaultItems.targets(43,5): message : Özellik yeniden ataması: $(DefaultItemExcludes)=";bin\Debug\/**;obj\Debug\/**;bin\/**;obj\/**;**/*.user;**/*.*proj;**/*.sln;**/*.slnx" (önceki değer: ";bin\Debug\/**;obj\Debug\/**;bin\/**;obj\/**;**/*.user;**/*.*proj;**/*.sln") konum: C:\Program Files\dotnet\sdk\10.0.101\Sdks\Microsoft.NET.Sdk\targets\Microsoft.NET.Sdk.DefaultItems.targets (43,5)
       C:\Program Files\dotnet\sdk\10.0.101\Sdks\Microsoft.NET.Sdk\targets\Microsoft.NET.Sdk.DefaultItems.targets(44,5): message : Özellik yeniden ataması: $(DefaultItemExcludes)=";bin\Debug\/**;obj\Debug\/**;bin\/**;obj\/**;**/*.user;**/*.*proj;**/*.sln;**/*.slnx;**/*.vssscc" (önceki değer: ";bin\Debug\/**;obj\Debug\/**;bin\/**;obj\/**;**/*.user;**/*.*proj;**/*.sln;**/*.slnx") konum: C:\Program Files\dotnet\sdk\10.0.101\Sdks\Microsoft.NET.Sdk\targets\Microsoft.NET.Sdk.DefaultItems.targets (44,5)
       C:\Program Files\dotnet\sdk\10.0.101\Sdks\Microsoft.NET.Sdk\targets\Microsoft.NET.Sdk.DefaultItems.targets(45,5): message : Özellik yeniden ataması: $(DefaultItemExcludes)=";bin\Debug\/**;obj\Debug\/**;bin\/**;obj\/**;**/*.user;**/*.*proj;**/*.sln;**/*.slnx;**/*.vssscc;**/.DS_Store" (önceki değer: ";bin\Debug\/**;obj\Debug\/**;bin\/**;obj\/**;**/*.user;**/*.*proj;**/*.sln;**/*.slnx;**/*.vssscc") konum: C:\Program Files\dotnet\sdk\10.0.101\Sdks\Microsoft.NET.Sdk\targets\Microsoft.NET.Sdk.DefaultItems.targets (45,5)
       C:\Program Files\dotnet\sdk\10.0.101\Sdks\Microsoft.NET.Sdk\targets\Microsoft.NET.Sdk.FrameworkReferenceResolution.targets(14,5): message : Özellik yeniden ataması: $(ResolveAssemblyReferencesDependsOn)="
       C:\Program Files\dotnet\sdk\10.0.101\Sdks\Microsoft.NET.Sdk\targets\Microsoft.NET.Sdk.FrameworkReferenceResolution.targets(14,5): message :       
       C:\Program Files\dotnet\sdk\10.0.101\Sdks\Microsoft.NET.Sdk\targets\Microsoft.NET.Sdk.FrameworkReferenceResolution.targets(14,5): message :       
       C:\Program Files\dotnet\sdk\10.0.101\Sdks\Microsoft.NET.Sdk\targets\Microsoft.NET.Sdk.FrameworkReferenceResolution.targets(14,5): message :       ResolveProjectReferences;
       C:\Program Files\dotnet\sdk\10.0.101\Sdks\Microsoft.NET.Sdk\targets\Microsoft.NET.Sdk.FrameworkReferenceResolution.targets(14,5): message :       FindInvalidProjectReferences;
       C:\Program Files\dotnet\sdk\10.0.101\Sdks\Microsoft.NET.Sdk\targets\Microsoft.NET.Sdk.FrameworkReferenceResolution.targets(14,5): message :       GetFrameworkPaths;
       C:\Program Files\dotnet\sdk\10.0.101\Sdks\Microsoft.NET.Sdk\targets\Microsoft.NET.Sdk.FrameworkReferenceResolution.targets(14,5): message :       GetReferenceAssemblyPaths;
       C:\Program Files\dotnet\sdk\10.0.101\Sdks\Microsoft.NET.Sdk\targets\Microsoft.NET.Sdk.FrameworkReferenceResolution.targets(14,5): message :       PrepareForBuild;
       C:\Program Files\dotnet\sdk\10.0.101\Sdks\Microsoft.NET.Sdk\targets\Microsoft.NET.Sdk.FrameworkReferenceResolution.targets(14,5): message :       ResolveSDKReferences;
       C:\Program Files\dotnet\sdk\10.0.101\Sdks\Microsoft.NET.Sdk\targets\Microsoft.NET.Sdk.FrameworkReferenceResolution.targets(14,5): message :       ExpandSDKReferences;
       C:\Program Files\dotnet\sdk\10.0.101\Sdks\Microsoft.NET.Sdk\targets\Microsoft.NET.Sdk.FrameworkReferenceResolution.targets(14,5): message :     ;
       C:\Program Files\dotnet\sdk\10.0.101\Sdks\Microsoft.NET.Sdk\targets\Microsoft.NET.Sdk.FrameworkReferenceResolution.targets(14,5): message :       ResolvePackageDependenciesForBuild;
       C:\Program Files\dotnet\sdk\10.0.101\Sdks\Microsoft.NET.Sdk\targets\Microsoft.NET.Sdk.FrameworkReferenceResolution.targets(14,5): message :       _HandlePackageFileConflicts;
       C:\Program Files\dotnet\sdk\10.0.101\Sdks\Microsoft.NET.Sdk\targets\Microsoft.NET.Sdk.FrameworkReferenceResolution.targets(14,5): message :     ;
       C:\Program Files\dotnet\sdk\10.0.101\Sdks\Microsoft.NET.Sdk\targets\Microsoft.NET.Sdk.FrameworkReferenceResolution.targets(14,5): message :       ResolveTargetingPackAssets;
       C:\Program Files\dotnet\sdk\10.0.101\Sdks\Microsoft.NET.Sdk\targets\Microsoft.NET.Sdk.FrameworkReferenceResolution.targets(14,5): message :     " (önceki değer: "
       C:\Program Files\dotnet\sdk\10.0.101\Sdks\Microsoft.NET.Sdk\targets\Microsoft.NET.Sdk.FrameworkReferenceResolution.targets(14,5): message :       
       C:\Program Files\dotnet\sdk\10.0.101\Sdks\Microsoft.NET.Sdk\targets\Microsoft.NET.Sdk.FrameworkReferenceResolution.targets(14,5): message :       ResolveProjectReferences;
       C:\Program Files\dotnet\sdk\10.0.101\Sdks\Microsoft.NET.Sdk\targets\Microsoft.NET.Sdk.FrameworkReferenceResolution.targets(14,5): message :       FindInvalidProjectReferences;
       C:\Program Files\dotnet\sdk\10.0.101\Sdks\Microsoft.NET.Sdk\targets\Microsoft.NET.Sdk.FrameworkReferenceResolution.targets(14,5): message :       GetFrameworkPaths;
       C:\Program Files\dotnet\sdk\10.0.101\Sdks\Microsoft.NET.Sdk\targets\Microsoft.NET.Sdk.FrameworkReferenceResolution.targets(14,5): message :       GetReferenceAssemblyPaths;
       C:\Program Files\dotnet\sdk\10.0.101\Sdks\Microsoft.NET.Sdk\targets\Microsoft.NET.Sdk.FrameworkReferenceResolution.targets(14,5): message :       PrepareForBuild;
       C:\Program Files\dotnet\sdk\10.0.101\Sdks\Microsoft.NET.Sdk\targets\Microsoft.NET.Sdk.FrameworkReferenceResolution.targets(14,5): message :       ResolveSDKReferences;
       C:\Program Files\dotnet\sdk\10.0.101\Sdks\Microsoft.NET.Sdk\targets\Microsoft.NET.Sdk.FrameworkReferenceResolution.targets(14,5): message :       ExpandSDKReferences;
       C:\Program Files\dotnet\sdk\10.0.101\Sdks\Microsoft.NET.Sdk\targets\Microsoft.NET.Sdk.FrameworkReferenceResolution.targets(14,5): message :     ;
       C:\Program Files\dotnet\sdk\10.0.101\Sdks\Microsoft.NET.Sdk\targets\Microsoft.NET.Sdk.FrameworkReferenceResolution.targets(14,5): message :       ResolvePackageDependenciesForBuild;
       C:\Program Files\dotnet\sdk\10.0.101\Sdks\Microsoft.NET.Sdk\targets\Microsoft.NET.Sdk.FrameworkReferenceResolution.targets(14,5): message :       _HandlePackageFileConflicts;
       C:\Program Files\dotnet\sdk\10.0.101\Sdks\Microsoft.NET.Sdk\targets\Microsoft.NET.Sdk.FrameworkReferenceResolution.targets(14,5): message :     ") konum: C:\Program Files\dotnet\sdk\10.0.101\Sdks\Microsoft.NET.Sdk\targets\Microsoft.NET.Sdk.FrameworkReferenceResolution.targets (14,5)
       C:\Program Files\dotnet\sdk\10.0.101\Sdks\Microsoft.NET.Sdk\targets\Microsoft.NET.Sdk.targets(44,5): message : Özellik yeniden ataması: $(_GenerateRuntimeConfigurationPropertyInputsCache)="C:\Users\Atakan\OneDrive\Documents\GitHub\tokenizer-filter-machine\TurkMorph\obj\Debug\net8.0-windows\TurkMorph.genruntimeconfig.cache" (önceki değer: "obj\Debug\net8.0-windows\TurkMorph.genruntimeconfig.cache") konum: C:\Program Files\dotnet\sdk\10.0.101\Sdks\Microsoft.NET.Sdk\targets\Microsoft.NET.Sdk.targets (44,5)
       C:\Program Files\dotnet\sdk\10.0.101\Sdks\Microsoft.NET.Sdk\targets\Microsoft.NET.Sdk.targets(46,5): message : Özellik yeniden ataması: $(_GeneratePublishDependencyFilePropertyInputsCache)="C:\Users\Atakan\OneDrive\Documents\GitHub\tokenizer-filter-machine\TurkMorph\obj\Debug\net8.0-windows\TurkMorph.genpublishdeps.cache" (önceki değer: "obj\Debug\net8.0-windows\TurkMorph.genpublishdeps.cache") konum: C:\Program Files\dotnet\sdk\10.0.101\Sdks\Microsoft.NET.Sdk\targets\Microsoft.NET.Sdk.targets (46,5)
       C:\Program Files\dotnet\sdk\10.0.101\Sdks\Microsoft.NET.Sdk\targets\Microsoft.NET.Sdk.targets(48,5): message : Özellik yeniden ataması: $(_GenerateSingleFileBundlePropertyInputsCache)="C:\Users\Atakan\OneDrive\Documents\GitHub\tokenizer-filter-machine\TurkMorph\obj\Debug\net8.0-windows\TurkMorph.genbundle.cache" (önceki değer: "obj\Debug\net8.0-windows\TurkMorph.genbundle.cache") konum: C:\Program Files\dotnet\sdk\10.0.101\Sdks\Microsoft.NET.Sdk\targets\Microsoft.NET.Sdk.targets (48,5)
       C:\Program Files\dotnet\sdk\10.0.101\Sdks\Microsoft.NET.Sdk\targets\Microsoft.NET.Sdk.targets(81,5): message : Özellik yeniden ataması: $(GenerateRuntimeConfigDevFile)="false" (önceki değer: "true") konum: C:\Program Files\dotnet\sdk\10.0.101\Sdks\Microsoft.NET.Sdk\targets\Microsoft.NET.Sdk.targets (81,5)
       C:\Program Files\dotnet\sdk\10.0.101\Sdks\Microsoft.NET.Sdk\targets\Microsoft.NET.Sdk.targets(98,5): message : 'C:\Users\Atakan' değerine sahip 'USERPROFILE' özelliği ortamdan genişletildi.
       C:\Program Files\dotnet\sdk\10.0.101\Sdks\Microsoft.NET.Sdk\targets\Microsoft.NET.Sdk.targets(98,5): message : Özellik yeniden ataması: $(_DefaultUserProfileRuntimeStorePath)="C:\Users\Atakan" (önceki değer: "") konum: C:\Program Files\dotnet\sdk\10.0.101\Sdks\Microsoft.NET.Sdk\targets\Microsoft.NET.Sdk.targets (98,5)
       C:\Program Files\dotnet\sdk\10.0.101\Sdks\Microsoft.NET.Sdk\targets\Microsoft.NET.Sdk.targets(99,5): message : Özellik yeniden ataması: $(_DefaultUserProfileRuntimeStorePath)="C:\Users\Atakan\.dotnet\store" (önceki değer: "C:\Users\Atakan") konum: C:\Program Files\dotnet\sdk\10.0.101\Sdks\Microsoft.NET.Sdk\targets\Microsoft.NET.Sdk.targets (99,5)
       C:\Program Files\dotnet\sdk\10.0.101\Sdks\Microsoft.NET.Sdk\targets\Microsoft.NET.Sdk.targets(144,5): message : Özellik yeniden ataması: $(AvailablePlatforms)="Any CPU,x86,x64,ARM32" (önceki değer: "Any CPU,x86,x64") konum: C:\Program Files\dotnet\sdk\10.0.101\Sdks\Microsoft.NET.Sdk\targets\Microsoft.NET.Sdk.targets (144,5)
       C:\Program Files\dotnet\sdk\10.0.101\Sdks\Microsoft.NET.Sdk\targets\Microsoft.NET.Sdk.targets(148,5): message : Özellik yeniden ataması: $(AvailablePlatforms)="Any CPU,x86,x64,ARM32,ARM64" (önceki değer: "Any CPU,x86,x64,ARM32") konum: C:\Program Files\dotnet\sdk\10.0.101\Sdks\Microsoft.NET.Sdk\targets\Microsoft.NET.Sdk.targets (148,5)
       C:\Program Files\dotnet\sdk\10.0.101\Sdks\Microsoft.NET.Sdk\targets\Microsoft.NET.Sdk.targets(204,5): message : Özellik yeniden ataması: $(CoreBuildDependsOn)="
       C:\Program Files\dotnet\sdk\10.0.101\Sdks\Microsoft.NET.Sdk\targets\Microsoft.NET.Sdk.targets(204,5): message :       _CheckForBuildWithNoBuild;
       C:\Program Files\dotnet\sdk\10.0.101\Sdks\Microsoft.NET.Sdk\targets\Microsoft.NET.Sdk.targets(204,5): message :       
       C:\Program Files\dotnet\sdk\10.0.101\Sdks\Microsoft.NET.Sdk\targets\Microsoft.NET.Sdk.targets(204,5): message :       BuildOnlySettings;
       C:\Program Files\dotnet\sdk\10.0.101\Sdks\Microsoft.NET.Sdk\targets\Microsoft.NET.Sdk.targets(204,5): message :       PrepareForBuild;
       C:\Program Files\dotnet\sdk\10.0.101\Sdks\Microsoft.NET.Sdk\targets\Microsoft.NET.Sdk.targets(204,5): message :       PreBuildEvent;
       C:\Program Files\dotnet\sdk\10.0.101\Sdks\Microsoft.NET.Sdk\targets\Microsoft.NET.Sdk.targets(204,5): message :       ResolveReferences;
       C:\Program Files\dotnet\sdk\10.0.101\Sdks\Microsoft.NET.Sdk\targets\Microsoft.NET.Sdk.targets(204,5): message :       PrepareResources;
       C:\Program Files\dotnet\sdk\10.0.101\Sdks\Microsoft.NET.Sdk\targets\Microsoft.NET.Sdk.targets(204,5): message :       ResolveKeySource;
       C:\Program Files\dotnet\sdk\10.0.101\Sdks\Microsoft.NET.Sdk\targets\Microsoft.NET.Sdk.targets(204,5): message :       Compile;
       C:\Program Files\dotnet\sdk\10.0.101\Sdks\Microsoft.NET.Sdk\targets\Microsoft.NET.Sdk.targets(204,5): message :       ExportWindowsMDFile;
       C:\Program Files\dotnet\sdk\10.0.101\Sdks\Microsoft.NET.Sdk\targets\Microsoft.NET.Sdk.targets(204,5): message :       UnmanagedUnregistration;
       C:\Program Files\dotnet\sdk\10.0.101\Sdks\Microsoft.NET.Sdk\targets\Microsoft.NET.Sdk.targets(204,5): message :       GenerateSerializationAssemblies;
       C:\Program Files\dotnet\sdk\10.0.101\Sdks\Microsoft.NET.Sdk\targets\Microsoft.NET.Sdk.targets(204,5): message :       CreateSatelliteAssemblies;
       C:\Program Files\dotnet\sdk\10.0.101\Sdks\Microsoft.NET.Sdk\targets\Microsoft.NET.Sdk.targets(204,5): message :       GenerateManifests;
       C:\Program Files\dotnet\sdk\10.0.101\Sdks\Microsoft.NET.Sdk\targets\Microsoft.NET.Sdk.targets(204,5): message :       GetTargetPath;
       C:\Program Files\dotnet\sdk\10.0.101\Sdks\Microsoft.NET.Sdk\targets\Microsoft.NET.Sdk.targets(204,5): message :       PrepareForRun;
       C:\Program Files\dotnet\sdk\10.0.101\Sdks\Microsoft.NET.Sdk\targets\Microsoft.NET.Sdk.targets(204,5): message :       UnmanagedRegistration;
       C:\Program Files\dotnet\sdk\10.0.101\Sdks\Microsoft.NET.Sdk\targets\Microsoft.NET.Sdk.targets(204,5): message :       IncrementalClean;
       C:\Program Files\dotnet\sdk\10.0.101\Sdks\Microsoft.NET.Sdk\targets\Microsoft.NET.Sdk.targets(204,5): message :       PostBuildEvent
       C:\Program Files\dotnet\sdk\10.0.101\Sdks\Microsoft.NET.Sdk\targets\Microsoft.NET.Sdk.targets(204,5): message :     ;
       C:\Program Files\dotnet\sdk\10.0.101\Sdks\Microsoft.NET.Sdk\targets\Microsoft.NET.Sdk.targets(204,5): message :       GenerateBuildDependencyFile;
       C:\Program Files\dotnet\sdk\10.0.101\Sdks\Microsoft.NET.Sdk\targets\Microsoft.NET.Sdk.targets(204,5): message :       GenerateBuildRuntimeConfigurationFiles
       C:\Program Files\dotnet\sdk\10.0.101\Sdks\Microsoft.NET.Sdk\targets\Microsoft.NET.Sdk.targets(204,5): message :     " (önceki değer: "
       C:\Program Files\dotnet\sdk\10.0.101\Sdks\Microsoft.NET.Sdk\targets\Microsoft.NET.Sdk.targets(204,5): message :       BuildOnlySettings;
       C:\Program Files\dotnet\sdk\10.0.101\Sdks\Microsoft.NET.Sdk\targets\Microsoft.NET.Sdk.targets(204,5): message :       PrepareForBuild;
       C:\Program Files\dotnet\sdk\10.0.101\Sdks\Microsoft.NET.Sdk\targets\Microsoft.NET.Sdk.targets(204,5): message :       PreBuildEvent;
       C:\Program Files\dotnet\sdk\10.0.101\Sdks\Microsoft.NET.Sdk\targets\Microsoft.NET.Sdk.targets(204,5): message :       ResolveReferences;
       C:\Program Files\dotnet\sdk\10.0.101\Sdks\Microsoft.NET.Sdk\targets\Microsoft.NET.Sdk.targets(204,5): message :       PrepareResources;
       C:\Program Files\dotnet\sdk\10.0.101\Sdks\Microsoft.NET.Sdk\targets\Microsoft.NET.Sdk.targets(204,5): message :       ResolveKeySource;
       C:\Program Files\dotnet\sdk\10.0.101\Sdks\Microsoft.NET.Sdk\targets\Microsoft.NET.Sdk.targets(204,5): message :       Compile;
       C:\Program Files\dotnet\sdk\10.0.101\Sdks\Microsoft.NET.Sdk\targets\Microsoft.NET.Sdk.targets(204,5): message :       ExportWindowsMDFile;
       C:\Program Files\dotnet\sdk\10.0.101\Sdks\Microsoft.NET.Sdk\targets\Microsoft.NET.Sdk.targets(204,5): message :       UnmanagedUnregistration;
       C:\Program Files\dotnet\sdk\10.0.101\Sdks\Microsoft.NET.Sdk\targets\Microsoft.NET.Sdk.targets(204,5): message :       GenerateSerializationAssemblies;
       C:\Program Files\dotnet\sdk\10.0.101\Sdks\Microsoft.NET.Sdk\targets\Microsoft.NET.Sdk.targets(204,5): message :       CreateSatelliteAssemblies;
       C:\Program Files\dotnet\sdk\10.0.101\Sdks\Microsoft.NET.Sdk\targets\Microsoft.NET.Sdk.targets(204,5): message :       GenerateManifests;
       C:\Program Files\dotnet\sdk\10.0.101\Sdks\Microsoft.NET.Sdk\targets\Microsoft.NET.Sdk.targets(204,5): message :       GetTargetPath;
       C:\Program Files\dotnet\sdk\10.0.101\Sdks\Microsoft.NET.Sdk\targets\Microsoft.NET.Sdk.targets(204,5): message :       PrepareForRun;
       C:\Program Files\dotnet\sdk\10.0.101\Sdks\Microsoft.NET.Sdk\targets\Microsoft.NET.Sdk.targets(204,5): message :       UnmanagedRegistration;
       C:\Program Files\dotnet\sdk\10.0.101\Sdks\Microsoft.NET.Sdk\targets\Microsoft.NET.Sdk.targets(204,5): message :       IncrementalClean;
       C:\Program Files\dotnet\sdk\10.0.101\Sdks\Microsoft.NET.Sdk\targets\Microsoft.NET.Sdk.targets(204,5): message :       PostBuildEvent
       C:\Program Files\dotnet\sdk\10.0.101\Sdks\Microsoft.NET.Sdk\targets\Microsoft.NET.Sdk.targets(204,5): message :     ") konum: C:\Program Files\dotnet\sdk\10.0.101\Sdks\Microsoft.NET.Sdk\targets\Microsoft.NET.Sdk.targets (204,5)
       C:\Program Files\dotnet\sdk\10.0.101\Sdks\Microsoft.NET.Sdk\targets\Microsoft.NET.Sdk.targets(213,5): message : Özellik yeniden ataması: $(CoreCleanDependsOn)="
       C:\Program Files\dotnet\sdk\10.0.101\Sdks\Microsoft.NET.Sdk\targets\Microsoft.NET.Sdk.targets(213,5): message :       _SdkBeforeClean;
       C:\Program Files\dotnet\sdk\10.0.101\Sdks\Microsoft.NET.Sdk\targets\Microsoft.NET.Sdk.targets(213,5): message :       
       C:\Program Files\dotnet\sdk\10.0.101\Sdks\Microsoft.NET.Sdk\targets\Microsoft.NET.Sdk.targets(213,5): message :     " (önceki değer: "") konum: C:\Program Files\dotnet\sdk\10.0.101\Sdks\Microsoft.NET.Sdk\targets\Microsoft.NET.Sdk.targets (213,5)
       C:\Program Files\dotnet\sdk\10.0.101\Sdks\Microsoft.NET.Sdk\targets\Microsoft.NET.Sdk.targets(220,5): message : Özellik yeniden ataması: $(RebuildDependsOn)="
       C:\Program Files\dotnet\sdk\10.0.101\Sdks\Microsoft.NET.Sdk\targets\Microsoft.NET.Sdk.targets(220,5): message :       _SdkBeforeRebuild;
       C:\Program Files\dotnet\sdk\10.0.101\Sdks\Microsoft.NET.Sdk\targets\Microsoft.NET.Sdk.targets(220,5): message :       
       C:\Program Files\dotnet\sdk\10.0.101\Sdks\Microsoft.NET.Sdk\targets\Microsoft.NET.Sdk.targets(220,5): message :       BeforeRebuild;
       C:\Program Files\dotnet\sdk\10.0.101\Sdks\Microsoft.NET.Sdk\targets\Microsoft.NET.Sdk.targets(220,5): message :       Clean;
       C:\Program Files\dotnet\sdk\10.0.101\Sdks\Microsoft.NET.Sdk\targets\Microsoft.NET.Sdk.targets(220,5): message :       Build;
       C:\Program Files\dotnet\sdk\10.0.101\Sdks\Microsoft.NET.Sdk\targets\Microsoft.NET.Sdk.targets(220,5): message :       AfterRebuild;
       C:\Program Files\dotnet\sdk\10.0.101\Sdks\Microsoft.NET.Sdk\targets\Microsoft.NET.Sdk.targets(220,5): message :     
       C:\Program Files\dotnet\sdk\10.0.101\Sdks\Microsoft.NET.Sdk\targets\Microsoft.NET.Sdk.targets(220,5): message :     " (önceki değer: "
       C:\Program Files\dotnet\sdk\10.0.101\Sdks\Microsoft.NET.Sdk\targets\Microsoft.NET.Sdk.targets(220,5): message :       BeforeRebuild;
       C:\Program Files\dotnet\sdk\10.0.101\Sdks\Microsoft.NET.Sdk\targets\Microsoft.NET.Sdk.targets(220,5): message :       Clean;
       C:\Program Files\dotnet\sdk\10.0.101\Sdks\Microsoft.NET.Sdk\targets\Microsoft.NET.Sdk.targets(220,5): message :       Build;
       C:\Program Files\dotnet\sdk\10.0.101\Sdks\Microsoft.NET.Sdk\targets\Microsoft.NET.Sdk.targets(220,5): message :       AfterRebuild;
       C:\Program Files\dotnet\sdk\10.0.101\Sdks\Microsoft.NET.Sdk\targets\Microsoft.NET.Sdk.targets(220,5): message :     ") konum: C:\Program Files\dotnet\sdk\10.0.101\Sdks\Microsoft.NET.Sdk\targets\Microsoft.NET.Sdk.targets (220,5)
       C:\Program Files\dotnet\sdk\10.0.101\Sdks\Microsoft.NET.Sdk\targets\Microsoft.NET.Sdk.targets(799,5): message : Özellik yeniden ataması: $(CompileDependsOn)="
       C:\Program Files\dotnet\sdk\10.0.101\Sdks\Microsoft.NET.Sdk\targets\Microsoft.NET.Sdk.targets(799,5): message :       
       C:\Program Files\dotnet\sdk\10.0.101\Sdks\Microsoft.NET.Sdk\targets\Microsoft.NET.Sdk.targets(799,5): message :       ResolveReferences;
       C:\Program Files\dotnet\sdk\10.0.101\Sdks\Microsoft.NET.Sdk\targets\Microsoft.NET.Sdk.targets(799,5): message :       ResolveKeySource;
       C:\Program Files\dotnet\sdk\10.0.101\Sdks\Microsoft.NET.Sdk\targets\Microsoft.NET.Sdk.targets(799,5): message :       SetWin32ManifestProperties;
       C:\Program Files\dotnet\sdk\10.0.101\Sdks\Microsoft.NET.Sdk\targets\Microsoft.NET.Sdk.targets(799,5): message :       _SetPreferNativeArm64Win32ManifestProperties;
       C:\Program Files\dotnet\sdk\10.0.101\Sdks\Microsoft.NET.Sdk\targets\Microsoft.NET.Sdk.targets(799,5): message :       FindReferenceAssembliesForReferences;
       C:\Program Files\dotnet\sdk\10.0.101\Sdks\Microsoft.NET.Sdk\targets\Microsoft.NET.Sdk.targets(799,5): message :       _GenerateCompileInputs;
       C:\Program Files\dotnet\sdk\10.0.101\Sdks\Microsoft.NET.Sdk\targets\Microsoft.NET.Sdk.targets(799,5): message :       BeforeCompile;
       C:\Program Files\dotnet\sdk\10.0.101\Sdks\Microsoft.NET.Sdk\targets\Microsoft.NET.Sdk.targets(799,5): message :       _TimeStampBeforeCompile;
       C:\Program Files\dotnet\sdk\10.0.101\Sdks\Microsoft.NET.Sdk\targets\Microsoft.NET.Sdk.targets(799,5): message :       _GenerateCompileDependencyCache;
       C:\Program Files\dotnet\sdk\10.0.101\Sdks\Microsoft.NET.Sdk\targets\Microsoft.NET.Sdk.targets(799,5): message :       CoreCompile;
       C:\Program Files\dotnet\sdk\10.0.101\Sdks\Microsoft.NET.Sdk\targets\Microsoft.NET.Sdk.targets(799,5): message :       _TimeStampAfterCompile;
       C:\Program Files\dotnet\sdk\10.0.101\Sdks\Microsoft.NET.Sdk\targets\Microsoft.NET.Sdk.targets(799,5): message :       AfterCompile;
       C:\Program Files\dotnet\sdk\10.0.101\Sdks\Microsoft.NET.Sdk\targets\Microsoft.NET.Sdk.targets(799,5): message :     ;
       C:\Program Files\dotnet\sdk\10.0.101\Sdks\Microsoft.NET.Sdk\targets\Microsoft.NET.Sdk.targets(799,5): message :       _CreateAppHost;
       C:\Program Files\dotnet\sdk\10.0.101\Sdks\Microsoft.NET.Sdk\targets\Microsoft.NET.Sdk.targets(799,5): message :       _CreateComHost;
       C:\Program Files\dotnet\sdk\10.0.101\Sdks\Microsoft.NET.Sdk\targets\Microsoft.NET.Sdk.targets(799,5): message :       _GetIjwHostPaths;
       C:\Program Files\dotnet\sdk\10.0.101\Sdks\Microsoft.NET.Sdk\targets\Microsoft.NET.Sdk.targets(799,5): message :     " (önceki değer: "
       C:\Program Files\dotnet\sdk\10.0.101\Sdks\Microsoft.NET.Sdk\targets\Microsoft.NET.Sdk.targets(799,5): message :       ResolveReferences;
       C:\Program Files\dotnet\sdk\10.0.101\Sdks\Microsoft.NET.Sdk\targets\Microsoft.NET.Sdk.targets(799,5): message :       ResolveKeySource;
       C:\Program Files\dotnet\sdk\10.0.101\Sdks\Microsoft.NET.Sdk\targets\Microsoft.NET.Sdk.targets(799,5): message :       SetWin32ManifestProperties;
       C:\Program Files\dotnet\sdk\10.0.101\Sdks\Microsoft.NET.Sdk\targets\Microsoft.NET.Sdk.targets(799,5): message :       _SetPreferNativeArm64Win32ManifestProperties;
       C:\Program Files\dotnet\sdk\10.0.101\Sdks\Microsoft.NET.Sdk\targets\Microsoft.NET.Sdk.targets(799,5): message :       FindReferenceAssembliesForReferences;
       C:\Program Files\dotnet\sdk\10.0.101\Sdks\Microsoft.NET.Sdk\targets\Microsoft.NET.Sdk.targets(799,5): message :       _GenerateCompileInputs;
       C:\Program Files\dotnet\sdk\10.0.101\Sdks\Microsoft.NET.Sdk\targets\Microsoft.NET.Sdk.targets(799,5): message :       BeforeCompile;
       C:\Program Files\dotnet\sdk\10.0.101\Sdks\Microsoft.NET.Sdk\targets\Microsoft.NET.Sdk.targets(799,5): message :       _TimeStampBeforeCompile;
       C:\Program Files\dotnet\sdk\10.0.101\Sdks\Microsoft.NET.Sdk\targets\Microsoft.NET.Sdk.targets(799,5): message :       _GenerateCompileDependencyCache;
       C:\Program Files\dotnet\sdk\10.0.101\Sdks\Microsoft.NET.Sdk\targets\Microsoft.NET.Sdk.targets(799,5): message :       CoreCompile;
       C:\Program Files\dotnet\sdk\10.0.101\Sdks\Microsoft.NET.Sdk\targets\Microsoft.NET.Sdk.targets(799,5): message :       _TimeStampAfterCompile;
       C:\Program Files\dotnet\sdk\10.0.101\Sdks\Microsoft.NET.Sdk\targets\Microsoft.NET.Sdk.targets(799,5): message :       AfterCompile;
       C:\Program Files\dotnet\sdk\10.0.101\Sdks\Microsoft.NET.Sdk\targets\Microsoft.NET.Sdk.targets(799,5): message :     ") konum: C:\Program Files\dotnet\sdk\10.0.101\Sdks\Microsoft.NET.Sdk\targets\Microsoft.NET.Sdk.targets (799,5)
       C:\Program Files\dotnet\sdk\10.0.101\Sdks\Microsoft.NET.Sdk\targets\Microsoft.NET.Sdk.targets(1131,5): message : Özellik yeniden ataması: $(CreateSatelliteAssembliesDependsOn)="
       C:\Program Files\dotnet\sdk\10.0.101\Sdks\Microsoft.NET.Sdk\targets\Microsoft.NET.Sdk.targets(1131,5): message :       
       C:\Program Files\dotnet\sdk\10.0.101\Sdks\Microsoft.NET.Sdk\targets\Microsoft.NET.Sdk.targets(1131,5): message :       ;
       C:\Program Files\dotnet\sdk\10.0.101\Sdks\Microsoft.NET.Sdk\targets\Microsoft.NET.Sdk.targets(1131,5): message :       _GenerateSatelliteAssemblyInputs;
       C:\Program Files\dotnet\sdk\10.0.101\Sdks\Microsoft.NET.Sdk\targets\Microsoft.NET.Sdk.targets(1131,5): message :       ComputeIntermediateSatelliteAssemblies;
       C:\Program Files\dotnet\sdk\10.0.101\Sdks\Microsoft.NET.Sdk\targets\Microsoft.NET.Sdk.targets(1131,5): message :       GenerateSatelliteAssemblies
       C:\Program Files\dotnet\sdk\10.0.101\Sdks\Microsoft.NET.Sdk\targets\Microsoft.NET.Sdk.targets(1131,5): message :     ;
       C:\Program Files\dotnet\sdk\10.0.101\Sdks\Microsoft.NET.Sdk\targets\Microsoft.NET.Sdk.targets(1131,5): message :       CoreGenerateSatelliteAssemblies
       C:\Program Files\dotnet\sdk\10.0.101\Sdks\Microsoft.NET.Sdk\targets\Microsoft.NET.Sdk.targets(1131,5): message :     " (önceki değer: "
       C:\Program Files\dotnet\sdk\10.0.101\Sdks\Microsoft.NET.Sdk\targets\Microsoft.NET.Sdk.targets(1131,5): message :       ;
       C:\Program Files\dotnet\sdk\10.0.101\Sdks\Microsoft.NET.Sdk\targets\Microsoft.NET.Sdk.targets(1131,5): message :       _GenerateSatelliteAssemblyInputs;
       C:\Program Files\dotnet\sdk\10.0.101\Sdks\Microsoft.NET.Sdk\targets\Microsoft.NET.Sdk.targets(1131,5): message :       ComputeIntermediateSatelliteAssemblies;
       C:\Program Files\dotnet\sdk\10.0.101\Sdks\Microsoft.NET.Sdk\targets\Microsoft.NET.Sdk.targets(1131,5): message :       GenerateSatelliteAssemblies
       C:\Program Files\dotnet\sdk\10.0.101\Sdks\Microsoft.NET.Sdk\targets\Microsoft.NET.Sdk.targets(1131,5): message :     ") konum: C:\Program Files\dotnet\sdk\10.0.101\Sdks\Microsoft.NET.Sdk\targets\Microsoft.NET.Sdk.targets (1131,5)
       C:\Program Files\dotnet\sdk\10.0.101\Sdks\Microsoft.SourceLink.GitLab\build\Microsoft.SourceLink.GitLab.targets(12,5): message : Özellik yeniden ataması: $(SourceLinkUrlInitializerTargets)=";_InitializeGitHubSourceLinkUrl;_InitializeGitLabSourceLinkUrl" (önceki değer: ";_InitializeGitHubSourceLinkUrl") konum: C:\Program Files\dotnet\sdk\10.0.101\Sdks\Microsoft.SourceLink.GitLab\build\Microsoft.SourceLink.GitLab.targets (12,5)
       C:\Program Files\dotnet\sdk\10.0.101\Sdks\Microsoft.SourceLink.GitLab\build\Microsoft.SourceLink.GitLab.targets(13,5): message : Özellik yeniden ataması: $(SourceControlManagerUrlTranslationTargets)=";TranslateGitHubUrlsInSourceControlInformation;TranslateGitLabUrlsInSourceControlInformation" (önceki değer: ";TranslateGitHubUrlsInSourceControlInformation") konum: C:\Program Files\dotnet\sdk\10.0.101\Sdks\Microsoft.SourceLink.GitLab\build\Microsoft.SourceLink.GitLab.targets (13,5)
       C:\Program Files\dotnet\sdk\10.0.101\Sdks\Microsoft.SourceLink.AzureRepos.Git\build\Microsoft.SourceLink.AzureRepos.Git.targets(12,5): message : Özellik yeniden ataması: $(SourceLinkUrlInitializerTargets)=";_InitializeGitHubSourceLinkUrl;_InitializeGitLabSourceLinkUrl;_InitializeAzureReposGitSourceLinkUrl" (önceki değer: ";_InitializeGitHubSourceLinkUrl;_InitializeGitLabSourceLinkUrl") konum: C:\Program Files\dotnet\sdk\10.0.101\Sdks\Microsoft.SourceLink.AzureRepos.Git\build\Microsoft.SourceLink.AzureRepos.Git.targets (12,5)
       C:\Program Files\dotnet\sdk\10.0.101\Sdks\Microsoft.SourceLink.AzureRepos.Git\build\Microsoft.SourceLink.AzureRepos.Git.targets(13,5): message : Özellik yeniden ataması: $(SourceControlManagerUrlTranslationTargets)=";TranslateGitHubUrlsInSourceControlInformation;TranslateGitLabUrlsInSourceControlInformation;TranslateAzureReposGitUrlsInSourceControlInformation" (önceki değer: ";TranslateGitHubUrlsInSourceControlInformation;TranslateGitLabUrlsInSourceControlInformation") konum: C:\Program Files\dotnet\sdk\10.0.101\Sdks\Microsoft.SourceLink.AzureRepos.Git\build\Microsoft.SourceLink.AzureRepos.Git.targets (13,5)
       C:\Program Files\dotnet\sdk\10.0.101\Sdks\Microsoft.SourceLink.Bitbucket.Git\build\Microsoft.SourceLink.Bitbucket.Git.targets(12,5): message : Özellik yeniden ataması: $(SourceLinkUrlInitializerTargets)=";_InitializeGitHubSourceLinkUrl;_InitializeGitLabSourceLinkUrl;_InitializeAzureReposGitSourceLinkUrl;_InitializeBitbucketGitSourceLinkUrl" (önceki değer: ";_InitializeGitHubSourceLinkUrl;_InitializeGitLabSourceLinkUrl;_InitializeAzureReposGitSourceLinkUrl") konum: C:\Program Files\dotnet\sdk\10.0.101\Sdks\Microsoft.SourceLink.Bitbucket.Git\build\Microsoft.SourceLink.Bitbucket.Git.targets (12,5)
       C:\Program Files\dotnet\sdk\10.0.101\Sdks\Microsoft.SourceLink.Bitbucket.Git\build\Microsoft.SourceLink.Bitbucket.Git.targets(13,5): message : Özellik yeniden ataması: $(SourceControlManagerUrlTranslationTargets)=";TranslateGitHubUrlsInSourceControlInformation;TranslateGitLabUrlsInSourceControlInformation;TranslateAzureReposGitUrlsInSourceControlInformation;TranslateBitbucketGitUrlsInSourceControlInformation" (önceki değer: ";TranslateGitHubUrlsInSourceControlInformation;TranslateGitLabUrlsInSourceControlInformation;TranslateAzureReposGitUrlsInSourceControlInformation") konum: C:\Program Files\dotnet\sdk\10.0.101\Sdks\Microsoft.SourceLink.Bitbucket.Git\build\Microsoft.SourceLink.Bitbucket.Git.targets (13,5)
       C:\Program Files\dotnet\sdk\10.0.101\Sdks\Microsoft.NET.Sdk\targets\Microsoft.NET.DesignerSupport.targets(21,5): message : Özellik yeniden ataması: $(DesignerRuntimeImplementationProjectOutputGroupDependsOn)="
       C:\Program Files\dotnet\sdk\10.0.101\Sdks\Microsoft.NET.Sdk\targets\Microsoft.NET.DesignerSupport.targets(21,5): message :       
       C:\Program Files\dotnet\sdk\10.0.101\Sdks\Microsoft.NET.Sdk\targets\Microsoft.NET.DesignerSupport.targets(21,5): message :       ;
       C:\Program Files\dotnet\sdk\10.0.101\Sdks\Microsoft.NET.Sdk\targets\Microsoft.NET.DesignerSupport.targets(21,5): message :       
       C:\Program Files\dotnet\sdk\10.0.101\Sdks\Microsoft.NET.Sdk\targets\Microsoft.NET.DesignerSupport.targets(21,5): message :       ;
       C:\Program Files\dotnet\sdk\10.0.101\Sdks\Microsoft.NET.Sdk\targets\Microsoft.NET.DesignerSupport.targets(21,5): message :       BuildOnlySettings;
       C:\Program Files\dotnet\sdk\10.0.101\Sdks\Microsoft.NET.Sdk\targets\Microsoft.NET.DesignerSupport.targets(21,5): message :       PrepareForBuild;
       C:\Program Files\dotnet\sdk\10.0.101\Sdks\Microsoft.NET.Sdk\targets\Microsoft.NET.DesignerSupport.targets(21,5): message :       AssignTargetPaths;
       C:\Program Files\dotnet\sdk\10.0.101\Sdks\Microsoft.NET.Sdk\targets\Microsoft.NET.DesignerSupport.targets(21,5): message :       ResolveReferences
       C:\Program Files\dotnet\sdk\10.0.101\Sdks\Microsoft.NET.Sdk\targets\Microsoft.NET.DesignerSupport.targets(21,5): message :     
       C:\Program Files\dotnet\sdk\10.0.101\Sdks\Microsoft.NET.Sdk\targets\Microsoft.NET.DesignerSupport.targets(21,5): message :     ;
       C:\Program Files\dotnet\sdk\10.0.101\Sdks\Microsoft.NET.Sdk\targets\Microsoft.NET.DesignerSupport.targets(21,5): message :       _GenerateDesignerDepsFile;
       C:\Program Files\dotnet\sdk\10.0.101\Sdks\Microsoft.NET.Sdk\targets\Microsoft.NET.DesignerSupport.targets(21,5): message :       _GenerateDesignerRuntimeConfigFile;
       C:\Program Files\dotnet\sdk\10.0.101\Sdks\Microsoft.NET.Sdk\targets\Microsoft.NET.DesignerSupport.targets(21,5): message :       GetCopyToOutputDirectoryItems;
       C:\Program Files\dotnet\sdk\10.0.101\Sdks\Microsoft.NET.Sdk\targets\Microsoft.NET.DesignerSupport.targets(21,5): message :       _GatherDesignerShadowCopyFiles;
       C:\Program Files\dotnet\sdk\10.0.101\Sdks\Microsoft.NET.Sdk\targets\Microsoft.NET.DesignerSupport.targets(21,5): message :     " (önceki değer: "
       C:\Program Files\dotnet\sdk\10.0.101\Sdks\Microsoft.NET.Sdk\targets\Microsoft.NET.DesignerSupport.targets(21,5): message :       ;
       C:\Program Files\dotnet\sdk\10.0.101\Sdks\Microsoft.NET.Sdk\targets\Microsoft.NET.DesignerSupport.targets(21,5): message :       
       C:\Program Files\dotnet\sdk\10.0.101\Sdks\Microsoft.NET.Sdk\targets\Microsoft.NET.DesignerSupport.targets(21,5): message :       ;
       C:\Program Files\dotnet\sdk\10.0.101\Sdks\Microsoft.NET.Sdk\targets\Microsoft.NET.DesignerSupport.targets(21,5): message :       BuildOnlySettings;
       C:\Program Files\dotnet\sdk\10.0.101\Sdks\Microsoft.NET.Sdk\targets\Microsoft.NET.DesignerSupport.targets(21,5): message :       PrepareForBuild;
       C:\Program Files\dotnet\sdk\10.0.101\Sdks\Microsoft.NET.Sdk\targets\Microsoft.NET.DesignerSupport.targets(21,5): message :       AssignTargetPaths;
       C:\Program Files\dotnet\sdk\10.0.101\Sdks\Microsoft.NET.Sdk\targets\Microsoft.NET.DesignerSupport.targets(21,5): message :       ResolveReferences
       C:\Program Files\dotnet\sdk\10.0.101\Sdks\Microsoft.NET.Sdk\targets\Microsoft.NET.DesignerSupport.targets(21,5): message :     
       C:\Program Files\dotnet\sdk\10.0.101\Sdks\Microsoft.NET.Sdk\targets\Microsoft.NET.DesignerSupport.targets(21,5): message :     ") konum: C:\Program Files\dotnet\sdk\10.0.101\Sdks\Microsoft.NET.Sdk\targets\Microsoft.NET.DesignerSupport.targets (21,5)
       C:\Program Files\dotnet\sdk\10.0.101\Sdks\Microsoft.NET.Sdk\targets\Microsoft.NET.Sdk.CSharp.targets(31,5): message : Özellik yeniden ataması: $(DefineConstants)="TRACE;DEBUG" (önceki değer: "TRACE") konum: C:\Program Files\dotnet\sdk\10.0.101\Sdks\Microsoft.NET.Sdk\targets\Microsoft.NET.Sdk.CSharp.targets (31,5)
       C:\Program Files\dotnet\sdk\10.0.101\Sdks\Microsoft.NET.Sdk\targets\Microsoft.NET.Sdk.CSharp.targets(45,5): message : Özellik yeniden ataması: $(WarningsAsErrors)=";NU1605;SYSLIB0011" (önceki değer: ";NU1605") konum: C:\Program Files\dotnet\sdk\10.0.101\Sdks\Microsoft.NET.Sdk\targets\Microsoft.NET.Sdk.CSharp.targets (45,5)
       C:\Program Files\dotnet\sdk\10.0.101\Sdks\Microsoft.NET.Sdk\targets\Microsoft.NET.Windows.targets(49,5): message : Özellik yeniden ataması: $(TargetPlatformVersion)="7.0" (önceki değer: "") konum: C:\Program Files\dotnet\sdk\10.0.101\Sdks\Microsoft.NET.Sdk\targets\Microsoft.NET.Windows.targets (49,5)
       C:\Program Files\dotnet\sdk\10.0.101\Sdks\Microsoft.NET.Sdk\targets\Microsoft.NET.Windows.targets(50,5): message : Özellik yeniden ataması: $(EffectiveTargetPlatformVersion)="7.0" (önceki değer: "") konum: C:\Program Files\dotnet\sdk\10.0.101\Sdks\Microsoft.NET.Sdk\targets\Microsoft.NET.Windows.targets (50,5)
       C:\Program Files\dotnet\sdk\10.0.101\Sdks\Microsoft.NET.Sdk\targets\Microsoft.NET.Windows.targets(60,5): message : Özellik yeniden ataması: $(SupportedOSPlatformVersion)="7.0" (önceki değer: "") konum: C:\Program Files\dotnet\sdk\10.0.101\Sdks\Microsoft.NET.Sdk\targets\Microsoft.NET.Windows.targets (60,5)
       C:\Program Files\dotnet\sdk\10.0.101\Sdks\Microsoft.NET.Sdk\targets\Microsoft.NET.Windows.targets(61,5): message : Özellik yeniden ataması: $(TargetPlatformMinVersion)="7.0" (önceki değer: "") konum: C:\Program Files\dotnet\sdk\10.0.101\Sdks\Microsoft.NET.Sdk\targets\Microsoft.NET.Windows.targets (61,5)
       C:\Program Files\dotnet\sdk\10.0.101\Sdks\Microsoft.NET.Sdk\targets\Microsoft.NET.Windows.targets(239,5): message : Özellik yeniden ataması: $(_RunCsWinRTGeneratorPropertyInputsCachePath)="C:\Users\Atakan\OneDrive\Documents\GitHub\tokenizer-filter-machine\TurkMorph\obj\Debug\net8.0-windows\TurkMorph.cswinrtgen.cache" (önceki değer: "obj\Debug\net8.0-windows\TurkMorph.cswinrtgen.cache") konum: C:\Program Files\dotnet\sdk\10.0.101\Sdks\Microsoft.NET.Sdk\targets\Microsoft.NET.Windows.targets (239,5)
       Derleme Evaluation sırasında yüklendi: System.Collections.NonGeneric, Version=10.0.0.0, Culture=neutral, PublicKeyToken=b03f5f7f11d50a3a (konum: C:\Program Files\dotnet\shared\Microsoft.NETCore.App\10.0.1\System.Collections.NonGeneric.dll, MVID: 5048f4ab-dbd8-4b4b-9e0f-fa8f211354cf, AssemblyLoadContext: Default)
       C:\Program Files\dotnet\sdk\10.0.101\Sdks\Microsoft.NET.Sdk\targets\Microsoft.NET.Sdk.targets(1497,5): message : Özellik yeniden ataması: $(TargetPlatformDisplayName)="Windows 7.0" (önceki değer: "Windows ") konum: C:\Program Files\dotnet\sdk\10.0.101\Sdks\Microsoft.NET.Sdk\targets\Microsoft.NET.Sdk.targets (1497,5)
       C:\Program Files\dotnet\sdk\10.0.101\Sdks\Microsoft.NET.Sdk.WindowsDesktop\targets\Microsoft.NET.Sdk.WindowsDesktop.targets(51,5): message : Özellik yeniden ataması: $(_TargetFrameworkVersionValue)="8.0" (önceki değer: "0.0") konum: C:\Program Files\dotnet\sdk\10.0.101\Sdks\Microsoft.NET.Sdk.WindowsDesktop\targets\Microsoft.NET.Sdk.WindowsDesktop.targets (51,5)
       C:\Program Files\dotnet\sdk\10.0.101\Sdks\Microsoft.NET.Sdk.WindowsDesktop\targets\Microsoft.WinFX.targets(61,7): message : Özellik yeniden ataması: $(PrepareResourceNamesDependsOn)="
       C:\Program Files\dotnet\sdk\10.0.101\Sdks\Microsoft.NET.Sdk.WindowsDesktop\targets\Microsoft.WinFX.targets(61,7): message :                     AssignWinFXEmbeddedResource;
       C:\Program Files\dotnet\sdk\10.0.101\Sdks\Microsoft.NET.Sdk.WindowsDesktop\targets\Microsoft.WinFX.targets(61,7): message :                     
       C:\Program Files\dotnet\sdk\10.0.101\Sdks\Microsoft.NET.Sdk.WindowsDesktop\targets\Microsoft.WinFX.targets(61,7): message :       AssignTargetPaths;
       C:\Program Files\dotnet\sdk\10.0.101\Sdks\Microsoft.NET.Sdk.WindowsDesktop\targets\Microsoft.WinFX.targets(61,7): message :       SplitResourcesByCulture;
       C:\Program Files\dotnet\sdk\10.0.101\Sdks\Microsoft.NET.Sdk.WindowsDesktop\targets\Microsoft.WinFX.targets(61,7): message :       CreateManifestResourceNames;
       C:\Program Files\dotnet\sdk\10.0.101\Sdks\Microsoft.NET.Sdk.WindowsDesktop\targets\Microsoft.WinFX.targets(61,7): message :       CreateCustomManifestResourceNames
       C:\Program Files\dotnet\sdk\10.0.101\Sdks\Microsoft.NET.Sdk.WindowsDesktop\targets\Microsoft.WinFX.targets(61,7): message :     
       C:\Program Files\dotnet\sdk\10.0.101\Sdks\Microsoft.NET.Sdk.WindowsDesktop\targets\Microsoft.WinFX.targets(61,7): message :       " (önceki değer: "
       C:\Program Files\dotnet\sdk\10.0.101\Sdks\Microsoft.NET.Sdk.WindowsDesktop\targets\Microsoft.WinFX.targets(61,7): message :       AssignTargetPaths;
       C:\Program Files\dotnet\sdk\10.0.101\Sdks\Microsoft.NET.Sdk.WindowsDesktop\targets\Microsoft.WinFX.targets(61,7): message :       SplitResourcesByCulture;
       C:\Program Files\dotnet\sdk\10.0.101\Sdks\Microsoft.NET.Sdk.WindowsDesktop\targets\Microsoft.WinFX.targets(61,7): message :       CreateManifestResourceNames;
       C:\Program Files\dotnet\sdk\10.0.101\Sdks\Microsoft.NET.Sdk.WindowsDesktop\targets\Microsoft.WinFX.targets(61,7): message :       CreateCustomManifestResourceNames
       C:\Program Files\dotnet\sdk\10.0.101\Sdks\Microsoft.NET.Sdk.WindowsDesktop\targets\Microsoft.WinFX.targets(61,7): message :     ") konum: C:\Program Files\dotnet\sdk\10.0.101\Sdks\Microsoft.NET.Sdk.WindowsDesktop\targets\Microsoft.WinFX.targets (61,7)
       C:\Program Files\dotnet\sdk\10.0.101\Sdks\Microsoft.NET.Sdk.WindowsDesktop\targets\Microsoft.WinFX.targets(69,7): message : Özellik yeniden ataması: $(PrepareResourcesDependsOn)="
       C:\Program Files\dotnet\sdk\10.0.101\Sdks\Microsoft.NET.Sdk.WindowsDesktop\targets\Microsoft.WinFX.targets(69,7): message :                 MarkupCompilePass1;
       C:\Program Files\dotnet\sdk\10.0.101\Sdks\Microsoft.NET.Sdk.WindowsDesktop\targets\Microsoft.WinFX.targets(69,7): message :                 AfterMarkupCompilePass1;
       C:\Program Files\dotnet\sdk\10.0.101\Sdks\Microsoft.NET.Sdk.WindowsDesktop\targets\Microsoft.WinFX.targets(69,7): message :                 MarkupCompilePass2ForMainAssembly;
       C:\Program Files\dotnet\sdk\10.0.101\Sdks\Microsoft.NET.Sdk.WindowsDesktop\targets\Microsoft.WinFX.targets(69,7): message :                 FileClassification;
       C:\Program Files\dotnet\sdk\10.0.101\Sdks\Microsoft.NET.Sdk.WindowsDesktop\targets\Microsoft.WinFX.targets(69,7): message :                 MainResourcesGeneration;
       C:\Program Files\dotnet\sdk\10.0.101\Sdks\Microsoft.NET.Sdk.WindowsDesktop\targets\Microsoft.WinFX.targets(69,7): message :                 
       C:\Program Files\dotnet\sdk\10.0.101\Sdks\Microsoft.NET.Sdk.WindowsDesktop\targets\Microsoft.WinFX.targets(69,7): message :       ResolvePackageDependenciesForBuild;
       C:\Program Files\dotnet\sdk\10.0.101\Sdks\Microsoft.NET.Sdk.WindowsDesktop\targets\Microsoft.WinFX.targets(69,7): message :       _HandlePackageFileConflicts;
       C:\Program Files\dotnet\sdk\10.0.101\Sdks\Microsoft.NET.Sdk.WindowsDesktop\targets\Microsoft.WinFX.targets(69,7): message :       
       C:\Program Files\dotnet\sdk\10.0.101\Sdks\Microsoft.NET.Sdk.WindowsDesktop\targets\Microsoft.WinFX.targets(69,7): message :       ;
       C:\Program Files\dotnet\sdk\10.0.101\Sdks\Microsoft.NET.Sdk.WindowsDesktop\targets\Microsoft.WinFX.targets(69,7): message :       PrepareResourceNames;
       C:\Program Files\dotnet\sdk\10.0.101\Sdks\Microsoft.NET.Sdk.WindowsDesktop\targets\Microsoft.WinFX.targets(69,7): message :       ResGen;
       C:\Program Files\dotnet\sdk\10.0.101\Sdks\Microsoft.NET.Sdk.WindowsDesktop\targets\Microsoft.WinFX.targets(69,7): message :       CompileLicxFiles
       C:\Program Files\dotnet\sdk\10.0.101\Sdks\Microsoft.NET.Sdk.WindowsDesktop\targets\Microsoft.WinFX.targets(69,7): message :     
       C:\Program Files\dotnet\sdk\10.0.101\Sdks\Microsoft.NET.Sdk.WindowsDesktop\targets\Microsoft.WinFX.targets(69,7): message :     
       C:\Program Files\dotnet\sdk\10.0.101\Sdks\Microsoft.NET.Sdk.WindowsDesktop\targets\Microsoft.WinFX.targets(69,7): message :       " (önceki değer: "
       C:\Program Files\dotnet\sdk\10.0.101\Sdks\Microsoft.NET.Sdk.WindowsDesktop\targets\Microsoft.WinFX.targets(69,7): message :       ResolvePackageDependenciesForBuild;
       C:\Program Files\dotnet\sdk\10.0.101\Sdks\Microsoft.NET.Sdk.WindowsDesktop\targets\Microsoft.WinFX.targets(69,7): message :       _HandlePackageFileConflicts;
       C:\Program Files\dotnet\sdk\10.0.101\Sdks\Microsoft.NET.Sdk.WindowsDesktop\targets\Microsoft.WinFX.targets(69,7): message :       
       C:\Program Files\dotnet\sdk\10.0.101\Sdks\Microsoft.NET.Sdk.WindowsDesktop\targets\Microsoft.WinFX.targets(69,7): message :       ;
       C:\Program Files\dotnet\sdk\10.0.101\Sdks\Microsoft.NET.Sdk.WindowsDesktop\targets\Microsoft.WinFX.targets(69,7): message :       PrepareResourceNames;
       C:\Program Files\dotnet\sdk\10.0.101\Sdks\Microsoft.NET.Sdk.WindowsDesktop\targets\Microsoft.WinFX.targets(69,7): message :       ResGen;
       C:\Program Files\dotnet\sdk\10.0.101\Sdks\Microsoft.NET.Sdk.WindowsDesktop\targets\Microsoft.WinFX.targets(69,7): message :       CompileLicxFiles
       C:\Program Files\dotnet\sdk\10.0.101\Sdks\Microsoft.NET.Sdk.WindowsDesktop\targets\Microsoft.WinFX.targets(69,7): message :     
       C:\Program Files\dotnet\sdk\10.0.101\Sdks\Microsoft.NET.Sdk.WindowsDesktop\targets\Microsoft.WinFX.targets(69,7): message :     ") konum: C:\Program Files\dotnet\sdk\10.0.101\Sdks\Microsoft.NET.Sdk.WindowsDesktop\targets\Microsoft.WinFX.targets (69,7)
       C:\Program Files\dotnet\sdk\10.0.101\Sdks\Microsoft.NET.Sdk.WindowsDesktop\targets\Microsoft.WinFX.targets(136,5): message : Özellik yeniden ataması: $(CompileDependsOn)="
       C:\Program Files\dotnet\sdk\10.0.101\Sdks\Microsoft.NET.Sdk.WindowsDesktop\targets\Microsoft.WinFX.targets(136,5): message :         
       C:\Program Files\dotnet\sdk\10.0.101\Sdks\Microsoft.NET.Sdk.WindowsDesktop\targets\Microsoft.WinFX.targets(136,5): message :       
       C:\Program Files\dotnet\sdk\10.0.101\Sdks\Microsoft.NET.Sdk.WindowsDesktop\targets\Microsoft.WinFX.targets(136,5): message :       ResolveReferences;
       C:\Program Files\dotnet\sdk\10.0.101\Sdks\Microsoft.NET.Sdk.WindowsDesktop\targets\Microsoft.WinFX.targets(136,5): message :       ResolveKeySource;
       C:\Program Files\dotnet\sdk\10.0.101\Sdks\Microsoft.NET.Sdk.WindowsDesktop\targets\Microsoft.WinFX.targets(136,5): message :       SetWin32ManifestProperties;
       C:\Program Files\dotnet\sdk\10.0.101\Sdks\Microsoft.NET.Sdk.WindowsDesktop\targets\Microsoft.WinFX.targets(136,5): message :       _SetPreferNativeArm64Win32ManifestProperties;
       C:\Program Files\dotnet\sdk\10.0.101\Sdks\Microsoft.NET.Sdk.WindowsDesktop\targets\Microsoft.WinFX.targets(136,5): message :       FindReferenceAssembliesForReferences;
       C:\Program Files\dotnet\sdk\10.0.101\Sdks\Microsoft.NET.Sdk.WindowsDesktop\targets\Microsoft.WinFX.targets(136,5): message :       _GenerateCompileInputs;
       C:\Program Files\dotnet\sdk\10.0.101\Sdks\Microsoft.NET.Sdk.WindowsDesktop\targets\Microsoft.WinFX.targets(136,5): message :       BeforeCompile;
       C:\Program Files\dotnet\sdk\10.0.101\Sdks\Microsoft.NET.Sdk.WindowsDesktop\targets\Microsoft.WinFX.targets(136,5): message :       _TimeStampBeforeCompile;
       C:\Program Files\dotnet\sdk\10.0.101\Sdks\Microsoft.NET.Sdk.WindowsDesktop\targets\Microsoft.WinFX.targets(136,5): message :       _GenerateCompileDependencyCache;
       C:\Program Files\dotnet\sdk\10.0.101\Sdks\Microsoft.NET.Sdk.WindowsDesktop\targets\Microsoft.WinFX.targets(136,5): message :       CoreCompile;
       C:\Program Files\dotnet\sdk\10.0.101\Sdks\Microsoft.NET.Sdk.WindowsDesktop\targets\Microsoft.WinFX.targets(136,5): message :       _TimeStampAfterCompile;
       C:\Program Files\dotnet\sdk\10.0.101\Sdks\Microsoft.NET.Sdk.WindowsDesktop\targets\Microsoft.WinFX.targets(136,5): message :       AfterCompile;
       C:\Program Files\dotnet\sdk\10.0.101\Sdks\Microsoft.NET.Sdk.WindowsDesktop\targets\Microsoft.WinFX.targets(136,5): message :     ;
       C:\Program Files\dotnet\sdk\10.0.101\Sdks\Microsoft.NET.Sdk.WindowsDesktop\targets\Microsoft.WinFX.targets(136,5): message :       _CreateAppHost;
       C:\Program Files\dotnet\sdk\10.0.101\Sdks\Microsoft.NET.Sdk.WindowsDesktop\targets\Microsoft.WinFX.targets(136,5): message :       _CreateComHost;
       C:\Program Files\dotnet\sdk\10.0.101\Sdks\Microsoft.NET.Sdk.WindowsDesktop\targets\Microsoft.WinFX.targets(136,5): message :       _GetIjwHostPaths;
       C:\Program Files\dotnet\sdk\10.0.101\Sdks\Microsoft.NET.Sdk.WindowsDesktop\targets\Microsoft.WinFX.targets(136,5): message :     ;
       C:\Program Files\dotnet\sdk\10.0.101\Sdks\Microsoft.NET.Sdk.WindowsDesktop\targets\Microsoft.WinFX.targets(136,5): message :         _AfterCompileWinFXInternal
       C:\Program Files\dotnet\sdk\10.0.101\Sdks\Microsoft.NET.Sdk.WindowsDesktop\targets\Microsoft.WinFX.targets(136,5): message :     " (önceki değer: "
       C:\Program Files\dotnet\sdk\10.0.101\Sdks\Microsoft.NET.Sdk.WindowsDesktop\targets\Microsoft.WinFX.targets(136,5): message :       
       C:\Program Files\dotnet\sdk\10.0.101\Sdks\Microsoft.NET.Sdk.WindowsDesktop\targets\Microsoft.WinFX.targets(136,5): message :       ResolveReferences;
       C:\Program Files\dotnet\sdk\10.0.101\Sdks\Microsoft.NET.Sdk.WindowsDesktop\targets\Microsoft.WinFX.targets(136,5): message :       ResolveKeySource;
       C:\Program Files\dotnet\sdk\10.0.101\Sdks\Microsoft.NET.Sdk.WindowsDesktop\targets\Microsoft.WinFX.targets(136,5): message :       SetWin32ManifestProperties;
       C:\Program Files\dotnet\sdk\10.0.101\Sdks\Microsoft.NET.Sdk.WindowsDesktop\targets\Microsoft.WinFX.targets(136,5): message :       _SetPreferNativeArm64Win32ManifestProperties;
       C:\Program Files\dotnet\sdk\10.0.101\Sdks\Microsoft.NET.Sdk.WindowsDesktop\targets\Microsoft.WinFX.targets(136,5): message :       FindReferenceAssembliesForReferences;
       C:\Program Files\dotnet\sdk\10.0.101\Sdks\Microsoft.NET.Sdk.WindowsDesktop\targets\Microsoft.WinFX.targets(136,5): message :       _GenerateCompileInputs;
       C:\Program Files\dotnet\sdk\10.0.101\Sdks\Microsoft.NET.Sdk.WindowsDesktop\targets\Microsoft.WinFX.targets(136,5): message :       BeforeCompile;
       C:\Program Files\dotnet\sdk\10.0.101\Sdks\Microsoft.NET.Sdk.WindowsDesktop\targets\Microsoft.WinFX.targets(136,5): message :       _TimeStampBeforeCompile;
       C:\Program Files\dotnet\sdk\10.0.101\Sdks\Microsoft.NET.Sdk.WindowsDesktop\targets\Microsoft.WinFX.targets(136,5): message :       _GenerateCompileDependencyCache;
       C:\Program Files\dotnet\sdk\10.0.101\Sdks\Microsoft.NET.Sdk.WindowsDesktop\targets\Microsoft.WinFX.targets(136,5): message :       CoreCompile;
       C:\Program Files\dotnet\sdk\10.0.101\Sdks\Microsoft.NET.Sdk.WindowsDesktop\targets\Microsoft.WinFX.targets(136,5): message :       _TimeStampAfterCompile;
       C:\Program Files\dotnet\sdk\10.0.101\Sdks\Microsoft.NET.Sdk.WindowsDesktop\targets\Microsoft.WinFX.targets(136,5): message :       AfterCompile;
       C:\Program Files\dotnet\sdk\10.0.101\Sdks\Microsoft.NET.Sdk.WindowsDesktop\targets\Microsoft.WinFX.targets(136,5): message :     ;
       C:\Program Files\dotnet\sdk\10.0.101\Sdks\Microsoft.NET.Sdk.WindowsDesktop\targets\Microsoft.WinFX.targets(136,5): message :       _CreateAppHost;
       C:\Program Files\dotnet\sdk\10.0.101\Sdks\Microsoft.NET.Sdk.WindowsDesktop\targets\Microsoft.WinFX.targets(136,5): message :       _CreateComHost;
       C:\Program Files\dotnet\sdk\10.0.101\Sdks\Microsoft.NET.Sdk.WindowsDesktop\targets\Microsoft.WinFX.targets(136,5): message :       _GetIjwHostPaths;
       C:\Program Files\dotnet\sdk\10.0.101\Sdks\Microsoft.NET.Sdk.WindowsDesktop\targets\Microsoft.WinFX.targets(136,5): message :     ") konum: C:\Program Files\dotnet\sdk\10.0.101\Sdks\Microsoft.NET.Sdk.WindowsDesktop\targets\Microsoft.WinFX.targets (136,5)
       C:\Program Files\dotnet\sdk\10.0.101\Sdks\Microsoft.NET.Sdk.WindowsDesktop\targets\Microsoft.WinFX.targets(803,9): message : Özellik yeniden ataması: $(PublishBuildDependsOn)="
       C:\Program Files\dotnet\sdk\10.0.101\Sdks\Microsoft.NET.Sdk.WindowsDesktop\targets\Microsoft.WinFX.targets(803,9): message :             BuildOnlySettings;
       C:\Program Files\dotnet\sdk\10.0.101\Sdks\Microsoft.NET.Sdk.WindowsDesktop\targets\Microsoft.WinFX.targets(803,9): message :             PrepareForBuild;
       C:\Program Files\dotnet\sdk\10.0.101\Sdks\Microsoft.NET.Sdk.WindowsDesktop\targets\Microsoft.WinFX.targets(803,9): message :             ResolveReferences;
       C:\Program Files\dotnet\sdk\10.0.101\Sdks\Microsoft.NET.Sdk.WindowsDesktop\targets\Microsoft.WinFX.targets(803,9): message :             PrepareResources;
       C:\Program Files\dotnet\sdk\10.0.101\Sdks\Microsoft.NET.Sdk.WindowsDesktop\targets\Microsoft.WinFX.targets(803,9): message :             ResolveKeySource;
       C:\Program Files\dotnet\sdk\10.0.101\Sdks\Microsoft.NET.Sdk.WindowsDesktop\targets\Microsoft.WinFX.targets(803,9): message :             PrepareResourcesForSatelliteAssemblies;
       C:\Program Files\dotnet\sdk\10.0.101\Sdks\Microsoft.NET.Sdk.WindowsDesktop\targets\Microsoft.WinFX.targets(803,9): message :             GenerateSerializationAssemblies;
       C:\Program Files\dotnet\sdk\10.0.101\Sdks\Microsoft.NET.Sdk.WindowsDesktop\targets\Microsoft.WinFX.targets(803,9): message :             CreateSatelliteAssemblies;
       C:\Program Files\dotnet\sdk\10.0.101\Sdks\Microsoft.NET.Sdk.WindowsDesktop\targets\Microsoft.WinFX.targets(803,9): message :         " (önceki değer: "
       C:\Program Files\dotnet\sdk\10.0.101\Sdks\Microsoft.NET.Sdk.WindowsDesktop\targets\Microsoft.WinFX.targets(803,9): message :       BuildOnlySettings;
       C:\Program Files\dotnet\sdk\10.0.101\Sdks\Microsoft.NET.Sdk.WindowsDesktop\targets\Microsoft.WinFX.targets(803,9): message :       PrepareForBuild;
       C:\Program Files\dotnet\sdk\10.0.101\Sdks\Microsoft.NET.Sdk.WindowsDesktop\targets\Microsoft.WinFX.targets(803,9): message :       ResolveReferences;
       C:\Program Files\dotnet\sdk\10.0.101\Sdks\Microsoft.NET.Sdk.WindowsDesktop\targets\Microsoft.WinFX.targets(803,9): message :       PrepareResources;
       C:\Program Files\dotnet\sdk\10.0.101\Sdks\Microsoft.NET.Sdk.WindowsDesktop\targets\Microsoft.WinFX.targets(803,9): message :       ResolveKeySource;
       C:\Program Files\dotnet\sdk\10.0.101\Sdks\Microsoft.NET.Sdk.WindowsDesktop\targets\Microsoft.WinFX.targets(803,9): message :       GenerateSerializationAssemblies;
       C:\Program Files\dotnet\sdk\10.0.101\Sdks\Microsoft.NET.Sdk.WindowsDesktop\targets\Microsoft.WinFX.targets(803,9): message :       CreateSatelliteAssemblies;
       C:\Program Files\dotnet\sdk\10.0.101\Sdks\Microsoft.NET.Sdk.WindowsDesktop\targets\Microsoft.WinFX.targets(803,9): message :     ") konum: C:\Program Files\dotnet\sdk\10.0.101\Sdks\Microsoft.NET.Sdk.WindowsDesktop\targets\Microsoft.WinFX.targets (803,9)
       C:\Program Files\dotnet\sdk\10.0.101\NuGet.Build.Tasks.Pack.targets(59,5): message : Özellik yeniden ataması: $(GenerateNuspecDependsOn)="Build;_LoadPackInputItems; _GetTargetFrameworksOutput; _WalkEachTargetPerFramework; _GetPackageFiles; " (önceki değer: "_LoadPackInputItems; _GetTargetFrameworksOutput; _WalkEachTargetPerFramework; _GetPackageFiles; ") konum: C:\Program Files\dotnet\sdk\10.0.101\NuGet.Build.Tasks.Pack.targets (59,5)
       C:\Program Files\dotnet\sdk\10.0.101\Sdks\Microsoft.NET.Sdk\Sdk\Sdk.targets(59,5): message : Özellik yeniden ataması: $(_IsNotSetContainersTargetsDir)="true" (önceki değer: "false") konum: C:\Program Files\dotnet\sdk\10.0.101\Sdks\Microsoft.NET.Sdk\Sdk\Sdk.targets (59,5)
       C:\Program Files\dotnet\sdk\10.0.101\Containers\build\Microsoft.NET.Build.Containers.targets(5,5): message : Özellik yeniden ataması: $(_IsSDKContainerAllowedVersion)="true" (önceki değer: "false") konum: C:\Program Files\dotnet\sdk\10.0.101\Containers\build\Microsoft.NET.Build.Containers.targets (5,5)
       C:\Program Files\dotnet\sdk\10.0.101\Containers\build\Microsoft.NET.Build.Containers.targets(15,5): message : Özellik yeniden ataması: $(_ContainerIsTargetingNet8TFM)="true" (önceki değer: "false") konum: C:\Program Files\dotnet\sdk\10.0.101\Containers\build\Microsoft.NET.Build.Containers.targets (15,5)
       "C:\Program Files\dotnet\sdk\10.0.101\Sdks\Microsoft.NET.Sdk\targets\Microsoft.NET.Sdk.FrameworkReferenceResolution.targets" projesindeki "ResolveFrameworkReferences" hedefi kullanılarak "C:\Program Files\dotnet\sdk\10.0.101\Microsoft.Common.CurrentVersion.targets" projesindeki "ResolveFrameworkReferences" hedefinin üzerine yazılıyor.
       "C:\Program Files\dotnet\sdk\10.0.101\Sdks\Microsoft.NET.Sdk\targets\Microsoft.NET.Sdk.targets" projesindeki "GenerateSupportedTargetFrameworkAlias" hedefi kullanılarak "C:\Program Files\dotnet\sdk\10.0.101\Microsoft.Common.CurrentVersion.targets" projesindeki "GenerateSupportedTargetFrameworkAlias" hedefinin üzerine yazılıyor.
       "C:\Program Files\dotnet\sdk\10.0.101\Sdks\Microsoft.NET.Sdk\targets\Microsoft.NET.DisableStandardFrameworkResolution.targets" projesindeki "GetReferenceAssemblyPaths" hedefi kullanılarak "C:\Program Files\dotnet\sdk\10.0.101\Microsoft.Common.CurrentVersion.targets" projesindeki "GetReferenceAssemblyPaths" hedefinin üzerine yazılıyor.
       "C:\Program Files\dotnet\sdk\10.0.101\Sdks\Microsoft.NET.Sdk\targets\Microsoft.NET.DisableStandardFrameworkResolution.targets" projesindeki "GetFrameworkPaths" hedefi kullanılarak "C:\Program Files\dotnet\sdk\10.0.101\Microsoft.Common.CurrentVersion.targets" projesindeki "GetFrameworkPaths" hedefinin üzerine yazılıyor.
       "C:\Program Files\dotnet\sdk\10.0.101\Sdks\Microsoft.NET.Sdk\targets\Microsoft.NET.DesignerSupport.targets" projesindeki "DesignerRuntimeImplementationProjectOutputGroup" hedefi kullanılarak "C:\Program Files\dotnet\sdk\10.0.101\Microsoft.Common.CurrentVersion.targets" projesindeki "DesignerRuntimeImplementationProjectOutputGroup" hedefinin üzerine yazılıyor.
       "C:\Program Files\dotnet\sdk\10.0.101\Sdks\Microsoft.NET.Sdk\targets\Microsoft.NET.Publish.targets" projesindeki "Publish" hedefi kullanılarak "C:\Program Files\dotnet\sdk\10.0.101\Microsoft.Common.CurrentVersion.targets" projesindeki "Publish" hedefinin üzerine yazılıyor.
       "C:\Program Files\dotnet\sdk\10.0.101\Sdks\Microsoft.NET.Sdk\targets\Microsoft.NET.Publish.targets" projesindeki "ResolveReadyToRunCompilers" hedefi kullanılarak "C:\Program Files\dotnet\sdk\10.0.101\Sdks\Microsoft.NET.Sdk\targets\Microsoft.NET.CrossGen.targets" projesindeki "ResolveReadyToRunCompilers" hedefinin üzerine yazılıyor.
       "C:\Program Files\dotnet\sdk\10.0.101\Sdks\Microsoft.NET.Sdk\targets\Microsoft.NET.Publish.targets" projesindeki "GetCopyToPublishDirectoryItems" hedefi kullanılarak "C:\Program Files\dotnet\sdk\10.0.101\Microsoft.Common.CurrentVersion.targets" projesindeki "GetCopyToPublishDirectoryItems" hedefinin üzerine yazılıyor.
       "C:\Program Files\dotnet\sdk\10.0.101\Sdks\Microsoft.NET.Sdk\targets\Microsoft.NET.Sdk.targets" projesindeki "Run" hedefi kullanılarak "C:\Program Files\dotnet\sdk\10.0.101\Microsoft.Common.CurrentVersion.targets" projesindeki "Run" hedefinin üzerine yazılıyor.
       "C:\Program Files\dotnet\sdk\10.0.101\Sdks\Microsoft.NET.Sdk.WindowsDesktop\targets\Microsoft.WinFX.targets" projesindeki "SatelliteDllsProjectOutputGroup" hedefi kullanılarak "C:\Program Files\dotnet\sdk\10.0.101\Microsoft.Common.CurrentVersion.targets" projesindeki "SatelliteDllsProjectOutputGroup" hedefinin üzerine yazılıyor.
     1>1 düğümünde "C:\Users\Atakan\OneDrive\Documents\GitHub\tokenizer-filter-machine\TurkMorph\TurkMorph.csproj" projesi (Restore hedef).
     1>"C:\Users\Atakan\OneDrive\Documents\GitHub\tokenizer-filter-machine\TurkMorph\TurkMorph.csproj" projesinin "C:\Program Files\dotnet\sdk\10.0.101\NuGet.targets" dosyasındaki "_LoadRestoreGraphEntryPoints" hedefi ("_FilterRestoreGraphProjectInputItems" hedefi buna bağımlı):
     1>"TurkMorph.csproj" projesinde "_LoadRestoreGraphEntryPoints" hedefini oluşturma tamamlandı.
     1>"C:\Users\Atakan\OneDrive\Documents\GitHub\tokenizer-filter-machine\TurkMorph\TurkMorph.csproj" projesinin "C:\Program Files\dotnet\sdk\10.0.101\NuGet.targets" dosyasındaki "_FilterRestoreGraphProjectInputItems" hedefi ("_GenerateRestoreGraph" hedefi buna bağımlı):
       "Microsoft.Build.Tasks.Core, Version=15.1.0.0, Culture=neutral, PublicKeyToken=b03f5f7f11d50a3a" derlemesindeki "RemoveDuplicates" görevi kullanılıyor.
       "RemoveDuplicates" görevi
       "RemoveDuplicates" görevini yürütme tamamlandı.
       "Microsoft.Build.Tasks.Core, Version=15.1.0.0, Culture=neutral, PublicKeyToken=b03f5f7f11d50a3a" derlemesindeki "MSBuild" görevi kullanılıyor.
       "MSBuild" görevi
         Genel Özellikler:
           ExcludeRestorePackageImports=true
     0>C:\Program Files\dotnet\sdk\10.0.101\Sdks\Microsoft.NET.Sdk\Sdk\Sdk.props(49,11): message : 'C:\Program Files\dotnet\sdk\10.0.101\' değerine sahip 'MSBuildExtensionsPath' özelliği ortamdan genişletildi.
       C:\Program Files\dotnet\sdk\10.0.101\Current\Microsoft.Common.props(60,5): message : Özellik yeniden ataması: $(MSBuildProjectExtensionsPath)="C:\Users\Atakan\OneDrive\Documents\GitHub\tokenizer-filter-machine\TurkMorph\obj\" (önceki değer: "obj\") konum: C:\Program Files\dotnet\sdk\10.0.101\Current\Microsoft.Common.props (60,5)
       C:\Program Files\dotnet\sdk\10.0.101\Current\Microsoft.Common.props(84,119): message : 'C:\Users\Atakan\AppData\Local\Microsoft\MSBuild' değerine sahip 'MSBuildUserExtensionsPath' özelliği ortamdan genişletildi.
       C:\Program Files\dotnet\sdk\10.0.101\Sdks\Microsoft.NET.Sdk\targets\Microsoft.NET.Sdk.props(90,5): message : Özellik yeniden ataması: $(AssemblySearchPaths)="{CandidateAssemblyFiles};{HintPathFromItem}" (önceki değer: "{CandidateAssemblyFiles}") konum: C:\Program Files\dotnet\sdk\10.0.101\Sdks\Microsoft.NET.Sdk\targets\Microsoft.NET.Sdk.props (90,5)
       C:\Program Files\dotnet\sdk\10.0.101\Sdks\Microsoft.NET.Sdk\targets\Microsoft.NET.Sdk.props(91,5): message : Özellik yeniden ataması: $(AssemblySearchPaths)="{CandidateAssemblyFiles};{HintPathFromItem};{TargetFrameworkDirectory}" (önceki değer: "{CandidateAssemblyFiles};{HintPathFromItem}") konum: C:\Program Files\dotnet\sdk\10.0.101\Sdks\Microsoft.NET.Sdk\targets\Microsoft.NET.Sdk.props (91,5)
       C:\Program Files\dotnet\sdk\10.0.101\Sdks\Microsoft.NET.Sdk\targets\Microsoft.NET.Sdk.props(92,5): message : Özellik yeniden ataması: $(AssemblySearchPaths)="{CandidateAssemblyFiles};{HintPathFromItem};{TargetFrameworkDirectory};{RawFileName}" (önceki değer: "{CandidateAssemblyFiles};{HintPathFromItem};{TargetFrameworkDirectory}") konum: C:\Program Files\dotnet\sdk\10.0.101\Sdks\Microsoft.NET.Sdk\targets\Microsoft.NET.Sdk.props (92,5)
       C:\Users\Atakan\OneDrive\Documents\GitHub\tokenizer-filter-machine\TurkMorph\TurkMorph.csproj(4,5): message : Özellik yeniden ataması: $(OutputType)="WinExe" (önceki değer: "Library") konum: C:\Users\Atakan\OneDrive\Documents\GitHub\tokenizer-filter-machine\TurkMorph\TurkMorph.csproj (4,5)
       C:\Program Files\dotnet\sdk\10.0.101\Sdks\Microsoft.NET.Sdk\targets\Microsoft.NET.Sdk.ImportPublishProfile.targets(28,5): message : Özellik yeniden ataması: $(PublishProfileImported)="false" (önceki değer: "true") konum: C:\Program Files\dotnet\sdk\10.0.101\Sdks\Microsoft.NET.Sdk\targets\Microsoft.NET.Sdk.ImportPublishProfile.targets (28,5)
       C:\Program Files\dotnet\sdk\10.0.101\Sdks\Microsoft.NET.Sdk\targets\Microsoft.NET.TargetFrameworkInference.targets(80,5): message : Özellik yeniden ataması: $(TargetPlatformVersion)="0.0" (önceki değer: "0.0.0.0") konum: C:\Program Files\dotnet\sdk\10.0.101\Sdks\Microsoft.NET.Sdk\targets\Microsoft.NET.TargetFrameworkInference.targets (80,5)
       C:\Program Files\dotnet\sdk\10.0.101\Sdks\Microsoft.NET.Sdk\targets\Microsoft.NET.TargetFrameworkInference.targets(81,5): message : Özellik yeniden ataması: $(TargetPlatformVersion)="" (önceki değer: "0.0") konum: C:\Program Files\dotnet\sdk\10.0.101\Sdks\Microsoft.NET.Sdk\targets\Microsoft.NET.TargetFrameworkInference.targets (81,5)
       C:\Program Files\dotnet\sdk\10.0.101\Sdks\Microsoft.NET.Sdk\targets\Microsoft.NET.TargetFrameworkInference.targets(84,5): message : Özellik yeniden ataması: $(TargetPlatformIdentifier)="Windows" (önceki değer: "windows") konum: C:\Program Files\dotnet\sdk\10.0.101\Sdks\Microsoft.NET.Sdk\targets\Microsoft.NET.TargetFrameworkInference.targets (84,5)
       C:\Program Files\dotnet\sdk\10.0.101\Sdks\Microsoft.NET.Sdk\targets\Microsoft.NET.DefaultOutputPaths.targets(127,5): message : Özellik yeniden ataması: $(DefaultItemExcludes)=";bin\Debug\/**;obj\Debug\/**" (önceki değer: ";bin\Debug\/**") konum: C:\Program Files\dotnet\sdk\10.0.101\Sdks\Microsoft.NET.Sdk\targets\Microsoft.NET.DefaultOutputPaths.targets (127,5)
       C:\Program Files\dotnet\sdk\10.0.101\Sdks\Microsoft.NET.Sdk\targets\Microsoft.NET.DefaultOutputPaths.targets(142,5): message : Özellik yeniden ataması: $(OutputPath)="bin\Debug\net8.0-windows\" (önceki değer: "bin\Debug\") konum: C:\Program Files\dotnet\sdk\10.0.101\Sdks\Microsoft.NET.Sdk\targets\Microsoft.NET.DefaultOutputPaths.targets (142,5)
       C:\Program Files\dotnet\sdk\10.0.101\Sdks\Microsoft.NET.Sdk\targets\Microsoft.NET.DefaultOutputPaths.targets(147,5): message : Özellik yeniden ataması: $(IntermediateOutputPath)="obj\Debug\net8.0-windows\" (önceki değer: "obj\Debug\") konum: C:\Program Files\dotnet\sdk\10.0.101\Sdks\Microsoft.NET.Sdk\targets\Microsoft.NET.DefaultOutputPaths.targets (147,5)
       C:\Program Files\dotnet\sdk\10.0.101\Sdks\Microsoft.NET.Sdk\targets\Microsoft.NET.Sdk.BeforeCommon.targets(371,5): message : Özellik yeniden ataması: $(RoslynTargetsPath)="C:\Program Files\dotnet\sdk\10.0.101\Sdks\Microsoft.NET.Sdk\targets\..\..\..\Roslyn" (önceki değer: "C:\Program Files\dotnet\sdk\10.0.101\Roslyn") konum: C:\Program Files\dotnet\sdk\10.0.101\Sdks\Microsoft.NET.Sdk\targets\Microsoft.NET.Sdk.BeforeCommon.targets (371,5)
       C:\Program Files\dotnet\sdk\10.0.101\Roslyn\Microsoft.Managed.Core.targets(6,5): message : Özellik yeniden ataması: $(_BuildTasksDirectory)="C:\Program Files\dotnet\sdk\10.0.101\Sdks\Microsoft.NET.Sdk\targets\..\..\..\Roslyn\" (önceki değer: "C:\Program Files\dotnet\sdk\10.0.101\Roslyn\") konum: C:\Program Files\dotnet\sdk\10.0.101\Roslyn\Microsoft.Managed.Core.targets (6,5)
       C:\Program Files\dotnet\sdk\10.0.101\Roslyn\Microsoft.CSharp.Core.targets(200,5): message : Özellik yeniden ataması: $(CommandLineArgsForDesignTimeEvaluation)="-langversion:12.0 -define:TRACE" (önceki değer: "-langversion:12.0") konum: C:\Program Files\dotnet\sdk\10.0.101\Roslyn\Microsoft.CSharp.Core.targets (200,5)
       C:\Program Files\dotnet\sdk\10.0.101\Microsoft.Common.CurrentVersion.targets(175,5): message : Özellik yeniden ataması: $(_DebugSymbolsProduced)="true" (önceki değer: "false") konum: C:\Program Files\dotnet\sdk\10.0.101\Microsoft.Common.CurrentVersion.targets (175,5)
       C:\Program Files\dotnet\sdk\10.0.101\Microsoft.Common.CurrentVersion.targets(185,5): message : Özellik yeniden ataması: $(_DocumentationFileProduced)="false" (önceki değer: "true") konum: C:\Program Files\dotnet\sdk\10.0.101\Microsoft.Common.CurrentVersion.targets (185,5)
       C:\Program Files\dotnet\sdk\10.0.101\Microsoft.Common.CurrentVersion.targets(393,5): message : Özellik yeniden ataması: $(MSBuildCopyMarkerName)="TurkMorph.csproj.Up2Date" (önceki değer: "TurkMorph.csproj") konum: C:\Program Files\dotnet\sdk\10.0.101\Microsoft.Common.CurrentVersion.targets (393,5)
       C:\Program Files\dotnet\sdk\10.0.101\Microsoft.Common.CurrentVersion.targets(541,5): message : Özellik yeniden ataması: $(ProcessorArchitecture)="msil" (önceki değer: "") konum: C:\Program Files\dotnet\sdk\10.0.101\Microsoft.Common.CurrentVersion.targets (541,5)
       C:\Program Files\dotnet\sdk\10.0.101\Microsoft.Common.CurrentVersion.targets(580,5): message : Özellik yeniden ataması: $(DelaySign)="" (önceki değer: "false") konum: C:\Program Files\dotnet\sdk\10.0.101\Microsoft.Common.CurrentVersion.targets (580,5)
       C:\Program Files\dotnet\sdk\10.0.101\Microsoft.Common.CurrentVersion.targets(2606,5): message : 'C:\Users\Atakan\AppData\Local' değerine sahip 'LOCALAPPDATA' özelliği ortamdan genişletildi.
       C:\Program Files\dotnet\sdk\10.0.101\Microsoft.Common.CurrentVersion.targets(3934,5): message : Özellik yeniden ataması: $(_SGenGenerateSerializationAssembliesConfig)="Auto" (önceki değer: "") konum: C:\Program Files\dotnet\sdk\10.0.101\Microsoft.Common.CurrentVersion.targets (3934,5)
       C:\Program Files\dotnet\sdk\10.0.101\Microsoft.Common.CurrentVersion.targets(3935,5): message : Özellik yeniden ataması: $(_SGenGenerateSerializationAssembliesConfig)="Off" (önceki değer: "Auto") konum: C:\Program Files\dotnet\sdk\10.0.101\Microsoft.Common.CurrentVersion.targets (3935,5)
       C:\Program Files\dotnet\sdk\10.0.101\Microsoft.Common.CurrentVersion.targets(5146,5): message : Özellik yeniden ataması: $(_TargetsThatPrepareProjectReferences)="
       C:\Program Files\dotnet\sdk\10.0.101\Microsoft.Common.CurrentVersion.targets(5146,5): message :       AssignProjectConfiguration;
       C:\Program Files\dotnet\sdk\10.0.101\Microsoft.Common.CurrentVersion.targets(5146,5): message :       _SplitProjectReferencesByFileExistence
       C:\Program Files\dotnet\sdk\10.0.101\Microsoft.Common.CurrentVersion.targets(5146,5): message :     " (önceki değer: "_SplitProjectReferencesByFileExistence") konum: C:\Program Files\dotnet\sdk\10.0.101\Microsoft.Common.CurrentVersion.targets (5146,5)
       C:\Program Files\dotnet\sdk\10.0.101\Microsoft.Common.CurrentVersion.targets(6959,5): message : 'C:\Program Files\dotnet\sdk\10.0.101' değerine sahip 'MSBuildExtensionsPath32' özelliği ortamdan genişletildi.
       "NuGetInteractive" özelliği genel bir özelliktir ve değiştirilemez.
       C:\Program Files\dotnet\sdk\10.0.101\Sdks\Microsoft.NET.Sdk\targets\Microsoft.PackageDependencyResolution.targets(24,5): message : Özellik yeniden ataması: $(ProjectAssetsFile)="C:\Users\Atakan\OneDrive\Documents\GitHub\tokenizer-filter-machine\TurkMorph\obj\project.assets.json" (önceki değer: "C:\Users\Atakan\OneDrive\Documents\GitHub\tokenizer-filter-machine\TurkMorph\obj\/project.assets.json") konum: C:\Program Files\dotnet\sdk\10.0.101\Sdks\Microsoft.NET.Sdk\targets\Microsoft.PackageDependencyResolution.targets (24,5)
       C:\Program Files\dotnet\sdk\10.0.101\Sdks\Microsoft.NET.Sdk\targets\Microsoft.PackageDependencyResolution.targets(29,5): message : Özellik yeniden ataması: $(ProjectAssetsCacheFile)="C:\Users\Atakan\OneDrive\Documents\GitHub\tokenizer-filter-machine\TurkMorph\obj\Debug\net8.0-windows\TurkMorph.assets.cache" (önceki değer: "obj\Debug\net8.0-windows\TurkMorph.assets.cache") konum: C:\Program Files\dotnet\sdk\10.0.101\Sdks\Microsoft.NET.Sdk\targets\Microsoft.PackageDependencyResolution.targets (29,5)
       C:\Program Files\dotnet\sdk\10.0.101\Sdks\Microsoft.NET.Sdk\targets\Microsoft.PackageDependencyResolution.targets(80,5): message : Özellik yeniden ataması: $(ResolveAssemblyReferencesDependsOn)="
       C:\Program Files\dotnet\sdk\10.0.101\Sdks\Microsoft.NET.Sdk\targets\Microsoft.PackageDependencyResolution.targets(80,5): message :       
       C:\Program Files\dotnet\sdk\10.0.101\Sdks\Microsoft.NET.Sdk\targets\Microsoft.PackageDependencyResolution.targets(80,5): message :       ResolveProjectReferences;
       C:\Program Files\dotnet\sdk\10.0.101\Sdks\Microsoft.NET.Sdk\targets\Microsoft.PackageDependencyResolution.targets(80,5): message :       FindInvalidProjectReferences;
       C:\Program Files\dotnet\sdk\10.0.101\Sdks\Microsoft.NET.Sdk\targets\Microsoft.PackageDependencyResolution.targets(80,5): message :       GetFrameworkPaths;
       C:\Program Files\dotnet\sdk\10.0.101\Sdks\Microsoft.NET.Sdk\targets\Microsoft.PackageDependencyResolution.targets(80,5): message :       GetReferenceAssemblyPaths;
       C:\Program Files\dotnet\sdk\10.0.101\Sdks\Microsoft.NET.Sdk\targets\Microsoft.PackageDependencyResolution.targets(80,5): message :       PrepareForBuild;
       C:\Program Files\dotnet\sdk\10.0.101\Sdks\Microsoft.NET.Sdk\targets\Microsoft.PackageDependencyResolution.targets(80,5): message :       ResolveSDKReferences;
       C:\Program Files\dotnet\sdk\10.0.101\Sdks\Microsoft.NET.Sdk\targets\Microsoft.PackageDependencyResolution.targets(80,5): message :       ExpandSDKReferences;
       C:\Program Files\dotnet\sdk\10.0.101\Sdks\Microsoft.NET.Sdk\targets\Microsoft.PackageDependencyResolution.targets(80,5): message :     ;
       C:\Program Files\dotnet\sdk\10.0.101\Sdks\Microsoft.NET.Sdk\targets\Microsoft.PackageDependencyResolution.targets(80,5): message :       ResolvePackageDependenciesForBuild;
       C:\Program Files\dotnet\sdk\10.0.101\Sdks\Microsoft.NET.Sdk\targets\Microsoft.PackageDependencyResolution.targets(80,5): message :       _HandlePackageFileConflicts;
       C:\Program Files\dotnet\sdk\10.0.101\Sdks\Microsoft.NET.Sdk\targets\Microsoft.PackageDependencyResolution.targets(80,5): message :     " (önceki değer: "
       C:\Program Files\dotnet\sdk\10.0.101\Sdks\Microsoft.NET.Sdk\targets\Microsoft.PackageDependencyResolution.targets(80,5): message :       ResolveProjectReferences;
       C:\Program Files\dotnet\sdk\10.0.101\Sdks\Microsoft.NET.Sdk\targets\Microsoft.PackageDependencyResolution.targets(80,5): message :       FindInvalidProjectReferences;
       C:\Program Files\dotnet\sdk\10.0.101\Sdks\Microsoft.NET.Sdk\targets\Microsoft.PackageDependencyResolution.targets(80,5): message :       GetFrameworkPaths;
       C:\Program Files\dotnet\sdk\10.0.101\Sdks\Microsoft.NET.Sdk\targets\Microsoft.PackageDependencyResolution.targets(80,5): message :       GetReferenceAssemblyPaths;
       C:\Program Files\dotnet\sdk\10.0.101\Sdks\Microsoft.NET.Sdk\targets\Microsoft.PackageDependencyResolution.targets(80,5): message :       PrepareForBuild;
       C:\Program Files\dotnet\sdk\10.0.101\Sdks\Microsoft.NET.Sdk\targets\Microsoft.PackageDependencyResolution.targets(80,5): message :       ResolveSDKReferences;
       C:\Program Files\dotnet\sdk\10.0.101\Sdks\Microsoft.NET.Sdk\targets\Microsoft.PackageDependencyResolution.targets(80,5): message :       ExpandSDKReferences;
       C:\Program Files\dotnet\sdk\10.0.101\Sdks\Microsoft.NET.Sdk\targets\Microsoft.PackageDependencyResolution.targets(80,5): message :     ") konum: C:\Program Files\dotnet\sdk\10.0.101\Sdks\Microsoft.NET.Sdk\targets\Microsoft.PackageDependencyResolution.targets (80,5)
       C:\Program Files\dotnet\sdk\10.0.101\Sdks\Microsoft.NET.Sdk\targets\Microsoft.PackageDependencyResolution.targets(86,5): message : Özellik yeniden ataması: $(PrepareResourcesDependsOn)="
       C:\Program Files\dotnet\sdk\10.0.101\Sdks\Microsoft.NET.Sdk\targets\Microsoft.PackageDependencyResolution.targets(86,5): message :       ResolvePackageDependenciesForBuild;
       C:\Program Files\dotnet\sdk\10.0.101\Sdks\Microsoft.NET.Sdk\targets\Microsoft.PackageDependencyResolution.targets(86,5): message :       _HandlePackageFileConflicts;
       C:\Program Files\dotnet\sdk\10.0.101\Sdks\Microsoft.NET.Sdk\targets\Microsoft.PackageDependencyResolution.targets(86,5): message :       
       C:\Program Files\dotnet\sdk\10.0.101\Sdks\Microsoft.NET.Sdk\targets\Microsoft.PackageDependencyResolution.targets(86,5): message :       ;
       C:\Program Files\dotnet\sdk\10.0.101\Sdks\Microsoft.NET.Sdk\targets\Microsoft.PackageDependencyResolution.targets(86,5): message :       PrepareResourceNames;
       C:\Program Files\dotnet\sdk\10.0.101\Sdks\Microsoft.NET.Sdk\targets\Microsoft.PackageDependencyResolution.targets(86,5): message :       ResGen;
       C:\Program Files\dotnet\sdk\10.0.101\Sdks\Microsoft.NET.Sdk\targets\Microsoft.PackageDependencyResolution.targets(86,5): message :       CompileLicxFiles
       C:\Program Files\dotnet\sdk\10.0.101\Sdks\Microsoft.NET.Sdk\targets\Microsoft.PackageDependencyResolution.targets(86,5): message :     
       C:\Program Files\dotnet\sdk\10.0.101\Sdks\Microsoft.NET.Sdk\targets\Microsoft.PackageDependencyResolution.targets(86,5): message :     " (önceki değer: "
       C:\Program Files\dotnet\sdk\10.0.101\Sdks\Microsoft.NET.Sdk\targets\Microsoft.PackageDependencyResolution.targets(86,5): message :       ;
       C:\Program Files\dotnet\sdk\10.0.101\Sdks\Microsoft.NET.Sdk\targets\Microsoft.PackageDependencyResolution.targets(86,5): message :       PrepareResourceNames;
       C:\Program Files\dotnet\sdk\10.0.101\Sdks\Microsoft.NET.Sdk\targets\Microsoft.PackageDependencyResolution.targets(86,5): message :       ResGen;
       C:\Program Files\dotnet\sdk\10.0.101\Sdks\Microsoft.NET.Sdk\targets\Microsoft.PackageDependencyResolution.targets(86,5): message :       CompileLicxFiles
       C:\Program Files\dotnet\sdk\10.0.101\Sdks\Microsoft.NET.Sdk\targets\Microsoft.PackageDependencyResolution.targets(86,5): message :     ") konum: C:\Program Files\dotnet\sdk\10.0.101\Sdks\Microsoft.NET.Sdk\targets\Microsoft.PackageDependencyResolution.targets (86,5)
       "EnableDefaultCompileItems" özelliği genel bir özelliktir ve değiştirilemez.
       "EnableDefaultEmbeddedResourceItems" özelliği genel bir özelliktir ve değiştirilemez.
       "EnableDefaultNoneItems" özelliği genel bir özelliktir ve değiştirilemez.
       C:\Program Files\dotnet\sdk\10.0.101\Sdks\Microsoft.NET.Sdk\targets\Microsoft.NET.Sdk.DefaultItems.targets(35,5): message : Özellik yeniden ataması: $(DefaultItemExcludes)=";bin\Debug\/**;obj\Debug\/**;bin\/**" (önceki değer: ";bin\Debug\/**;obj\Debug\/**") konum: C:\Program Files\dotnet\sdk\10.0.101\Sdks\Microsoft.NET.Sdk\targets\Microsoft.NET.Sdk.DefaultItems.targets (35,5)
       C:\Program Files\dotnet\sdk\10.0.101\Sdks\Microsoft.NET.Sdk\targets\Microsoft.NET.Sdk.DefaultItems.targets(37,5): message : Özellik yeniden ataması: $(DefaultItemExcludes)=";bin\Debug\/**;obj\Debug\/**;bin\/**;obj\/**" (önceki değer: ";bin\Debug\/**;obj\Debug\/**;bin\/**") konum: C:\Program Files\dotnet\sdk\10.0.101\Sdks\Microsoft.NET.Sdk\targets\Microsoft.NET.Sdk.DefaultItems.targets (37,5)
       C:\Program Files\dotnet\sdk\10.0.101\Sdks\Microsoft.NET.Sdk\targets\Microsoft.NET.Sdk.DefaultItems.targets(40,5): message : Özellik yeniden ataması: $(DefaultItemExcludes)=";bin\Debug\/**;obj\Debug\/**;bin\/**;obj\/**;**/*.user" (önceki değer: ";bin\Debug\/**;obj\Debug\/**;bin\/**;obj\/**") konum: C:\Program Files\dotnet\sdk\10.0.101\Sdks\Microsoft.NET.Sdk\targets\Microsoft.NET.Sdk.DefaultItems.targets (40,5)
       C:\Program Files\dotnet\sdk\10.0.101\Sdks\Microsoft.NET.Sdk\targets\Microsoft.NET.Sdk.DefaultItems.targets(41,5): message : Özellik yeniden ataması: $(DefaultItemExcludes)=";bin\Debug\/**;obj\Debug\/**;bin\/**;obj\/**;**/*.user;**/*.*proj" (önceki değer: ";bin\Debug\/**;obj\Debug\/**;bin\/**;obj\/**;**/*.user") konum: C:\Program Files\dotnet\sdk\10.0.101\Sdks\Microsoft.NET.Sdk\targets\Microsoft.NET.Sdk.DefaultItems.targets (41,5)
       C:\Program Files\dotnet\sdk\10.0.101\Sdks\Microsoft.NET.Sdk\targets\Microsoft.NET.Sdk.DefaultItems.targets(42,5): message : Özellik yeniden ataması: $(DefaultItemExcludes)=";bin\Debug\/**;obj\Debug\/**;bin\/**;obj\/**;**/*.user;**/*.*proj;**/*.sln" (önceki değer: ";bin\Debug\/**;obj\Debug\/**;bin\/**;obj\/**;**/*.user;**/*.*proj") konum: C:\Program Files\dotnet\sdk\10.0.101\Sdks\Microsoft.NET.Sdk\targets\Microsoft.NET.Sdk.DefaultItems.targets (42,5)
       C:\Program Files\dotnet\sdk\10.0.101\Sdks\Microsoft.NET.Sdk\targets\Microsoft.NET.Sdk.DefaultItems.targets(43,5): message : Özellik yeniden ataması: $(DefaultItemExcludes)=";bin\Debug\/**;obj\Debug\/**;bin\/**;obj\/**;**/*.user;**/*.*proj;**/*.sln;**/*.slnx" (önceki değer: ";bin\Debug\/**;obj\Debug\/**;bin\/**;obj\/**;**/*.user;**/*.*proj;**/*.sln") konum: C:\Program Files\dotnet\sdk\10.0.101\Sdks\Microsoft.NET.Sdk\targets\Microsoft.NET.Sdk.DefaultItems.targets (43,5)
       C:\Program Files\dotnet\sdk\10.0.101\Sdks\Microsoft.NET.Sdk\targets\Microsoft.NET.Sdk.DefaultItems.targets(44,5): message : Özellik yeniden ataması: $(DefaultItemExcludes)=";bin\Debug\/**;obj\Debug\/**;bin\/**;obj\/**;**/*.user;**/*.*proj;**/*.sln;**/*.slnx;**/*.vssscc" (önceki değer: ";bin\Debug\/**;obj\Debug\/**;bin\/**;obj\/**;**/*.user;**/*.*proj;**/*.sln;**/*.slnx") konum: C:\Program Files\dotnet\sdk\10.0.101\Sdks\Microsoft.NET.Sdk\targets\Microsoft.NET.Sdk.DefaultItems.targets (44,5)
       C:\Program Files\dotnet\sdk\10.0.101\Sdks\Microsoft.NET.Sdk\targets\Microsoft.NET.Sdk.DefaultItems.targets(45,5): message : Özellik yeniden ataması: $(DefaultItemExcludes)=";bin\Debug\/**;obj\Debug\/**;bin\/**;obj\/**;**/*.user;**/*.*proj;**/*.sln;**/*.slnx;**/*.vssscc;**/.DS_Store" (önceki değer: ";bin\Debug\/**;obj\Debug\/**;bin\/**;obj\/**;**/*.user;**/*.*proj;**/*.sln;**/*.slnx;**/*.vssscc") konum: C:\Program Files\dotnet\sdk\10.0.101\Sdks\Microsoft.NET.Sdk\targets\Microsoft.NET.Sdk.DefaultItems.targets (45,5)
       C:\Program Files\dotnet\sdk\10.0.101\Sdks\Microsoft.NET.Sdk\targets\Microsoft.NET.Sdk.FrameworkReferenceResolution.targets(14,5): message : Özellik yeniden ataması: $(ResolveAssemblyReferencesDependsOn)="
       C:\Program Files\dotnet\sdk\10.0.101\Sdks\Microsoft.NET.Sdk\targets\Microsoft.NET.Sdk.FrameworkReferenceResolution.targets(14,5): message :       
       C:\Program Files\dotnet\sdk\10.0.101\Sdks\Microsoft.NET.Sdk\targets\Microsoft.NET.Sdk.FrameworkReferenceResolution.targets(14,5): message :       
       C:\Program Files\dotnet\sdk\10.0.101\Sdks\Microsoft.NET.Sdk\targets\Microsoft.NET.Sdk.FrameworkReferenceResolution.targets(14,5): message :       ResolveProjectReferences;
       C:\Program Files\dotnet\sdk\10.0.101\Sdks\Microsoft.NET.Sdk\targets\Microsoft.NET.Sdk.FrameworkReferenceResolution.targets(14,5): message :       FindInvalidProjectReferences;
       C:\Program Files\dotnet\sdk\10.0.101\Sdks\Microsoft.NET.Sdk\targets\Microsoft.NET.Sdk.FrameworkReferenceResolution.targets(14,5): message :       GetFrameworkPaths;
       C:\Program Files\dotnet\sdk\10.0.101\Sdks\Microsoft.NET.Sdk\targets\Microsoft.NET.Sdk.FrameworkReferenceResolution.targets(14,5): message :       GetReferenceAssemblyPaths;
       C:\Program Files\dotnet\sdk\10.0.101\Sdks\Microsoft.NET.Sdk\targets\Microsoft.NET.Sdk.FrameworkReferenceResolution.targets(14,5): message :       PrepareForBuild;
       C:\Program Files\dotnet\sdk\10.0.101\Sdks\Microsoft.NET.Sdk\targets\Microsoft.NET.Sdk.FrameworkReferenceResolution.targets(14,5): message :       ResolveSDKReferences;
       C:\Program Files\dotnet\sdk\10.0.101\Sdks\Microsoft.NET.Sdk\targets\Microsoft.NET.Sdk.FrameworkReferenceResolution.targets(14,5): message :       ExpandSDKReferences;
       C:\Program Files\dotnet\sdk\10.0.101\Sdks\Microsoft.NET.Sdk\targets\Microsoft.NET.Sdk.FrameworkReferenceResolution.targets(14,5): message :     ;
       C:\Program Files\dotnet\sdk\10.0.101\Sdks\Microsoft.NET.Sdk\targets\Microsoft.NET.Sdk.FrameworkReferenceResolution.targets(14,5): message :       ResolvePackageDependenciesForBuild;
       C:\Program Files\dotnet\sdk\10.0.101\Sdks\Microsoft.NET.Sdk\targets\Microsoft.NET.Sdk.FrameworkReferenceResolution.targets(14,5): message :       _HandlePackageFileConflicts;
       C:\Program Files\dotnet\sdk\10.0.101\Sdks\Microsoft.NET.Sdk\targets\Microsoft.NET.Sdk.FrameworkReferenceResolution.targets(14,5): message :     ;
       C:\Program Files\dotnet\sdk\10.0.101\Sdks\Microsoft.NET.Sdk\targets\Microsoft.NET.Sdk.FrameworkReferenceResolution.targets(14,5): message :       ResolveTargetingPackAssets;
       C:\Program Files\dotnet\sdk\10.0.101\Sdks\Microsoft.NET.Sdk\targets\Microsoft.NET.Sdk.FrameworkReferenceResolution.targets(14,5): message :     " (önceki değer: "
       C:\Program Files\dotnet\sdk\10.0.101\Sdks\Microsoft.NET.Sdk\targets\Microsoft.NET.Sdk.FrameworkReferenceResolution.targets(14,5): message :       
       C:\Program Files\dotnet\sdk\10.0.101\Sdks\Microsoft.NET.Sdk\targets\Microsoft.NET.Sdk.FrameworkReferenceResolution.targets(14,5): message :       ResolveProjectReferences;
       C:\Program Files\dotnet\sdk\10.0.101\Sdks\Microsoft.NET.Sdk\targets\Microsoft.NET.Sdk.FrameworkReferenceResolution.targets(14,5): message :       FindInvalidProjectReferences;
       C:\Program Files\dotnet\sdk\10.0.101\Sdks\Microsoft.NET.Sdk\targets\Microsoft.NET.Sdk.FrameworkReferenceResolution.targets(14,5): message :       GetFrameworkPaths;
       C:\Program Files\dotnet\sdk\10.0.101\Sdks\Microsoft.NET.Sdk\targets\Microsoft.NET.Sdk.FrameworkReferenceResolution.targets(14,5): message :       GetReferenceAssemblyPaths;
       C:\Program Files\dotnet\sdk\10.0.101\Sdks\Microsoft.NET.Sdk\targets\Microsoft.NET.Sdk.FrameworkReferenceResolution.targets(14,5): message :       PrepareForBuild;
       C:\Program Files\dotnet\sdk\10.0.101\Sdks\Microsoft.NET.Sdk\targets\Microsoft.NET.Sdk.FrameworkReferenceResolution.targets(14,5): message :       ResolveSDKReferences;
       C:\Program Files\dotnet\sdk\10.0.101\Sdks\Microsoft.NET.Sdk\targets\Microsoft.NET.Sdk.FrameworkReferenceResolution.targets(14,5): message :       ExpandSDKReferences;
       C:\Program Files\dotnet\sdk\10.0.101\Sdks\Microsoft.NET.Sdk\targets\Microsoft.NET.Sdk.FrameworkReferenceResolution.targets(14,5): message :     ;
       C:\Program Files\dotnet\sdk\10.0.101\Sdks\Microsoft.NET.Sdk\targets\Microsoft.NET.Sdk.FrameworkReferenceResolution.targets(14,5): message :       ResolvePackageDependenciesForBuild;
       C:\Program Files\dotnet\sdk\10.0.101\Sdks\Microsoft.NET.Sdk\targets\Microsoft.NET.Sdk.FrameworkReferenceResolution.targets(14,5): message :       _HandlePackageFileConflicts;
       C:\Program Files\dotnet\sdk\10.0.101\Sdks\Microsoft.NET.Sdk\targets\Microsoft.NET.Sdk.FrameworkReferenceResolution.targets(14,5): message :     ") konum: C:\Program Files\dotnet\sdk\10.0.101\Sdks\Microsoft.NET.Sdk\targets\Microsoft.NET.Sdk.FrameworkReferenceResolution.targets (14,5)
       C:\Program Files\dotnet\sdk\10.0.101\Sdks\Microsoft.NET.Sdk\targets\Microsoft.NET.Sdk.targets(44,5): message : Özellik yeniden ataması: $(_GenerateRuntimeConfigurationPropertyInputsCache)="C:\Users\Atakan\OneDrive\Documents\GitHub\tokenizer-filter-machine\TurkMorph\obj\Debug\net8.0-windows\TurkMorph.genruntimeconfig.cache" (önceki değer: "obj\Debug\net8.0-windows\TurkMorph.genruntimeconfig.cache") konum: C:\Program Files\dotnet\sdk\10.0.101\Sdks\Microsoft.NET.Sdk\targets\Microsoft.NET.Sdk.targets (44,5)
       C:\Program Files\dotnet\sdk\10.0.101\Sdks\Microsoft.NET.Sdk\targets\Microsoft.NET.Sdk.targets(46,5): message : Özellik yeniden ataması: $(_GeneratePublishDependencyFilePropertyInputsCache)="C:\Users\Atakan\OneDrive\Documents\GitHub\tokenizer-filter-machine\TurkMorph\obj\Debug\net8.0-windows\TurkMorph.genpublishdeps.cache" (önceki değer: "obj\Debug\net8.0-windows\TurkMorph.genpublishdeps.cache") konum: C:\Program Files\dotnet\sdk\10.0.101\Sdks\Microsoft.NET.Sdk\targets\Microsoft.NET.Sdk.targets (46,5)
       C:\Program Files\dotnet\sdk\10.0.101\Sdks\Microsoft.NET.Sdk\targets\Microsoft.NET.Sdk.targets(48,5): message : Özellik yeniden ataması: $(_GenerateSingleFileBundlePropertyInputsCache)="C:\Users\Atakan\OneDrive\Documents\GitHub\tokenizer-filter-machine\TurkMorph\obj\Debug\net8.0-windows\TurkMorph.genbundle.cache" (önceki değer: "obj\Debug\net8.0-windows\TurkMorph.genbundle.cache") konum: C:\Program Files\dotnet\sdk\10.0.101\Sdks\Microsoft.NET.Sdk\targets\Microsoft.NET.Sdk.targets (48,5)
       C:\Program Files\dotnet\sdk\10.0.101\Sdks\Microsoft.NET.Sdk\targets\Microsoft.NET.Sdk.targets(81,5): message : Özellik yeniden ataması: $(GenerateRuntimeConfigDevFile)="false" (önceki değer: "true") konum: C:\Program Files\dotnet\sdk\10.0.101\Sdks\Microsoft.NET.Sdk\targets\Microsoft.NET.Sdk.targets (81,5)
       C:\Program Files\dotnet\sdk\10.0.101\Sdks\Microsoft.NET.Sdk\targets\Microsoft.NET.Sdk.targets(98,5): message : 'C:\Users\Atakan' değerine sahip 'USERPROFILE' özelliği ortamdan genişletildi.
       C:\Program Files\dotnet\sdk\10.0.101\Sdks\Microsoft.NET.Sdk\targets\Microsoft.NET.Sdk.targets(98,5): message : Özellik yeniden ataması: $(_DefaultUserProfileRuntimeStorePath)="C:\Users\Atakan" (önceki değer: "") konum: C:\Program Files\dotnet\sdk\10.0.101\Sdks\Microsoft.NET.Sdk\targets\Microsoft.NET.Sdk.targets (98,5)
       C:\Program Files\dotnet\sdk\10.0.101\Sdks\Microsoft.NET.Sdk\targets\Microsoft.NET.Sdk.targets(99,5): message : Özellik yeniden ataması: $(_DefaultUserProfileRuntimeStorePath)="C:\Users\Atakan\.dotnet\store" (önceki değer: "C:\Users\Atakan") konum: C:\Program Files\dotnet\sdk\10.0.101\Sdks\Microsoft.NET.Sdk\targets\Microsoft.NET.Sdk.targets (99,5)
       C:\Program Files\dotnet\sdk\10.0.101\Sdks\Microsoft.NET.Sdk\targets\Microsoft.NET.Sdk.targets(144,5): message : Özellik yeniden ataması: $(AvailablePlatforms)="Any CPU,x86,x64,ARM32" (önceki değer: "Any CPU,x86,x64") konum: C:\Program Files\dotnet\sdk\10.0.101\Sdks\Microsoft.NET.Sdk\targets\Microsoft.NET.Sdk.targets (144,5)
       C:\Program Files\dotnet\sdk\10.0.101\Sdks\Microsoft.NET.Sdk\targets\Microsoft.NET.Sdk.targets(148,5): message : Özellik yeniden ataması: $(AvailablePlatforms)="Any CPU,x86,x64,ARM32,ARM64" (önceki değer: "Any CPU,x86,x64,ARM32") konum: C:\Program Files\dotnet\sdk\10.0.101\Sdks\Microsoft.NET.Sdk\targets\Microsoft.NET.Sdk.targets (148,5)
       C:\Program Files\dotnet\sdk\10.0.101\Sdks\Microsoft.NET.Sdk\targets\Microsoft.NET.Sdk.targets(204,5): message : Özellik yeniden ataması: $(CoreBuildDependsOn)="
       C:\Program Files\dotnet\sdk\10.0.101\Sdks\Microsoft.NET.Sdk\targets\Microsoft.NET.Sdk.targets(204,5): message :       _CheckForBuildWithNoBuild;
       C:\Program Files\dotnet\sdk\10.0.101\Sdks\Microsoft.NET.Sdk\targets\Microsoft.NET.Sdk.targets(204,5): message :       
       C:\Program Files\dotnet\sdk\10.0.101\Sdks\Microsoft.NET.Sdk\targets\Microsoft.NET.Sdk.targets(204,5): message :       BuildOnlySettings;
       C:\Program Files\dotnet\sdk\10.0.101\Sdks\Microsoft.NET.Sdk\targets\Microsoft.NET.Sdk.targets(204,5): message :       PrepareForBuild;
       C:\Program Files\dotnet\sdk\10.0.101\Sdks\Microsoft.NET.Sdk\targets\Microsoft.NET.Sdk.targets(204,5): message :       PreBuildEvent;
       C:\Program Files\dotnet\sdk\10.0.101\Sdks\Microsoft.NET.Sdk\targets\Microsoft.NET.Sdk.targets(204,5): message :       ResolveReferences;
       C:\Program Files\dotnet\sdk\10.0.101\Sdks\Microsoft.NET.Sdk\targets\Microsoft.NET.Sdk.targets(204,5): message :       PrepareResources;
       C:\Program Files\dotnet\sdk\10.0.101\Sdks\Microsoft.NET.Sdk\targets\Microsoft.NET.Sdk.targets(204,5): message :       ResolveKeySource;
       C:\Program Files\dotnet\sdk\10.0.101\Sdks\Microsoft.NET.Sdk\targets\Microsoft.NET.Sdk.targets(204,5): message :       Compile;
       C:\Program Files\dotnet\sdk\10.0.101\Sdks\Microsoft.NET.Sdk\targets\Microsoft.NET.Sdk.targets(204,5): message :       ExportWindowsMDFile;
       C:\Program Files\dotnet\sdk\10.0.101\Sdks\Microsoft.NET.Sdk\targets\Microsoft.NET.Sdk.targets(204,5): message :       UnmanagedUnregistration;
       C:\Program Files\dotnet\sdk\10.0.101\Sdks\Microsoft.NET.Sdk\targets\Microsoft.NET.Sdk.targets(204,5): message :       GenerateSerializationAssemblies;
       C:\Program Files\dotnet\sdk\10.0.101\Sdks\Microsoft.NET.Sdk\targets\Microsoft.NET.Sdk.targets(204,5): message :       CreateSatelliteAssemblies;
       C:\Program Files\dotnet\sdk\10.0.101\Sdks\Microsoft.NET.Sdk\targets\Microsoft.NET.Sdk.targets(204,5): message :       GenerateManifests;
       C:\Program Files\dotnet\sdk\10.0.101\Sdks\Microsoft.NET.Sdk\targets\Microsoft.NET.Sdk.targets(204,5): message :       GetTargetPath;
       C:\Program Files\dotnet\sdk\10.0.101\Sdks\Microsoft.NET.Sdk\targets\Microsoft.NET.Sdk.targets(204,5): message :       PrepareForRun;
       C:\Program Files\dotnet\sdk\10.0.101\Sdks\Microsoft.NET.Sdk\targets\Microsoft.NET.Sdk.targets(204,5): message :       UnmanagedRegistration;
       C:\Program Files\dotnet\sdk\10.0.101\Sdks\Microsoft.NET.Sdk\targets\Microsoft.NET.Sdk.targets(204,5): message :       IncrementalClean;
       C:\Program Files\dotnet\sdk\10.0.101\Sdks\Microsoft.NET.Sdk\targets\Microsoft.NET.Sdk.targets(204,5): message :       PostBuildEvent
       C:\Program Files\dotnet\sdk\10.0.101\Sdks\Microsoft.NET.Sdk\targets\Microsoft.NET.Sdk.targets(204,5): message :     ;
       C:\Program Files\dotnet\sdk\10.0.101\Sdks\Microsoft.NET.Sdk\targets\Microsoft.NET.Sdk.targets(204,5): message :       GenerateBuildDependencyFile;
       C:\Program Files\dotnet\sdk\10.0.101\Sdks\Microsoft.NET.Sdk\targets\Microsoft.NET.Sdk.targets(204,5): message :       GenerateBuildRuntimeConfigurationFiles
       C:\Program Files\dotnet\sdk\10.0.101\Sdks\Microsoft.NET.Sdk\targets\Microsoft.NET.Sdk.targets(204,5): message :     " (önceki değer: "
       C:\Program Files\dotnet\sdk\10.0.101\Sdks\Microsoft.NET.Sdk\targets\Microsoft.NET.Sdk.targets(204,5): message :       BuildOnlySettings;
       C:\Program Files\dotnet\sdk\10.0.101\Sdks\Microsoft.NET.Sdk\targets\Microsoft.NET.Sdk.targets(204,5): message :       PrepareForBuild;
       C:\Program Files\dotnet\sdk\10.0.101\Sdks\Microsoft.NET.Sdk\targets\Microsoft.NET.Sdk.targets(204,5): message :       PreBuildEvent;
       C:\Program Files\dotnet\sdk\10.0.101\Sdks\Microsoft.NET.Sdk\targets\Microsoft.NET.Sdk.targets(204,5): message :       ResolveReferences;
       C:\Program Files\dotnet\sdk\10.0.101\Sdks\Microsoft.NET.Sdk\targets\Microsoft.NET.Sdk.targets(204,5): message :       PrepareResources;
       C:\Program Files\dotnet\sdk\10.0.101\Sdks\Microsoft.NET.Sdk\targets\Microsoft.NET.Sdk.targets(204,5): message :       ResolveKeySource;
       C:\Program Files\dotnet\sdk\10.0.101\Sdks\Microsoft.NET.Sdk\targets\Microsoft.NET.Sdk.targets(204,5): message :       Compile;
       C:\Program Files\dotnet\sdk\10.0.101\Sdks\Microsoft.NET.Sdk\targets\Microsoft.NET.Sdk.targets(204,5): message :       ExportWindowsMDFile;
       C:\Program Files\dotnet\sdk\10.0.101\Sdks\Microsoft.NET.Sdk\targets\Microsoft.NET.Sdk.targets(204,5): message :       UnmanagedUnregistration;
       C:\Program Files\dotnet\sdk\10.0.101\Sdks\Microsoft.NET.Sdk\targets\Microsoft.NET.Sdk.targets(204,5): message :       GenerateSerializationAssemblies;
       C:\Program Files\dotnet\sdk\10.0.101\Sdks\Microsoft.NET.Sdk\targets\Microsoft.NET.Sdk.targets(204,5): message :       CreateSatelliteAssemblies;
       C:\Program Files\dotnet\sdk\10.0.101\Sdks\Microsoft.NET.Sdk\targets\Microsoft.NET.Sdk.targets(204,5): message :       GenerateManifests;
       C:\Program Files\dotnet\sdk\10.0.101\Sdks\Microsoft.NET.Sdk\targets\Microsoft.NET.Sdk.targets(204,5): message :       GetTargetPath;
       C:\Program Files\dotnet\sdk\10.0.101\Sdks\Microsoft.NET.Sdk\targets\Microsoft.NET.Sdk.targets(204,5): message :       PrepareForRun;
       C:\Program Files\dotnet\sdk\10.0.101\Sdks\Microsoft.NET.Sdk\targets\Microsoft.NET.Sdk.targets(204,5): message :       UnmanagedRegistration;
       C:\Program Files\dotnet\sdk\10.0.101\Sdks\Microsoft.NET.Sdk\targets\Microsoft.NET.Sdk.targets(204,5): message :       IncrementalClean;
       C:\Program Files\dotnet\sdk\10.0.101\Sdks\Microsoft.NET.Sdk\targets\Microsoft.NET.Sdk.targets(204,5): message :       PostBuildEvent
       C:\Program Files\dotnet\sdk\10.0.101\Sdks\Microsoft.NET.Sdk\targets\Microsoft.NET.Sdk.targets(204,5): message :     ") konum: C:\Program Files\dotnet\sdk\10.0.101\Sdks\Microsoft.NET.Sdk\targets\Microsoft.NET.Sdk.targets (204,5)
       C:\Program Files\dotnet\sdk\10.0.101\Sdks\Microsoft.NET.Sdk\targets\Microsoft.NET.Sdk.targets(213,5): message : Özellik yeniden ataması: $(CoreCleanDependsOn)="
       C:\Program Files\dotnet\sdk\10.0.101\Sdks\Microsoft.NET.Sdk\targets\Microsoft.NET.Sdk.targets(213,5): message :       _SdkBeforeClean;
       C:\Program Files\dotnet\sdk\10.0.101\Sdks\Microsoft.NET.Sdk\targets\Microsoft.NET.Sdk.targets(213,5): message :       
       C:\Program Files\dotnet\sdk\10.0.101\Sdks\Microsoft.NET.Sdk\targets\Microsoft.NET.Sdk.targets(213,5): message :     " (önceki değer: "") konum: C:\Program Files\dotnet\sdk\10.0.101\Sdks\Microsoft.NET.Sdk\targets\Microsoft.NET.Sdk.targets (213,5)
       C:\Program Files\dotnet\sdk\10.0.101\Sdks\Microsoft.NET.Sdk\targets\Microsoft.NET.Sdk.targets(220,5): message : Özellik yeniden ataması: $(RebuildDependsOn)="
       C:\Program Files\dotnet\sdk\10.0.101\Sdks\Microsoft.NET.Sdk\targets\Microsoft.NET.Sdk.targets(220,5): message :       _SdkBeforeRebuild;
       C:\Program Files\dotnet\sdk\10.0.101\Sdks\Microsoft.NET.Sdk\targets\Microsoft.NET.Sdk.targets(220,5): message :       
       C:\Program Files\dotnet\sdk\10.0.101\Sdks\Microsoft.NET.Sdk\targets\Microsoft.NET.Sdk.targets(220,5): message :       BeforeRebuild;
       C:\Program Files\dotnet\sdk\10.0.101\Sdks\Microsoft.NET.Sdk\targets\Microsoft.NET.Sdk.targets(220,5): message :       Clean;
       C:\Program Files\dotnet\sdk\10.0.101\Sdks\Microsoft.NET.Sdk\targets\Microsoft.NET.Sdk.targets(220,5): message :       Build;
       C:\Program Files\dotnet\sdk\10.0.101\Sdks\Microsoft.NET.Sdk\targets\Microsoft.NET.Sdk.targets(220,5): message :       AfterRebuild;
       C:\Program Files\dotnet\sdk\10.0.101\Sdks\Microsoft.NET.Sdk\targets\Microsoft.NET.Sdk.targets(220,5): message :     
       C:\Program Files\dotnet\sdk\10.0.101\Sdks\Microsoft.NET.Sdk\targets\Microsoft.NET.Sdk.targets(220,5): message :     " (önceki değer: "
       C:\Program Files\dotnet\sdk\10.0.101\Sdks\Microsoft.NET.Sdk\targets\Microsoft.NET.Sdk.targets(220,5): message :       BeforeRebuild;
       C:\Program Files\dotnet\sdk\10.0.101\Sdks\Microsoft.NET.Sdk\targets\Microsoft.NET.Sdk.targets(220,5): message :       Clean;
       C:\Program Files\dotnet\sdk\10.0.101\Sdks\Microsoft.NET.Sdk\targets\Microsoft.NET.Sdk.targets(220,5): message :       Build;
       C:\Program Files\dotnet\sdk\10.0.101\Sdks\Microsoft.NET.Sdk\targets\Microsoft.NET.Sdk.targets(220,5): message :       AfterRebuild;
       C:\Program Files\dotnet\sdk\10.0.101\Sdks\Microsoft.NET.Sdk\targets\Microsoft.NET.Sdk.targets(220,5): message :     ") konum: C:\Program Files\dotnet\sdk\10.0.101\Sdks\Microsoft.NET.Sdk\targets\Microsoft.NET.Sdk.targets (220,5)
       C:\Program Files\dotnet\sdk\10.0.101\Sdks\Microsoft.NET.Sdk\targets\Microsoft.NET.Sdk.targets(799,5): message : Özellik yeniden ataması: $(CompileDependsOn)="
       C:\Program Files\dotnet\sdk\10.0.101\Sdks\Microsoft.NET.Sdk\targets\Microsoft.NET.Sdk.targets(799,5): message :       
       C:\Program Files\dotnet\sdk\10.0.101\Sdks\Microsoft.NET.Sdk\targets\Microsoft.NET.Sdk.targets(799,5): message :       ResolveReferences;
       C:\Program Files\dotnet\sdk\10.0.101\Sdks\Microsoft.NET.Sdk\targets\Microsoft.NET.Sdk.targets(799,5): message :       ResolveKeySource;
       C:\Program Files\dotnet\sdk\10.0.101\Sdks\Microsoft.NET.Sdk\targets\Microsoft.NET.Sdk.targets(799,5): message :       SetWin32ManifestProperties;
       C:\Program Files\dotnet\sdk\10.0.101\Sdks\Microsoft.NET.Sdk\targets\Microsoft.NET.Sdk.targets(799,5): message :       _SetPreferNativeArm64Win32ManifestProperties;
       C:\Program Files\dotnet\sdk\10.0.101\Sdks\Microsoft.NET.Sdk\targets\Microsoft.NET.Sdk.targets(799,5): message :       FindReferenceAssembliesForReferences;
       C:\Program Files\dotnet\sdk\10.0.101\Sdks\Microsoft.NET.Sdk\targets\Microsoft.NET.Sdk.targets(799,5): message :       _GenerateCompileInputs;
       C:\Program Files\dotnet\sdk\10.0.101\Sdks\Microsoft.NET.Sdk\targets\Microsoft.NET.Sdk.targets(799,5): message :       BeforeCompile;
       C:\Program Files\dotnet\sdk\10.0.101\Sdks\Microsoft.NET.Sdk\targets\Microsoft.NET.Sdk.targets(799,5): message :       _TimeStampBeforeCompile;
       C:\Program Files\dotnet\sdk\10.0.101\Sdks\Microsoft.NET.Sdk\targets\Microsoft.NET.Sdk.targets(799,5): message :       _GenerateCompileDependencyCache;
       C:\Program Files\dotnet\sdk\10.0.101\Sdks\Microsoft.NET.Sdk\targets\Microsoft.NET.Sdk.targets(799,5): message :       CoreCompile;
       C:\Program Files\dotnet\sdk\10.0.101\Sdks\Microsoft.NET.Sdk\targets\Microsoft.NET.Sdk.targets(799,5): message :       _TimeStampAfterCompile;
       C:\Program Files\dotnet\sdk\10.0.101\Sdks\Microsoft.NET.Sdk\targets\Microsoft.NET.Sdk.targets(799,5): message :       AfterCompile;
       C:\Program Files\dotnet\sdk\10.0.101\Sdks\Microsoft.NET.Sdk\targets\Microsoft.NET.Sdk.targets(799,5): message :     ;
       C:\Program Files\dotnet\sdk\10.0.101\Sdks\Microsoft.NET.Sdk\targets\Microsoft.NET.Sdk.targets(799,5): message :       _CreateAppHost;
       C:\Program Files\dotnet\sdk\10.0.101\Sdks\Microsoft.NET.Sdk\targets\Microsoft.NET.Sdk.targets(799,5): message :       _CreateComHost;
       C:\Program Files\dotnet\sdk\10.0.101\Sdks\Microsoft.NET.Sdk\targets\Microsoft.NET.Sdk.targets(799,5): message :       _GetIjwHostPaths;
       C:\Program Files\dotnet\sdk\10.0.101\Sdks\Microsoft.NET.Sdk\targets\Microsoft.NET.Sdk.targets(799,5): message :     " (önceki değer: "
       C:\Program Files\dotnet\sdk\10.0.101\Sdks\Microsoft.NET.Sdk\targets\Microsoft.NET.Sdk.targets(799,5): message :       ResolveReferences;
       C:\Program Files\dotnet\sdk\10.0.101\Sdks\Microsoft.NET.Sdk\targets\Microsoft.NET.Sdk.targets(799,5): message :       ResolveKeySource;
       C:\Program Files\dotnet\sdk\10.0.101\Sdks\Microsoft.NET.Sdk\targets\Microsoft.NET.Sdk.targets(799,5): message :       SetWin32ManifestProperties;
       C:\Program Files\dotnet\sdk\10.0.101\Sdks\Microsoft.NET.Sdk\targets\Microsoft.NET.Sdk.targets(799,5): message :       _SetPreferNativeArm64Win32ManifestProperties;
       C:\Program Files\dotnet\sdk\10.0.101\Sdks\Microsoft.NET.Sdk\targets\Microsoft.NET.Sdk.targets(799,5): message :       FindReferenceAssembliesForReferences;
       C:\Program Files\dotnet\sdk\10.0.101\Sdks\Microsoft.NET.Sdk\targets\Microsoft.NET.Sdk.targets(799,5): message :       _GenerateCompileInputs;
       C:\Program Files\dotnet\sdk\10.0.101\Sdks\Microsoft.NET.Sdk\targets\Microsoft.NET.Sdk.targets(799,5): message :       BeforeCompile;
       C:\Program Files\dotnet\sdk\10.0.101\Sdks\Microsoft.NET.Sdk\targets\Microsoft.NET.Sdk.targets(799,5): message :       _TimeStampBeforeCompile;
       C:\Program Files\dotnet\sdk\10.0.101\Sdks\Microsoft.NET.Sdk\targets\Microsoft.NET.Sdk.targets(799,5): message :       _GenerateCompileDependencyCache;
       C:\Program Files\dotnet\sdk\10.0.101\Sdks\Microsoft.NET.Sdk\targets\Microsoft.NET.Sdk.targets(799,5): message :       CoreCompile;
       C:\Program Files\dotnet\sdk\10.0.101\Sdks\Microsoft.NET.Sdk\targets\Microsoft.NET.Sdk.targets(799,5): message :       _TimeStampAfterCompile;
       C:\Program Files\dotnet\sdk\10.0.101\Sdks\Microsoft.NET.Sdk\targets\Microsoft.NET.Sdk.targets(799,5): message :       AfterCompile;
       C:\Program Files\dotnet\sdk\10.0.101\Sdks\Microsoft.NET.Sdk\targets\Microsoft.NET.Sdk.targets(799,5): message :     ") konum: C:\Program Files\dotnet\sdk\10.0.101\Sdks\Microsoft.NET.Sdk\targets\Microsoft.NET.Sdk.targets (799,5)
       C:\Program Files\dotnet\sdk\10.0.101\Sdks\Microsoft.NET.Sdk\targets\Microsoft.NET.Sdk.targets(1131,5): message : Özellik yeniden ataması: $(CreateSatelliteAssembliesDependsOn)="
       C:\Program Files\dotnet\sdk\10.0.101\Sdks\Microsoft.NET.Sdk\targets\Microsoft.NET.Sdk.targets(1131,5): message :       
       C:\Program Files\dotnet\sdk\10.0.101\Sdks\Microsoft.NET.Sdk\targets\Microsoft.NET.Sdk.targets(1131,5): message :       ;
       C:\Program Files\dotnet\sdk\10.0.101\Sdks\Microsoft.NET.Sdk\targets\Microsoft.NET.Sdk.targets(1131,5): message :       _GenerateSatelliteAssemblyInputs;
       C:\Program Files\dotnet\sdk\10.0.101\Sdks\Microsoft.NET.Sdk\targets\Microsoft.NET.Sdk.targets(1131,5): message :       ComputeIntermediateSatelliteAssemblies;
       C:\Program Files\dotnet\sdk\10.0.101\Sdks\Microsoft.NET.Sdk\targets\Microsoft.NET.Sdk.targets(1131,5): message :       GenerateSatelliteAssemblies
       C:\Program Files\dotnet\sdk\10.0.101\Sdks\Microsoft.NET.Sdk\targets\Microsoft.NET.Sdk.targets(1131,5): message :     ;
       C:\Program Files\dotnet\sdk\10.0.101\Sdks\Microsoft.NET.Sdk\targets\Microsoft.NET.Sdk.targets(1131,5): message :       CoreGenerateSatelliteAssemblies
       C:\Program Files\dotnet\sdk\10.0.101\Sdks\Microsoft.NET.Sdk\targets\Microsoft.NET.Sdk.targets(1131,5): message :     " (önceki değer: "
       C:\Program Files\dotnet\sdk\10.0.101\Sdks\Microsoft.NET.Sdk\targets\Microsoft.NET.Sdk.targets(1131,5): message :       ;
       C:\Program Files\dotnet\sdk\10.0.101\Sdks\Microsoft.NET.Sdk\targets\Microsoft.NET.Sdk.targets(1131,5): message :       _GenerateSatelliteAssemblyInputs;
       C:\Program Files\dotnet\sdk\10.0.101\Sdks\Microsoft.NET.Sdk\targets\Microsoft.NET.Sdk.targets(1131,5): message :       ComputeIntermediateSatelliteAssemblies;
       C:\Program Files\dotnet\sdk\10.0.101\Sdks\Microsoft.NET.Sdk\targets\Microsoft.NET.Sdk.targets(1131,5): message :       GenerateSatelliteAssemblies
       C:\Program Files\dotnet\sdk\10.0.101\Sdks\Microsoft.NET.Sdk\targets\Microsoft.NET.Sdk.targets(1131,5): message :     ") konum: C:\Program Files\dotnet\sdk\10.0.101\Sdks\Microsoft.NET.Sdk\targets\Microsoft.NET.Sdk.targets (1131,5)
       C:\Program Files\dotnet\sdk\10.0.101\Sdks\Microsoft.SourceLink.GitLab\build\Microsoft.SourceLink.GitLab.targets(12,5): message : Özellik yeniden ataması: $(SourceLinkUrlInitializerTargets)=";_InitializeGitHubSourceLinkUrl;_InitializeGitLabSourceLinkUrl" (önceki değer: ";_InitializeGitHubSourceLinkUrl") konum: C:\Program Files\dotnet\sdk\10.0.101\Sdks\Microsoft.SourceLink.GitLab\build\Microsoft.SourceLink.GitLab.targets (12,5)
       C:\Program Files\dotnet\sdk\10.0.101\Sdks\Microsoft.SourceLink.GitLab\build\Microsoft.SourceLink.GitLab.targets(13,5): message : Özellik yeniden ataması: $(SourceControlManagerUrlTranslationTargets)=";TranslateGitHubUrlsInSourceControlInformation;TranslateGitLabUrlsInSourceControlInformation" (önceki değer: ";TranslateGitHubUrlsInSourceControlInformation") konum: C:\Program Files\dotnet\sdk\10.0.101\Sdks\Microsoft.SourceLink.GitLab\build\Microsoft.SourceLink.GitLab.targets (13,5)
       C:\Program Files\dotnet\sdk\10.0.101\Sdks\Microsoft.SourceLink.AzureRepos.Git\build\Microsoft.SourceLink.AzureRepos.Git.targets(12,5): message : Özellik yeniden ataması: $(SourceLinkUrlInitializerTargets)=";_InitializeGitHubSourceLinkUrl;_InitializeGitLabSourceLinkUrl;_InitializeAzureReposGitSourceLinkUrl" (önceki değer: ";_InitializeGitHubSourceLinkUrl;_InitializeGitLabSourceLinkUrl") konum: C:\Program Files\dotnet\sdk\10.0.101\Sdks\Microsoft.SourceLink.AzureRepos.Git\build\Microsoft.SourceLink.AzureRepos.Git.targets (12,5)
       C:\Program Files\dotnet\sdk\10.0.101\Sdks\Microsoft.SourceLink.AzureRepos.Git\build\Microsoft.SourceLink.AzureRepos.Git.targets(13,5): message : Özellik yeniden ataması: $(SourceControlManagerUrlTranslationTargets)=";TranslateGitHubUrlsInSourceControlInformation;TranslateGitLabUrlsInSourceControlInformation;TranslateAzureReposGitUrlsInSourceControlInformation" (önceki değer: ";TranslateGitHubUrlsInSourceControlInformation;TranslateGitLabUrlsInSourceControlInformation") konum: C:\Program Files\dotnet\sdk\10.0.101\Sdks\Microsoft.SourceLink.AzureRepos.Git\build\Microsoft.SourceLink.AzureRepos.Git.targets (13,5)
       C:\Program Files\dotnet\sdk\10.0.101\Sdks\Microsoft.SourceLink.Bitbucket.Git\build\Microsoft.SourceLink.Bitbucket.Git.targets(12,5): message : Özellik yeniden ataması: $(SourceLinkUrlInitializerTargets)=";_InitializeGitHubSourceLinkUrl;_InitializeGitLabSourceLinkUrl;_InitializeAzureReposGitSourceLinkUrl;_InitializeBitbucketGitSourceLinkUrl" (önceki değer: ";_InitializeGitHubSourceLinkUrl;_InitializeGitLabSourceLinkUrl;_InitializeAzureReposGitSourceLinkUrl") konum: C:\Program Files\dotnet\sdk\10.0.101\Sdks\Microsoft.SourceLink.Bitbucket.Git\build\Microsoft.SourceLink.Bitbucket.Git.targets (12,5)
       C:\Program Files\dotnet\sdk\10.0.101\Sdks\Microsoft.SourceLink.Bitbucket.Git\build\Microsoft.SourceLink.Bitbucket.Git.targets(13,5): message : Özellik yeniden ataması: $(SourceControlManagerUrlTranslationTargets)=";TranslateGitHubUrlsInSourceControlInformation;TranslateGitLabUrlsInSourceControlInformation;TranslateAzureReposGitUrlsInSourceControlInformation;TranslateBitbucketGitUrlsInSourceControlInformation" (önceki değer: ";TranslateGitHubUrlsInSourceControlInformation;TranslateGitLabUrlsInSourceControlInformation;TranslateAzureReposGitUrlsInSourceControlInformation") konum: C:\Program Files\dotnet\sdk\10.0.101\Sdks\Microsoft.SourceLink.Bitbucket.Git\build\Microsoft.SourceLink.Bitbucket.Git.targets (13,5)
       C:\Program Files\dotnet\sdk\10.0.101\Sdks\Microsoft.NET.Sdk\targets\Microsoft.NET.DesignerSupport.targets(21,5): message : Özellik yeniden ataması: $(DesignerRuntimeImplementationProjectOutputGroupDependsOn)="
       C:\Program Files\dotnet\sdk\10.0.101\Sdks\Microsoft.NET.Sdk\targets\Microsoft.NET.DesignerSupport.targets(21,5): message :       
       C:\Program Files\dotnet\sdk\10.0.101\Sdks\Microsoft.NET.Sdk\targets\Microsoft.NET.DesignerSupport.targets(21,5): message :       ;
       C:\Program Files\dotnet\sdk\10.0.101\Sdks\Microsoft.NET.Sdk\targets\Microsoft.NET.DesignerSupport.targets(21,5): message :       
       C:\Program Files\dotnet\sdk\10.0.101\Sdks\Microsoft.NET.Sdk\targets\Microsoft.NET.DesignerSupport.targets(21,5): message :       ;
       C:\Program Files\dotnet\sdk\10.0.101\Sdks\Microsoft.NET.Sdk\targets\Microsoft.NET.DesignerSupport.targets(21,5): message :       BuildOnlySettings;
       C:\Program Files\dotnet\sdk\10.0.101\Sdks\Microsoft.NET.Sdk\targets\Microsoft.NET.DesignerSupport.targets(21,5): message :       PrepareForBuild;
       C:\Program Files\dotnet\sdk\10.0.101\Sdks\Microsoft.NET.Sdk\targets\Microsoft.NET.DesignerSupport.targets(21,5): message :       AssignTargetPaths;
       C:\Program Files\dotnet\sdk\10.0.101\Sdks\Microsoft.NET.Sdk\targets\Microsoft.NET.DesignerSupport.targets(21,5): message :       ResolveReferences
       C:\Program Files\dotnet\sdk\10.0.101\Sdks\Microsoft.NET.Sdk\targets\Microsoft.NET.DesignerSupport.targets(21,5): message :     
       C:\Program Files\dotnet\sdk\10.0.101\Sdks\Microsoft.NET.Sdk\targets\Microsoft.NET.DesignerSupport.targets(21,5): message :     ;
       C:\Program Files\dotnet\sdk\10.0.101\Sdks\Microsoft.NET.Sdk\targets\Microsoft.NET.DesignerSupport.targets(21,5): message :       _GenerateDesignerDepsFile;
       C:\Program Files\dotnet\sdk\10.0.101\Sdks\Microsoft.NET.Sdk\targets\Microsoft.NET.DesignerSupport.targets(21,5): message :       _GenerateDesignerRuntimeConfigFile;
       C:\Program Files\dotnet\sdk\10.0.101\Sdks\Microsoft.NET.Sdk\targets\Microsoft.NET.DesignerSupport.targets(21,5): message :       GetCopyToOutputDirectoryItems;
       C:\Program Files\dotnet\sdk\10.0.101\Sdks\Microsoft.NET.Sdk\targets\Microsoft.NET.DesignerSupport.targets(21,5): message :       _GatherDesignerShadowCopyFiles;
       C:\Program Files\dotnet\sdk\10.0.101\Sdks\Microsoft.NET.Sdk\targets\Microsoft.NET.DesignerSupport.targets(21,5): message :     " (önceki değer: "
       C:\Program Files\dotnet\sdk\10.0.101\Sdks\Microsoft.NET.Sdk\targets\Microsoft.NET.DesignerSupport.targets(21,5): message :       ;
       C:\Program Files\dotnet\sdk\10.0.101\Sdks\Microsoft.NET.Sdk\targets\Microsoft.NET.DesignerSupport.targets(21,5): message :       
       C:\Program Files\dotnet\sdk\10.0.101\Sdks\Microsoft.NET.Sdk\targets\Microsoft.NET.DesignerSupport.targets(21,5): message :       ;
       C:\Program Files\dotnet\sdk\10.0.101\Sdks\Microsoft.NET.Sdk\targets\Microsoft.NET.DesignerSupport.targets(21,5): message :       BuildOnlySettings;
       C:\Program Files\dotnet\sdk\10.0.101\Sdks\Microsoft.NET.Sdk\targets\Microsoft.NET.DesignerSupport.targets(21,5): message :       PrepareForBuild;
       C:\Program Files\dotnet\sdk\10.0.101\Sdks\Microsoft.NET.Sdk\targets\Microsoft.NET.DesignerSupport.targets(21,5): message :       AssignTargetPaths;
       C:\Program Files\dotnet\sdk\10.0.101\Sdks\Microsoft.NET.Sdk\targets\Microsoft.NET.DesignerSupport.targets(21,5): message :       ResolveReferences
       C:\Program Files\dotnet\sdk\10.0.101\Sdks\Microsoft.NET.Sdk\targets\Microsoft.NET.DesignerSupport.targets(21,5): message :     
       C:\Program Files\dotnet\sdk\10.0.101\Sdks\Microsoft.NET.Sdk\targets\Microsoft.NET.DesignerSupport.targets(21,5): message :     ") konum: C:\Program Files\dotnet\sdk\10.0.101\Sdks\Microsoft.NET.Sdk\targets\Microsoft.NET.DesignerSupport.targets (21,5)
       C:\Program Files\dotnet\sdk\10.0.101\Sdks\Microsoft.NET.Sdk\targets\Microsoft.NET.Sdk.CSharp.targets(31,5): message : Özellik yeniden ataması: $(DefineConstants)="TRACE;DEBUG" (önceki değer: "TRACE") konum: C:\Program Files\dotnet\sdk\10.0.101\Sdks\Microsoft.NET.Sdk\targets\Microsoft.NET.Sdk.CSharp.targets (31,5)
       C:\Program Files\dotnet\sdk\10.0.101\Sdks\Microsoft.NET.Sdk\targets\Microsoft.NET.Sdk.CSharp.targets(45,5): message : Özellik yeniden ataması: $(WarningsAsErrors)=";NU1605;SYSLIB0011" (önceki değer: ";NU1605") konum: C:\Program Files\dotnet\sdk\10.0.101\Sdks\Microsoft.NET.Sdk\targets\Microsoft.NET.Sdk.CSharp.targets (45,5)
       C:\Program Files\dotnet\sdk\10.0.101\Sdks\Microsoft.NET.Sdk\targets\Microsoft.NET.Windows.targets(49,5): message : Özellik yeniden ataması: $(TargetPlatformVersion)="7.0" (önceki değer: "") konum: C:\Program Files\dotnet\sdk\10.0.101\Sdks\Microsoft.NET.Sdk\targets\Microsoft.NET.Windows.targets (49,5)
       C:\Program Files\dotnet\sdk\10.0.101\Sdks\Microsoft.NET.Sdk\targets\Microsoft.NET.Windows.targets(50,5): message : Özellik yeniden ataması: $(EffectiveTargetPlatformVersion)="7.0" (önceki değer: "") konum: C:\Program Files\dotnet\sdk\10.0.101\Sdks\Microsoft.NET.Sdk\targets\Microsoft.NET.Windows.targets (50,5)
       C:\Program Files\dotnet\sdk\10.0.101\Sdks\Microsoft.NET.Sdk\targets\Microsoft.NET.Windows.targets(60,5): message : Özellik yeniden ataması: $(SupportedOSPlatformVersion)="7.0" (önceki değer: "") konum: C:\Program Files\dotnet\sdk\10.0.101\Sdks\Microsoft.NET.Sdk\targets\Microsoft.NET.Windows.targets (60,5)
       C:\Program Files\dotnet\sdk\10.0.101\Sdks\Microsoft.NET.Sdk\targets\Microsoft.NET.Windows.targets(61,5): message : Özellik yeniden ataması: $(TargetPlatformMinVersion)="7.0" (önceki değer: "") konum: C:\Program Files\dotnet\sdk\10.0.101\Sdks\Microsoft.NET.Sdk\targets\Microsoft.NET.Windows.targets (61,5)
       C:\Program Files\dotnet\sdk\10.0.101\Sdks\Microsoft.NET.Sdk\targets\Microsoft.NET.Windows.targets(239,5): message : Özellik yeniden ataması: $(_RunCsWinRTGeneratorPropertyInputsCachePath)="C:\Users\Atakan\OneDrive\Documents\GitHub\tokenizer-filter-machine\TurkMorph\obj\Debug\net8.0-windows\TurkMorph.cswinrtgen.cache" (önceki değer: "obj\Debug\net8.0-windows\TurkMorph.cswinrtgen.cache") konum: C:\Program Files\dotnet\sdk\10.0.101\Sdks\Microsoft.NET.Sdk\targets\Microsoft.NET.Windows.targets (239,5)
       C:\Program Files\dotnet\sdk\10.0.101\Sdks\Microsoft.NET.Sdk\targets\Microsoft.NET.Sdk.targets(1497,5): message : Özellik yeniden ataması: $(TargetPlatformDisplayName)="Windows 7.0" (önceki değer: "Windows ") konum: C:\Program Files\dotnet\sdk\10.0.101\Sdks\Microsoft.NET.Sdk\targets\Microsoft.NET.Sdk.targets (1497,5)
       C:\Program Files\dotnet\sdk\10.0.101\Sdks\Microsoft.NET.Sdk.WindowsDesktop\targets\Microsoft.NET.Sdk.WindowsDesktop.targets(51,5): message : Özellik yeniden ataması: $(_TargetFrameworkVersionValue)="8.0" (önceki değer: "0.0") konum: C:\Program Files\dotnet\sdk\10.0.101\Sdks\Microsoft.NET.Sdk.WindowsDesktop\targets\Microsoft.NET.Sdk.WindowsDesktop.targets (51,5)
       C:\Program Files\dotnet\sdk\10.0.101\Sdks\Microsoft.NET.Sdk.WindowsDesktop\targets\Microsoft.WinFX.targets(61,7): message : Özellik yeniden ataması: $(PrepareResourceNamesDependsOn)="
       C:\Program Files\dotnet\sdk\10.0.101\Sdks\Microsoft.NET.Sdk.WindowsDesktop\targets\Microsoft.WinFX.targets(61,7): message :                     AssignWinFXEmbeddedResource;
       C:\Program Files\dotnet\sdk\10.0.101\Sdks\Microsoft.NET.Sdk.WindowsDesktop\targets\Microsoft.WinFX.targets(61,7): message :                     
       C:\Program Files\dotnet\sdk\10.0.101\Sdks\Microsoft.NET.Sdk.WindowsDesktop\targets\Microsoft.WinFX.targets(61,7): message :       AssignTargetPaths;
       C:\Program Files\dotnet\sdk\10.0.101\Sdks\Microsoft.NET.Sdk.WindowsDesktop\targets\Microsoft.WinFX.targets(61,7): message :       SplitResourcesByCulture;
       C:\Program Files\dotnet\sdk\10.0.101\Sdks\Microsoft.NET.Sdk.WindowsDesktop\targets\Microsoft.WinFX.targets(61,7): message :       CreateManifestResourceNames;
       C:\Program Files\dotnet\sdk\10.0.101\Sdks\Microsoft.NET.Sdk.WindowsDesktop\targets\Microsoft.WinFX.targets(61,7): message :       CreateCustomManifestResourceNames
       C:\Program Files\dotnet\sdk\10.0.101\Sdks\Microsoft.NET.Sdk.WindowsDesktop\targets\Microsoft.WinFX.targets(61,7): message :     
       C:\Program Files\dotnet\sdk\10.0.101\Sdks\Microsoft.NET.Sdk.WindowsDesktop\targets\Microsoft.WinFX.targets(61,7): message :       " (önceki değer: "
       C:\Program Files\dotnet\sdk\10.0.101\Sdks\Microsoft.NET.Sdk.WindowsDesktop\targets\Microsoft.WinFX.targets(61,7): message :       AssignTargetPaths;
       C:\Program Files\dotnet\sdk\10.0.101\Sdks\Microsoft.NET.Sdk.WindowsDesktop\targets\Microsoft.WinFX.targets(61,7): message :       SplitResourcesByCulture;
       C:\Program Files\dotnet\sdk\10.0.101\Sdks\Microsoft.NET.Sdk.WindowsDesktop\targets\Microsoft.WinFX.targets(61,7): message :       CreateManifestResourceNames;
       C:\Program Files\dotnet\sdk\10.0.101\Sdks\Microsoft.NET.Sdk.WindowsDesktop\targets\Microsoft.WinFX.targets(61,7): message :       CreateCustomManifestResourceNames
       C:\Program Files\dotnet\sdk\10.0.101\Sdks\Microsoft.NET.Sdk.WindowsDesktop\targets\Microsoft.WinFX.targets(61,7): message :     ") konum: C:\Program Files\dotnet\sdk\10.0.101\Sdks\Microsoft.NET.Sdk.WindowsDesktop\targets\Microsoft.WinFX.targets (61,7)
       C:\Program Files\dotnet\sdk\10.0.101\Sdks\Microsoft.NET.Sdk.WindowsDesktop\targets\Microsoft.WinFX.targets(69,7): message : Özellik yeniden ataması: $(PrepareResourcesDependsOn)="
       C:\Program Files\dotnet\sdk\10.0.101\Sdks\Microsoft.NET.Sdk.WindowsDesktop\targets\Microsoft.WinFX.targets(69,7): message :                 MarkupCompilePass1;
       C:\Program Files\dotnet\sdk\10.0.101\Sdks\Microsoft.NET.Sdk.WindowsDesktop\targets\Microsoft.WinFX.targets(69,7): message :                 AfterMarkupCompilePass1;
       C:\Program Files\dotnet\sdk\10.0.101\Sdks\Microsoft.NET.Sdk.WindowsDesktop\targets\Microsoft.WinFX.targets(69,7): message :                 MarkupCompilePass2ForMainAssembly;
       C:\Program Files\dotnet\sdk\10.0.101\Sdks\Microsoft.NET.Sdk.WindowsDesktop\targets\Microsoft.WinFX.targets(69,7): message :                 FileClassification;
       C:\Program Files\dotnet\sdk\10.0.101\Sdks\Microsoft.NET.Sdk.WindowsDesktop\targets\Microsoft.WinFX.targets(69,7): message :                 MainResourcesGeneration;
       C:\Program Files\dotnet\sdk\10.0.101\Sdks\Microsoft.NET.Sdk.WindowsDesktop\targets\Microsoft.WinFX.targets(69,7): message :                 
       C:\Program Files\dotnet\sdk\10.0.101\Sdks\Microsoft.NET.Sdk.WindowsDesktop\targets\Microsoft.WinFX.targets(69,7): message :       ResolvePackageDependenciesForBuild;
       C:\Program Files\dotnet\sdk\10.0.101\Sdks\Microsoft.NET.Sdk.WindowsDesktop\targets\Microsoft.WinFX.targets(69,7): message :       _HandlePackageFileConflicts;
       C:\Program Files\dotnet\sdk\10.0.101\Sdks\Microsoft.NET.Sdk.WindowsDesktop\targets\Microsoft.WinFX.targets(69,7): message :       
       C:\Program Files\dotnet\sdk\10.0.101\Sdks\Microsoft.NET.Sdk.WindowsDesktop\targets\Microsoft.WinFX.targets(69,7): message :       ;
       C:\Program Files\dotnet\sdk\10.0.101\Sdks\Microsoft.NET.Sdk.WindowsDesktop\targets\Microsoft.WinFX.targets(69,7): message :       PrepareResourceNames;
       C:\Program Files\dotnet\sdk\10.0.101\Sdks\Microsoft.NET.Sdk.WindowsDesktop\targets\Microsoft.WinFX.targets(69,7): message :       ResGen;
       C:\Program Files\dotnet\sdk\10.0.101\Sdks\Microsoft.NET.Sdk.WindowsDesktop\targets\Microsoft.WinFX.targets(69,7): message :       CompileLicxFiles
       C:\Program Files\dotnet\sdk\10.0.101\Sdks\Microsoft.NET.Sdk.WindowsDesktop\targets\Microsoft.WinFX.targets(69,7): message :     
       C:\Program Files\dotnet\sdk\10.0.101\Sdks\Microsoft.NET.Sdk.WindowsDesktop\targets\Microsoft.WinFX.targets(69,7): message :     
       C:\Program Files\dotnet\sdk\10.0.101\Sdks\Microsoft.NET.Sdk.WindowsDesktop\targets\Microsoft.WinFX.targets(69,7): message :       " (önceki değer: "
       C:\Program Files\dotnet\sdk\10.0.101\Sdks\Microsoft.NET.Sdk.WindowsDesktop\targets\Microsoft.WinFX.targets(69,7): message :       ResolvePackageDependenciesForBuild;
       C:\Program Files\dotnet\sdk\10.0.101\Sdks\Microsoft.NET.Sdk.WindowsDesktop\targets\Microsoft.WinFX.targets(69,7): message :       _HandlePackageFileConflicts;
       C:\Program Files\dotnet\sdk\10.0.101\Sdks\Microsoft.NET.Sdk.WindowsDesktop\targets\Microsoft.WinFX.targets(69,7): message :       
       C:\Program Files\dotnet\sdk\10.0.101\Sdks\Microsoft.NET.Sdk.WindowsDesktop\targets\Microsoft.WinFX.targets(69,7): message :       ;
       C:\Program Files\dotnet\sdk\10.0.101\Sdks\Microsoft.NET.Sdk.WindowsDesktop\targets\Microsoft.WinFX.targets(69,7): message :       PrepareResourceNames;
       C:\Program Files\dotnet\sdk\10.0.101\Sdks\Microsoft.NET.Sdk.WindowsDesktop\targets\Microsoft.WinFX.targets(69,7): message :       ResGen;
       C:\Program Files\dotnet\sdk\10.0.101\Sdks\Microsoft.NET.Sdk.WindowsDesktop\targets\Microsoft.WinFX.targets(69,7): message :       CompileLicxFiles
       C:\Program Files\dotnet\sdk\10.0.101\Sdks\Microsoft.NET.Sdk.WindowsDesktop\targets\Microsoft.WinFX.targets(69,7): message :     
       C:\Program Files\dotnet\sdk\10.0.101\Sdks\Microsoft.NET.Sdk.WindowsDesktop\targets\Microsoft.WinFX.targets(69,7): message :     ") konum: C:\Program Files\dotnet\sdk\10.0.101\Sdks\Microsoft.NET.Sdk.WindowsDesktop\targets\Microsoft.WinFX.targets (69,7)
       C:\Program Files\dotnet\sdk\10.0.101\Sdks\Microsoft.NET.Sdk.WindowsDesktop\targets\Microsoft.WinFX.targets(136,5): message : Özellik yeniden ataması: $(CompileDependsOn)="
       C:\Program Files\dotnet\sdk\10.0.101\Sdks\Microsoft.NET.Sdk.WindowsDesktop\targets\Microsoft.WinFX.targets(136,5): message :         
       C:\Program Files\dotnet\sdk\10.0.101\Sdks\Microsoft.NET.Sdk.WindowsDesktop\targets\Microsoft.WinFX.targets(136,5): message :       
       C:\Program Files\dotnet\sdk\10.0.101\Sdks\Microsoft.NET.Sdk.WindowsDesktop\targets\Microsoft.WinFX.targets(136,5): message :       ResolveReferences;
       C:\Program Files\dotnet\sdk\10.0.101\Sdks\Microsoft.NET.Sdk.WindowsDesktop\targets\Microsoft.WinFX.targets(136,5): message :       ResolveKeySource;
       C:\Program Files\dotnet\sdk\10.0.101\Sdks\Microsoft.NET.Sdk.WindowsDesktop\targets\Microsoft.WinFX.targets(136,5): message :       SetWin32ManifestProperties;
       C:\Program Files\dotnet\sdk\10.0.101\Sdks\Microsoft.NET.Sdk.WindowsDesktop\targets\Microsoft.WinFX.targets(136,5): message :       _SetPreferNativeArm64Win32ManifestProperties;
       C:\Program Files\dotnet\sdk\10.0.101\Sdks\Microsoft.NET.Sdk.WindowsDesktop\targets\Microsoft.WinFX.targets(136,5): message :       FindReferenceAssembliesForReferences;
       C:\Program Files\dotnet\sdk\10.0.101\Sdks\Microsoft.NET.Sdk.WindowsDesktop\targets\Microsoft.WinFX.targets(136,5): message :       _GenerateCompileInputs;
       C:\Program Files\dotnet\sdk\10.0.101\Sdks\Microsoft.NET.Sdk.WindowsDesktop\targets\Microsoft.WinFX.targets(136,5): message :       BeforeCompile;
       C:\Program Files\dotnet\sdk\10.0.101\Sdks\Microsoft.NET.Sdk.WindowsDesktop\targets\Microsoft.WinFX.targets(136,5): message :       _TimeStampBeforeCompile;
       C:\Program Files\dotnet\sdk\10.0.101\Sdks\Microsoft.NET.Sdk.WindowsDesktop\targets\Microsoft.WinFX.targets(136,5): message :       _GenerateCompileDependencyCache;
       C:\Program Files\dotnet\sdk\10.0.101\Sdks\Microsoft.NET.Sdk.WindowsDesktop\targets\Microsoft.WinFX.targets(136,5): message :       CoreCompile;
       C:\Program Files\dotnet\sdk\10.0.101\Sdks\Microsoft.NET.Sdk.WindowsDesktop\targets\Microsoft.WinFX.targets(136,5): message :       _TimeStampAfterCompile;
       C:\Program Files\dotnet\sdk\10.0.101\Sdks\Microsoft.NET.Sdk.WindowsDesktop\targets\Microsoft.WinFX.targets(136,5): message :       AfterCompile;
       C:\Program Files\dotnet\sdk\10.0.101\Sdks\Microsoft.NET.Sdk.WindowsDesktop\targets\Microsoft.WinFX.targets(136,5): message :     ;
       C:\Program Files\dotnet\sdk\10.0.101\Sdks\Microsoft.NET.Sdk.WindowsDesktop\targets\Microsoft.WinFX.targets(136,5): message :       _CreateAppHost;
       C:\Program Files\dotnet\sdk\10.0.101\Sdks\Microsoft.NET.Sdk.WindowsDesktop\targets\Microsoft.WinFX.targets(136,5): message :       _CreateComHost;
       C:\Program Files\dotnet\sdk\10.0.101\Sdks\Microsoft.NET.Sdk.WindowsDesktop\targets\Microsoft.WinFX.targets(136,5): message :       _GetIjwHostPaths;
       C:\Program Files\dotnet\sdk\10.0.101\Sdks\Microsoft.NET.Sdk.WindowsDesktop\targets\Microsoft.WinFX.targets(136,5): message :     ;
       C:\Program Files\dotnet\sdk\10.0.101\Sdks\Microsoft.NET.Sdk.WindowsDesktop\targets\Microsoft.WinFX.targets(136,5): message :         _AfterCompileWinFXInternal
       C:\Program Files\dotnet\sdk\10.0.101\Sdks\Microsoft.NET.Sdk.WindowsDesktop\targets\Microsoft.WinFX.targets(136,5): message :     " (önceki değer: "
       C:\Program Files\dotnet\sdk\10.0.101\Sdks\Microsoft.NET.Sdk.WindowsDesktop\targets\Microsoft.WinFX.targets(136,5): message :       
       C:\Program Files\dotnet\sdk\10.0.101\Sdks\Microsoft.NET.Sdk.WindowsDesktop\targets\Microsoft.WinFX.targets(136,5): message :       ResolveReferences;
       C:\Program Files\dotnet\sdk\10.0.101\Sdks\Microsoft.NET.Sdk.WindowsDesktop\targets\Microsoft.WinFX.targets(136,5): message :       ResolveKeySource;
       C:\Program Files\dotnet\sdk\10.0.101\Sdks\Microsoft.NET.Sdk.WindowsDesktop\targets\Microsoft.WinFX.targets(136,5): message :       SetWin32ManifestProperties;
       C:\Program Files\dotnet\sdk\10.0.101\Sdks\Microsoft.NET.Sdk.WindowsDesktop\targets\Microsoft.WinFX.targets(136,5): message :       _SetPreferNativeArm64Win32ManifestProperties;
       C:\Program Files\dotnet\sdk\10.0.101\Sdks\Microsoft.NET.Sdk.WindowsDesktop\targets\Microsoft.WinFX.targets(136,5): message :       FindReferenceAssembliesForReferences;
       C:\Program Files\dotnet\sdk\10.0.101\Sdks\Microsoft.NET.Sdk.WindowsDesktop\targets\Microsoft.WinFX.targets(136,5): message :       _GenerateCompileInputs;
       C:\Program Files\dotnet\sdk\10.0.101\Sdks\Microsoft.NET.Sdk.WindowsDesktop\targets\Microsoft.WinFX.targets(136,5): message :       BeforeCompile;
       C:\Program Files\dotnet\sdk\10.0.101\Sdks\Microsoft.NET.Sdk.WindowsDesktop\targets\Microsoft.WinFX.targets(136,5): message :       _TimeStampBeforeCompile;
       C:\Program Files\dotnet\sdk\10.0.101\Sdks\Microsoft.NET.Sdk.WindowsDesktop\targets\Microsoft.WinFX.targets(136,5): message :       _GenerateCompileDependencyCache;
       C:\Program Files\dotnet\sdk\10.0.101\Sdks\Microsoft.NET.Sdk.WindowsDesktop\targets\Microsoft.WinFX.targets(136,5): message :       CoreCompile;
       C:\Program Files\dotnet\sdk\10.0.101\Sdks\Microsoft.NET.Sdk.WindowsDesktop\targets\Microsoft.WinFX.targets(136,5): message :       _TimeStampAfterCompile;
       C:\Program Files\dotnet\sdk\10.0.101\Sdks\Microsoft.NET.Sdk.WindowsDesktop\targets\Microsoft.WinFX.targets(136,5): message :       AfterCompile;
       C:\Program Files\dotnet\sdk\10.0.101\Sdks\Microsoft.NET.Sdk.WindowsDesktop\targets\Microsoft.WinFX.targets(136,5): message :     ;
       C:\Program Files\dotnet\sdk\10.0.101\Sdks\Microsoft.NET.Sdk.WindowsDesktop\targets\Microsoft.WinFX.targets(136,5): message :       _CreateAppHost;
       C:\Program Files\dotnet\sdk\10.0.101\Sdks\Microsoft.NET.Sdk.WindowsDesktop\targets\Microsoft.WinFX.targets(136,5): message :       _CreateComHost;
       C:\Program Files\dotnet\sdk\10.0.101\Sdks\Microsoft.NET.Sdk.WindowsDesktop\targets\Microsoft.WinFX.targets(136,5): message :       _GetIjwHostPaths;
       C:\Program Files\dotnet\sdk\10.0.101\Sdks\Microsoft.NET.Sdk.WindowsDesktop\targets\Microsoft.WinFX.targets(136,5): message :     ") konum: C:\Program Files\dotnet\sdk\10.0.101\Sdks\Microsoft.NET.Sdk.WindowsDesktop\targets\Microsoft.WinFX.targets (136,5)
       C:\Program Files\dotnet\sdk\10.0.101\Sdks\Microsoft.NET.Sdk.WindowsDesktop\targets\Microsoft.WinFX.targets(803,9): message : Özellik yeniden ataması: $(PublishBuildDependsOn)="
       C:\Program Files\dotnet\sdk\10.0.101\Sdks\Microsoft.NET.Sdk.WindowsDesktop\targets\Microsoft.WinFX.targets(803,9): message :             BuildOnlySettings;
       C:\Program Files\dotnet\sdk\10.0.101\Sdks\Microsoft.NET.Sdk.WindowsDesktop\targets\Microsoft.WinFX.targets(803,9): message :             PrepareForBuild;
       C:\Program Files\dotnet\sdk\10.0.101\Sdks\Microsoft.NET.Sdk.WindowsDesktop\targets\Microsoft.WinFX.targets(803,9): message :             ResolveReferences;
       C:\Program Files\dotnet\sdk\10.0.101\Sdks\Microsoft.NET.Sdk.WindowsDesktop\targets\Microsoft.WinFX.targets(803,9): message :             PrepareResources;
       C:\Program Files\dotnet\sdk\10.0.101\Sdks\Microsoft.NET.Sdk.WindowsDesktop\targets\Microsoft.WinFX.targets(803,9): message :             ResolveKeySource;
       C:\Program Files\dotnet\sdk\10.0.101\Sdks\Microsoft.NET.Sdk.WindowsDesktop\targets\Microsoft.WinFX.targets(803,9): message :             PrepareResourcesForSatelliteAssemblies;
       C:\Program Files\dotnet\sdk\10.0.101\Sdks\Microsoft.NET.Sdk.WindowsDesktop\targets\Microsoft.WinFX.targets(803,9): message :             GenerateSerializationAssemblies;
       C:\Program Files\dotnet\sdk\10.0.101\Sdks\Microsoft.NET.Sdk.WindowsDesktop\targets\Microsoft.WinFX.targets(803,9): message :             CreateSatelliteAssemblies;
       C:\Program Files\dotnet\sdk\10.0.101\Sdks\Microsoft.NET.Sdk.WindowsDesktop\targets\Microsoft.WinFX.targets(803,9): message :         " (önceki değer: "
       C:\Program Files\dotnet\sdk\10.0.101\Sdks\Microsoft.NET.Sdk.WindowsDesktop\targets\Microsoft.WinFX.targets(803,9): message :       BuildOnlySettings;
       C:\Program Files\dotnet\sdk\10.0.101\Sdks\Microsoft.NET.Sdk.WindowsDesktop\targets\Microsoft.WinFX.targets(803,9): message :       PrepareForBuild;
       C:\Program Files\dotnet\sdk\10.0.101\Sdks\Microsoft.NET.Sdk.WindowsDesktop\targets\Microsoft.WinFX.targets(803,9): message :       ResolveReferences;
       C:\Program Files\dotnet\sdk\10.0.101\Sdks\Microsoft.NET.Sdk.WindowsDesktop\targets\Microsoft.WinFX.targets(803,9): message :       PrepareResources;
       C:\Program Files\dotnet\sdk\10.0.101\Sdks\Microsoft.NET.Sdk.WindowsDesktop\targets\Microsoft.WinFX.targets(803,9): message :       ResolveKeySource;
       C:\Program Files\dotnet\sdk\10.0.101\Sdks\Microsoft.NET.Sdk.WindowsDesktop\targets\Microsoft.WinFX.targets(803,9): message :       GenerateSerializationAssemblies;
       C:\Program Files\dotnet\sdk\10.0.101\Sdks\Microsoft.NET.Sdk.WindowsDesktop\targets\Microsoft.WinFX.targets(803,9): message :       CreateSatelliteAssemblies;
       C:\Program Files\dotnet\sdk\10.0.101\Sdks\Microsoft.NET.Sdk.WindowsDesktop\targets\Microsoft.WinFX.targets(803,9): message :     ") konum: C:\Program Files\dotnet\sdk\10.0.101\Sdks\Microsoft.NET.Sdk.WindowsDesktop\targets\Microsoft.WinFX.targets (803,9)
       C:\Program Files\dotnet\sdk\10.0.101\NuGet.Build.Tasks.Pack.targets(59,5): message : Özellik yeniden ataması: $(GenerateNuspecDependsOn)="Build;_LoadPackInputItems; _GetTargetFrameworksOutput; _WalkEachTargetPerFramework; _GetPackageFiles; " (önceki değer: "_LoadPackInputItems; _GetTargetFrameworksOutput; _WalkEachTargetPerFramework; _GetPackageFiles; ") konum: C:\Program Files\dotnet\sdk\10.0.101\NuGet.Build.Tasks.Pack.targets (59,5)
       C:\Program Files\dotnet\sdk\10.0.101\Sdks\Microsoft.NET.Sdk\Sdk\Sdk.targets(59,5): message : Özellik yeniden ataması: $(_IsNotSetContainersTargetsDir)="true" (önceki değer: "false") konum: C:\Program Files\dotnet\sdk\10.0.101\Sdks\Microsoft.NET.Sdk\Sdk\Sdk.targets (59,5)
       C:\Program Files\dotnet\sdk\10.0.101\Containers\build\Microsoft.NET.Build.Containers.targets(5,5): message : Özellik yeniden ataması: $(_IsSDKContainerAllowedVersion)="true" (önceki değer: "false") konum: C:\Program Files\dotnet\sdk\10.0.101\Containers\build\Microsoft.NET.Build.Containers.targets (5,5)
       C:\Program Files\dotnet\sdk\10.0.101\Containers\build\Microsoft.NET.Build.Containers.targets(15,5): message : Özellik yeniden ataması: $(_ContainerIsTargetingNet8TFM)="true" (önceki değer: "false") konum: C:\Program Files\dotnet\sdk\10.0.101\Containers\build\Microsoft.NET.Build.Containers.targets (15,5)
       "C:\Program Files\dotnet\sdk\10.0.101\Sdks\Microsoft.NET.Sdk\targets\Microsoft.NET.Sdk.FrameworkReferenceResolution.targets" projesindeki "ResolveFrameworkReferences" hedefi kullanılarak "C:\Program Files\dotnet\sdk\10.0.101\Microsoft.Common.CurrentVersion.targets" projesindeki "ResolveFrameworkReferences" hedefinin üzerine yazılıyor.
       "C:\Program Files\dotnet\sdk\10.0.101\Sdks\Microsoft.NET.Sdk\targets\Microsoft.NET.Sdk.targets" projesindeki "GenerateSupportedTargetFrameworkAlias" hedefi kullanılarak "C:\Program Files\dotnet\sdk\10.0.101\Microsoft.Common.CurrentVersion.targets" projesindeki "GenerateSupportedTargetFrameworkAlias" hedefinin üzerine yazılıyor.
       "C:\Program Files\dotnet\sdk\10.0.101\Sdks\Microsoft.NET.Sdk\targets\Microsoft.NET.DisableStandardFrameworkResolution.targets" projesindeki "GetReferenceAssemblyPaths" hedefi kullanılarak "C:\Program Files\dotnet\sdk\10.0.101\Microsoft.Common.CurrentVersion.targets" projesindeki "GetReferenceAssemblyPaths" hedefinin üzerine yazılıyor.
       "C:\Program Files\dotnet\sdk\10.0.101\Sdks\Microsoft.NET.Sdk\targets\Microsoft.NET.DisableStandardFrameworkResolution.targets" projesindeki "GetFrameworkPaths" hedefi kullanılarak "C:\Program Files\dotnet\sdk\10.0.101\Microsoft.Common.CurrentVersion.targets" projesindeki "GetFrameworkPaths" hedefinin üzerine yazılıyor.
       "C:\Program Files\dotnet\sdk\10.0.101\Sdks\Microsoft.NET.Sdk\targets\Microsoft.NET.DesignerSupport.targets" projesindeki "DesignerRuntimeImplementationProjectOutputGroup" hedefi kullanılarak "C:\Program Files\dotnet\sdk\10.0.101\Microsoft.Common.CurrentVersion.targets" projesindeki "DesignerRuntimeImplementationProjectOutputGroup" hedefinin üzerine yazılıyor.
       "C:\Program Files\dotnet\sdk\10.0.101\Sdks\Microsoft.NET.Sdk\targets\Microsoft.NET.Publish.targets" projesindeki "Publish" hedefi kullanılarak "C:\Program Files\dotnet\sdk\10.0.101\Microsoft.Common.CurrentVersion.targets" projesindeki "Publish" hedefinin üzerine yazılıyor.
       "C:\Program Files\dotnet\sdk\10.0.101\Sdks\Microsoft.NET.Sdk\targets\Microsoft.NET.Publish.targets" projesindeki "ResolveReadyToRunCompilers" hedefi kullanılarak "C:\Program Files\dotnet\sdk\10.0.101\Sdks\Microsoft.NET.Sdk\targets\Microsoft.NET.CrossGen.targets" projesindeki "ResolveReadyToRunCompilers" hedefinin üzerine yazılıyor.
       "C:\Program Files\dotnet\sdk\10.0.101\Sdks\Microsoft.NET.Sdk\targets\Microsoft.NET.Publish.targets" projesindeki "GetCopyToPublishDirectoryItems" hedefi kullanılarak "C:\Program Files\dotnet\sdk\10.0.101\Microsoft.Common.CurrentVersion.targets" projesindeki "GetCopyToPublishDirectoryItems" hedefinin üzerine yazılıyor.
       "C:\Program Files\dotnet\sdk\10.0.101\Sdks\Microsoft.NET.Sdk\targets\Microsoft.NET.Sdk.targets" projesindeki "Run" hedefi kullanılarak "C:\Program Files\dotnet\sdk\10.0.101\Microsoft.Common.CurrentVersion.targets" projesindeki "Run" hedefinin üzerine yazılıyor.
       "C:\Program Files\dotnet\sdk\10.0.101\Sdks\Microsoft.NET.Sdk.WindowsDesktop\targets\Microsoft.WinFX.targets" projesindeki "SatelliteDllsProjectOutputGroup" hedefi kullanılarak "C:\Program Files\dotnet\sdk\10.0.101\Microsoft.Common.CurrentVersion.targets" projesindeki "SatelliteDllsProjectOutputGroup" hedefinin üzerine yazılıyor.
     1>"C:\Users\Atakan\OneDrive\Documents\GitHub\tokenizer-filter-machine\TurkMorph\TurkMorph.csproj" projesi (1) 1 düğümünde "C:\Users\Atakan\OneDrive\Documents\GitHub\tokenizer-filter-machine\TurkMorph\TurkMorph.csproj" (1:2) oluşturuyor (_IsProjectRestoreSupported hedef).
   1:2>"C:\Users\Atakan\OneDrive\Documents\GitHub\tokenizer-filter-machine\TurkMorph\TurkMorph.csproj" projesinin "C:\Program Files\dotnet\sdk\10.0.101\NuGet.targets" dosyasındaki "_IsProjectRestoreSupported" hedefi (giriş noktası):
   1:2>"TurkMorph.csproj" projesinde "_IsProjectRestoreSupported" hedefini oluşturma tamamlandı.
   1:2>"C:\Users\Atakan\OneDrive\Documents\GitHub\tokenizer-filter-machine\TurkMorph\TurkMorph.csproj" Projesini Oluşturma İşlemi Tamamlandı (_IsProjectRestoreSupported hedef).
     1>"MSBuild" görevini yürütme tamamlandı.
       Derleme TaskRun sırasında yüklendi: NuGet.Build.Tasks, Version=7.0.0.0, Culture=neutral, PublicKeyToken=31bf3856ad364e35 (konum: C:\Program Files\dotnet\sdk\10.0.101\NuGet.Build.Tasks.dll, MVID: 1d7b2a50-0801-4407-864a-c0611e7b6f2d, AssemblyLoadContext: MSBuild plugin C:\Program Files\dotnet\sdk\10.0.101\NuGet.Build.Tasks.dll)
       Derleme TaskRun sırasında yüklendi: NuGet.Common, Version=7.0.0.0, Culture=neutral, PublicKeyToken=31bf3856ad364e35 (konum: C:\Program Files\dotnet\sdk\10.0.101\NuGet.Common.dll, MVID: e68f94a8-8ead-49da-8d66-ddbffff51250, AssemblyLoadContext: MSBuild plugin C:\Program Files\dotnet\sdk\10.0.101\NuGet.Build.Tasks.dll)
       Derleme TaskRun sırasında yüklendi: NuGet.Commands, Version=7.0.0.0, Culture=neutral, PublicKeyToken=31bf3856ad364e35 (konum: C:\Program Files\dotnet\sdk\10.0.101\NuGet.Commands.dll, MVID: cf5dfc68-8202-4a78-a2e1-4e04847fc3ac, AssemblyLoadContext: MSBuild plugin C:\Program Files\dotnet\sdk\10.0.101\NuGet.Build.Tasks.dll)
       Derleme TaskRun sırasında yüklendi: NuGet.ProjectModel, Version=7.0.0.0, Culture=neutral, PublicKeyToken=31bf3856ad364e35 (konum: C:\Program Files\dotnet\sdk\10.0.101\NuGet.ProjectModel.dll, MVID: 74e299f3-0a8a-48ce-b793-3c6caaf0a1df, AssemblyLoadContext: MSBuild plugin C:\Program Files\dotnet\sdk\10.0.101\NuGet.Build.Tasks.dll)
       "C:\Program Files\dotnet\sdk\10.0.101\NuGet.Build.Tasks.dll" derlemesindeki "WarnForInvalidProjectsTask" görevi kullanılıyor.
       "WarnForInvalidProjectsTask" görevi
       "WarnForInvalidProjectsTask" görevini yürütme tamamlandı.
     1>"TurkMorph.csproj" projesinde "_FilterRestoreGraphProjectInputItems" hedefini oluşturma tamamlandı.
       "_FilterRestoreGraphProjectInputItems" hedefi atlandı. Önceden başarılı bir şekilde derlenmişti.
     1>"C:\Users\Atakan\OneDrive\Documents\GitHub\tokenizer-filter-machine\TurkMorph\TurkMorph.csproj" projesinin "C:\Program Files\dotnet\sdk\10.0.101\NuGet.targets" dosyasındaki "_GetAllRestoreProjectPathItems" hedefi ("_GenerateRestoreGraph" hedefi buna bağımlı):
       "C:\Program Files\dotnet\sdk\10.0.101\NuGet.Build.Tasks.dll" derlemesindeki "NuGetMessageTask" görevi kullanılıyor.
       "NuGetMessageTask" görevi
         Derleme TaskRun (NuGet.Build.Tasks.NuGetMessageTask) sırasında yüklendi: NuGet.Build.Tasks.resources, Version=7.0.0.0, Culture=tr, PublicKeyToken=31bf3856ad364e35 (konum: C:\Program Files\dotnet\sdk\10.0.101\tr\NuGet.Build.Tasks.resources.dll, MVID: bf08745b-bbfe-4f45-b464-9edaab9e42a5, AssemblyLoadContext: MSBuild plugin C:\Program Files\dotnet\sdk\10.0.101\NuGet.Build.Tasks.dll)
         Geri yüklenecek projeler belirleniyor...
       "NuGetMessageTask" görevini yürütme tamamlandı.
       "MSBuild" görevi
         Genel Özellikler:
           ExcludeRestorePackageImports=true
     1>"C:\Users\Atakan\OneDrive\Documents\GitHub\tokenizer-filter-machine\TurkMorph\TurkMorph.csproj" projesi (1) 1 düğümünde "C:\Users\Atakan\OneDrive\Documents\GitHub\tokenizer-filter-machine\TurkMorph\TurkMorph.csproj" (1:3) oluşturuyor (_GenerateRestoreProjectPathWalk hedef).
   1:3>"C:\Users\Atakan\OneDrive\Documents\GitHub\tokenizer-filter-machine\TurkMorph\TurkMorph.csproj" projesinin "C:\Program Files\dotnet\sdk\10.0.101\NuGet.targets" dosyasındaki "_GenerateRestoreProjectPathItemsPerFramework" hedefi ("_GenerateRestoreProjectPathItemsCurrentProject" hedefi buna bağımlı):
   1:3>"Microsoft.Build.Tasks.Core, Version=15.1.0.0, Culture=neutral, PublicKeyToken=b03f5f7f11d50a3a" derlemesindeki "ConvertToAbsolutePath" görevi kullanılıyor.
       "ConvertToAbsolutePath" görevi
       "ConvertToAbsolutePath" görevini yürütme tamamlandı.
   1:3>"TurkMorph.csproj" projesinde "_GenerateRestoreProjectPathItemsPerFramework" hedefini oluşturma tamamlandı.
   1:3>"C:\Users\Atakan\OneDrive\Documents\GitHub\tokenizer-filter-machine\TurkMorph\TurkMorph.csproj" projesinin "C:\Program Files\dotnet\sdk\10.0.101\NuGet.targets" dosyasındaki "_GenerateRestoreProjectPathItemsCurrentProject" hedefi ("_GenerateRestoreProjectPathItems" hedefi buna bağımlı):
   1:3>"TurkMorph.csproj" projesinde "_GenerateRestoreProjectPathItemsCurrentProject" hedefini oluşturma tamamlandı.
   1:3>"C:\Users\Atakan\OneDrive\Documents\GitHub\tokenizer-filter-machine\TurkMorph\TurkMorph.csproj" projesinin "C:\Program Files\dotnet\sdk\10.0.101\NuGet.targets" dosyasındaki "_GenerateRestoreProjectPathItems" hedefi ("_GenerateRestoreProjectPathWalk" hedefi buna bağımlı):
       "RemoveDuplicates" görevi
       "RemoveDuplicates" görevini yürütme tamamlandı.
   1:3>"TurkMorph.csproj" projesinde "_GenerateRestoreProjectPathItems" hedefini oluşturma tamamlandı.
   1:3>"C:\Users\Atakan\OneDrive\Documents\GitHub\tokenizer-filter-machine\TurkMorph\TurkMorph.csproj" projesinin "C:\Program Files\dotnet\sdk\10.0.101\NuGet.targets" dosyasındaki "_GenerateRestoreProjectPathWalk" hedefi (giriş noktası):
       "MSBuild" görevi
       "MSBuild" görevini yürütme tamamlandı.
       "RemoveDuplicates" görevi
       "RemoveDuplicates" görevini yürütme tamamlandı.
   1:3>"TurkMorph.csproj" projesinde "_GenerateRestoreProjectPathWalk" hedefini oluşturma tamamlandı.
   1:3>"C:\Users\Atakan\OneDrive\Documents\GitHub\tokenizer-filter-machine\TurkMorph\TurkMorph.csproj" Projesini Oluşturma İşlemi Tamamlandı (_GenerateRestoreProjectPathWalk hedef).
     1>"MSBuild" görevini yürütme tamamlandı.
       "RemoveDuplicates" görevi
       "RemoveDuplicates" görevini yürütme tamamlandı.
       "MSBuild" görevi
         Genel Özellikler:
           ExcludeRestorePackageImports=true
     1>"C:\Users\Atakan\OneDrive\Documents\GitHub\tokenizer-filter-machine\TurkMorph\TurkMorph.csproj" projesi (1) 1 düğümünde "C:\Users\Atakan\OneDrive\Documents\GitHub\tokenizer-filter-machine\TurkMorph\TurkMorph.csproj" (1:4) oluşturuyor (_IsProjectRestoreSupported hedef).
   1:4>"_IsProjectRestoreSupported" hedefi atlandı. Önceden başarılı bir şekilde derlenmişti.
   1:4>"C:\Users\Atakan\OneDrive\Documents\GitHub\tokenizer-filter-machine\TurkMorph\TurkMorph.csproj" Projesini Oluşturma İşlemi Tamamlandı (_IsProjectRestoreSupported hedef).
     1>"MSBuild" görevini yürütme tamamlandı.
     1>"TurkMorph.csproj" projesinde "_GetAllRestoreProjectPathItems" hedefini oluşturma tamamlandı.
     1>"C:\Users\Atakan\OneDrive\Documents\GitHub\tokenizer-filter-machine\TurkMorph\TurkMorph.csproj" projesinin "C:\Program Files\dotnet\sdk\10.0.101\NuGet.targets" dosyasındaki "_GenerateRestoreGraph" hedefi ("Restore" hedefi buna bağımlı):
       "Microsoft.Build.Tasks.Core, Version=15.1.0.0, Culture=neutral, PublicKeyToken=b03f5f7f11d50a3a" derlemesindeki "Message" görevi kullanılıyor.
       "Message" görevi
         Generating dg file
       "Message" görevini yürütme tamamlandı.
       "Message" görevi
         C:\Users\Atakan\OneDrive\Documents\GitHub\tokenizer-filter-machine\TurkMorph\TurkMorph.csproj
       "Message" görevini yürütme tamamlandı.
       "MSBuild" görevi
         Genel Özellikler:
           ExcludeRestorePackageImports=true
     1>"C:\Users\Atakan\OneDrive\Documents\GitHub\tokenizer-filter-machine\TurkMorph\TurkMorph.csproj" projesi (1) 1 düğümünde "C:\Users\Atakan\OneDrive\Documents\GitHub\tokenizer-filter-machine\TurkMorph\TurkMorph.csproj" (1:5) oluşturuyor (_GenerateRestoreGraphProjectEntry hedef).
   1:5>"C:\Users\Atakan\OneDrive\Documents\GitHub\tokenizer-filter-machine\TurkMorph\TurkMorph.csproj" projesinin "C:\Program Files\dotnet\sdk\10.0.101\Sdks\Microsoft.NET.Sdk\targets\Microsoft.NET.TargetFrameworkInference.targets" dosyasındaki "_CheckForUnsupportedTargetPlatformIdentifier" hedefi ("CollectPackageReferences" hedefi buna bağımlı):
   1:5>"TurkMorph.csproj" projesinde "_CheckForUnsupportedTargetPlatformIdentifier" hedefini oluşturma tamamlandı.
   1:5>"C:\Users\Atakan\OneDrive\Documents\GitHub\tokenizer-filter-machine\TurkMorph\TurkMorph.csproj" projesinin "C:\Program Files\dotnet\sdk\10.0.101\Sdks\Microsoft.NET.Sdk\targets\Microsoft.NET.TargetFrameworkInference.targets" dosyasındaki "_CheckForUnsupportedNETCoreVersion" hedefi ("CollectPackageReferences" hedefi buna bağımlı):
   1:5>"TurkMorph.csproj" projesinde "_CheckForUnsupportedNETCoreVersion" hedefini oluşturma tamamlandı.
   1:5>"C:\Users\Atakan\OneDrive\Documents\GitHub\tokenizer-filter-machine\TurkMorph\TurkMorph.csproj" projesinin "C:\Program Files\dotnet\sdk\10.0.101\Sdks\Microsoft.NET.Sdk\targets\Microsoft.NET.TargetFrameworkInference.targets" dosyasındaki "_CheckForUnsupportedCppNETCoreVersion" hedefi ("CollectPackageReferences" hedefi buna bağımlı):
   1:5>"TurkMorph.csproj" projesinde "_CheckForUnsupportedCppNETCoreVersion" hedefini oluşturma tamamlandı.
   1:5>"C:\Users\Atakan\OneDrive\Documents\GitHub\tokenizer-filter-machine\TurkMorph\TurkMorph.csproj" projesinin "C:\Program Files\dotnet\sdk\10.0.101\Sdks\Microsoft.NET.Sdk\targets\Microsoft.NET.Sdk.DefaultItems.Shared.targets" dosyasındaki "UpdateAspNetToFrameworkReference" hedefi ("ApplyImplicitVersions" hedefi buna bağımlı):
       "C:\Program Files\dotnet\sdk\10.0.101\Sdks\Microsoft.NET.Sdk\targets\..\tools\net10.0\Microsoft.NET.Build.Tasks.dll" derlemesindeki "CheckIfPackageReferenceShouldBeFrameworkReference" görevi kullanılıyor.
       "CheckIfPackageReferenceShouldBeFrameworkReference" görevi
       "CheckIfPackageReferenceShouldBeFrameworkReference" görevini yürütme tamamlandı.
       "CheckIfPackageReferenceShouldBeFrameworkReference" görevi
       "CheckIfPackageReferenceShouldBeFrameworkReference" görevini yürütme tamamlandı.
   1:5>"TurkMorph.csproj" projesinde "UpdateAspNetToFrameworkReference" hedefini oluşturma tamamlandı.
   1:5>"C:\Users\Atakan\OneDrive\Documents\GitHub\tokenizer-filter-machine\TurkMorph\TurkMorph.csproj" projesinin "C:\Program Files\dotnet\sdk\10.0.101\Sdks\Microsoft.NET.Sdk\targets\Microsoft.NET.Sdk.DefaultItems.Shared.targets" dosyasındaki "CheckForImplicitPackageReferenceOverrides" hedefi ("ApplyImplicitVersions" hedefi buna bağımlı):
       "C:\Program Files\dotnet\sdk\10.0.101\Sdks\Microsoft.NET.Sdk\targets\..\tools\net10.0\Microsoft.NET.Build.Tasks.dll" derlemesindeki "CheckForImplicitPackageReferenceOverrides" görevi kullanılıyor.
       "CheckForImplicitPackageReferenceOverrides" görevi
       "CheckForImplicitPackageReferenceOverrides" görevini yürütme tamamlandı.
   1:5>"TurkMorph.csproj" projesinde "CheckForImplicitPackageReferenceOverrides" hedefini oluşturma tamamlandı.
   1:5>"C:\Users\Atakan\OneDrive\Documents\GitHub\tokenizer-filter-machine\TurkMorph\TurkMorph.csproj" projesinin "C:\Program Files\dotnet\sdk\10.0.101\Sdks\Microsoft.NET.Sdk\targets\Microsoft.NET.Sdk.DefaultItems.Shared.targets" dosyasındaki "ApplyImplicitVersions" hedefi ("CollectPackageReferences" hedefi buna bağımlı):
       "C:\Program Files\dotnet\sdk\10.0.101\Sdks\Microsoft.NET.Sdk\targets\..\tools\net10.0\Microsoft.NET.Build.Tasks.dll" derlemesindeki "ApplyImplicitVersions" görevi kullanılıyor.
       "ApplyImplicitVersions" görevi
       "ApplyImplicitVersions" görevini yürütme tamamlandı.
   1:5>"TurkMorph.csproj" projesinde "ApplyImplicitVersions" hedefini oluşturma tamamlandı.
       "CheckForImplicitPackageReferenceOverrides" hedefi atlandı. Önceden başarılı bir şekilde derlenmişti.
   1:5>"C:\Users\Atakan\OneDrive\Documents\GitHub\tokenizer-filter-machine\TurkMorph\TurkMorph.csproj" projesinin "C:\Program Files\dotnet\sdk\10.0.101\Sdks\Microsoft.NET.Sdk\targets\Microsoft.NET.Sdk.FrameworkReferenceResolution.targets" dosyasındaki "AddWindowsSdkKnownFrameworkReferences" hedefi ("ProcessFrameworkReferences" hedefi buna bağımlı):
       "C:\Program Files\dotnet\sdk\10.0.101\Sdks\Microsoft.NET.Sdk\targets\..\tools\net10.0\Microsoft.NET.Build.Tasks.dll" derlemesindeki "CreateWindowsSdkKnownFrameworkReferences" görevi kullanılıyor.
       "CreateWindowsSdkKnownFrameworkReferences" görevi
       "CreateWindowsSdkKnownFrameworkReferences" görevini yürütme tamamlandı.
   1:5>"TurkMorph.csproj" projesinde "AddWindowsSdkKnownFrameworkReferences" hedefini oluşturma tamamlandı.
   1:5>"C:\Users\Atakan\OneDrive\Documents\GitHub\tokenizer-filter-machine\TurkMorph\TurkMorph.csproj" projesinin "C:\Program Files\dotnet\sdk\10.0.101\Sdks\Microsoft.NET.Sdk\targets\Microsoft.NET.TargetFrameworkInference.targets" dosyasındaki "_NormalizeTargetPlatformVersion" hedefi ("ProcessFrameworkReferences" hedefi buna bağımlı):
   1:5>"TurkMorph.csproj" projesinde "_NormalizeTargetPlatformVersion" hedefini oluşturma tamamlandı.
   1:5>"C:\Users\Atakan\OneDrive\Documents\GitHub\tokenizer-filter-machine\TurkMorph\TurkMorph.csproj" projesinin "C:\Program Files\dotnet\sdk\10.0.101\Sdks\Microsoft.NET.Sdk\targets\Microsoft.NET.RuntimeIdentifierInference.targets" dosyasındaki "_CheckForLanguageAndFeatureCombinationSupport" hedefi ("ProcessFrameworkReferences" hedefi buna bağımlı):
   1:5>"TurkMorph.csproj" projesinde "_CheckForLanguageAndFeatureCombinationSupport" hedefini oluşturma tamamlandı.
   1:5>"C:\Users\Atakan\OneDrive\Documents\GitHub\tokenizer-filter-machine\TurkMorph\TurkMorph.csproj" projesinin "C:\Program Files\dotnet\sdk\10.0.101\Sdks\Microsoft.NET.Sdk\targets\Microsoft.NET.Publish.targets" dosyasındaki "_ComputeToolPackInputsToProcessFrameworkReferences" hedefi ("ProcessFrameworkReferences" hedefi buna bağımlı):
   1:5>"TurkMorph.csproj" projesinde "_ComputeToolPackInputsToProcessFrameworkReferences" hedefini oluşturma tamamlandı.
   1:5>"C:\Users\Atakan\OneDrive\Documents\GitHub\tokenizer-filter-machine\TurkMorph\TurkMorph.csproj" projesinin "C:\Program Files\dotnet\sdk\10.0.101\Sdks\Microsoft.NET.Sdk\targets\Microsoft.NET.Sdk.FrameworkReferenceResolution.targets" dosyasındaki "ProcessFrameworkReferences" hedefi ("CollectPackageReferences" hedefi buna bağımlı):
       "C:\Program Files\dotnet\sdk\10.0.101\Sdks\Microsoft.NET.Sdk\targets\..\tools\net10.0\Microsoft.NET.Build.Tasks.dll" derlemesindeki "CheckForDuplicateFrameworkReferences" görevi kullanılıyor.
       "CheckForDuplicateFrameworkReferences" görevi
       "CheckForDuplicateFrameworkReferences" görevini yürütme tamamlandı.
       "C:\Program Files\dotnet\sdk\10.0.101\Sdks\Microsoft.NET.Sdk\targets\..\tools\net10.0\Microsoft.NET.Build.Tasks.dll" derlemesindeki "ProcessFrameworkReferences" görevi kullanılıyor.
       "ProcessFrameworkReferences" görevi
         Found 2 known framework references for target framework .NETCoreApp
         Found 5 known runtime packs for target framework .NETCoreApp
         Selected Microsoft.NETCore.App with RIDs 'linux-arm;linux-arm64;linux-musl-arm64;linux-musl-x64;linux-x64;osx-x64;tizen.4.0.0-armel;tizen.5.0.0-armel;win-arm64;win-x64;win-x86;linux-musl-arm;osx-arm64;linux-s390x;linux-loongarch64;linux-bionic-arm;linux-bionic-arm64;linux-bionic-x64;linux-bionic-x86;linux-ppc64le;freebsd-x64;freebsd-arm64'
         Selected targeting pack 'Microsoft.NETCore.App@8.0.22'
         Added runtime framework 'Microsoft.NETCore.App@8.0.0'
         Selected Microsoft.WindowsDesktop.App with RIDs 'win-x64;win-x86;win-arm64'
         Selected targeting pack 'Microsoft.WindowsDesktop.App@8.0.22'
         Added runtime framework 'Microsoft.WindowsDesktop.App@8.0.0'
         Selected Microsoft.WindowsDesktop.App with RIDs 'win-x64;win-x86;win-arm64'
         Selected targeting pack 'Microsoft.WindowsDesktop.App.WPF@8.0.22'
         Added runtime framework 'Microsoft.WindowsDesktop.App@8.0.0'
         Selected Microsoft.WindowsDesktop.App with RIDs 'win-x64;win-x86;win-arm64'
         Selected targeting pack 'Microsoft.WindowsDesktop.App.WindowsForms@8.0.22'
         Added runtime framework 'Microsoft.WindowsDesktop.App@8.0.0'
         Selected Microsoft.AspNetCore.App with RIDs 'win-x64;win-x86;osx-x64;linux-musl-x64;linux-musl-arm64;linux-x64;linux-arm;linux-arm64;linux-musl-arm;win-arm64;osx-arm64;linux-s390x;linux-loongarch64;linux-ppc64le;freebsd-x64;freebsd-arm64'
         Selected targeting pack 'Microsoft.AspNetCore.App@8.0.22'
         Added runtime framework 'Microsoft.AspNetCore.App@8.0.0'
       "ProcessFrameworkReferences" görevini yürütme tamamlandı.
       "C:\Program Files\dotnet\sdk\10.0.101\Sdks\Microsoft.NET.Sdk\targets\..\tools\net10.0\Microsoft.NET.Build.Tasks.dll" derlemesindeki "ResolveAppHosts" görevi kullanılıyor.
       "ResolveAppHosts" görevi
       "ResolveAppHosts" görevini yürütme tamamlandı.
   1:5>"TurkMorph.csproj" projesinde "ProcessFrameworkReferences" hedefini oluşturma tamamlandı.
   1:5>"C:\Users\Atakan\OneDrive\Documents\GitHub\tokenizer-filter-machine\TurkMorph\TurkMorph.csproj" projesinin "C:\Program Files\dotnet\sdk\10.0.101\Sdks\Microsoft.NET.Sdk\targets\Microsoft.NET.ObsoleteReferences.targets" dosyasındaki "_CheckForObsoleteDotNetCliToolReferences" hedefi ("CollectPackageReferences" hedefi buna bağımlı):
   1:5>"TurkMorph.csproj" projesinde "_CheckForObsoleteDotNetCliToolReferences" hedefini oluşturma tamamlandı.
   1:5>"C:\Users\Atakan\OneDrive\Documents\GitHub\tokenizer-filter-machine\TurkMorph\TurkMorph.csproj" projesinin "C:\Program Files\dotnet\sdk\10.0.101\NuGet.targets" dosyasındaki "CollectPackageReferences" hedefi ("_GetRestoreProjectStyle" hedefi buna bağımlı):
       "C:\Program Files\dotnet\sdk\10.0.101\NuGet.Build.Tasks.dll" derlemesindeki "CheckForDuplicateNuGetItemsTask" görevi kullanılıyor.
       "CheckForDuplicateNuGetItemsTask" görevi
       "CheckForDuplicateNuGetItemsTask" görevini yürütme tamamlandı.
   1:5>"TurkMorph.csproj" projesinde "CollectPackageReferences" hedefini oluşturma tamamlandı.
   1:5>"C:\Users\Atakan\OneDrive\Documents\GitHub\tokenizer-filter-machine\TurkMorph\TurkMorph.csproj" projesinin "C:\Program Files\dotnet\sdk\10.0.101\NuGet.targets" dosyasındaki "_GetRestoreProjectStyle" hedefi ("_GenerateRestoreSpecs" hedefi buna bağımlı):
       "C:\Program Files\dotnet\sdk\10.0.101\NuGet.Build.Tasks.dll" derlemesindeki "GetRestoreProjectStyleTask" görevi kullanılıyor.
       "GetRestoreProjectStyleTask" görevi
       "GetRestoreProjectStyleTask" görevini yürütme tamamlandı.
   1:5>"TurkMorph.csproj" projesinde "_GetRestoreProjectStyle" hedefini oluşturma tamamlandı.
   1:5>"C:\Users\Atakan\OneDrive\Documents\GitHub\tokenizer-filter-machine\TurkMorph\TurkMorph.csproj" projesinin "C:\Program Files\dotnet\sdk\10.0.101\NuGet.targets" dosyasındaki "_GenerateRestoreSpecs" hedefi ("_GenerateRestoreGraphProjectEntry" hedefi buna bağımlı):
       "Message" görevi
         Restore entry point C:\Users\Atakan\OneDrive\Documents\GitHub\tokenizer-filter-machine\TurkMorph\TurkMorph.csproj
       "Message" görevini yürütme tamamlandı.
   1:5>"TurkMorph.csproj" projesinde "_GenerateRestoreSpecs" hedefini oluşturma tamamlandı.
   1:5>"C:\Users\Atakan\OneDrive\Documents\GitHub\tokenizer-filter-machine\TurkMorph\TurkMorph.csproj" projesinin "C:\Program Files\dotnet\sdk\10.0.101\NuGet.targets" dosyasındaki "_GetRestoreSettingsOverrides" hedefi ("_GetRestoreSettings" hedefi buna bağımlı):
   1:5>"TurkMorph.csproj" projesinde "_GetRestoreSettingsOverrides" hedefini oluşturma tamamlandı.
   1:5>"C:\Users\Atakan\OneDrive\Documents\GitHub\tokenizer-filter-machine\TurkMorph\TurkMorph.csproj" projesinin "C:\Program Files\dotnet\sdk\10.0.101\NuGet.targets" dosyasındaki "_GetRestoreSettingsPerFramework" hedefi ("_GetRestoreSettingsCurrentProject" hedefi buna bağımlı):
   1:5>"TurkMorph.csproj" projesinde "_GetRestoreSettingsPerFramework" hedefini oluşturma tamamlandı.
   1:5>"C:\Users\Atakan\OneDrive\Documents\GitHub\tokenizer-filter-machine\TurkMorph\TurkMorph.csproj" projesinin "C:\Program Files\dotnet\sdk\10.0.101\NuGet.targets" dosyasındaki "_GetRestoreSettingsCurrentProject" hedefi ("_GetRestoreSettings" hedefi buna bağımlı):
   1:5>"TurkMorph.csproj" projesinde "_GetRestoreSettingsCurrentProject" hedefini oluşturma tamamlandı.
   1:5>"C:\Users\Atakan\OneDrive\Documents\GitHub\tokenizer-filter-machine\TurkMorph\TurkMorph.csproj" projesinin "C:\Program Files\dotnet\sdk\10.0.101\NuGet.targets" dosyasındaki "_GetRestoreSettings" hedefi ("_GenerateDotnetCliToolReferenceSpecs" hedefi buna bağımlı):
       "C:\Program Files\dotnet\sdk\10.0.101\NuGet.Build.Tasks.dll" derlemesindeki "GetRestoreSettingsTask" görevi kullanılıyor.
       "GetRestoreSettingsTask" görevi
         Derleme TaskRun (NuGet.Build.Tasks.GetRestoreSettingsTask) sırasında yüklendi: NuGet.Configuration, Version=7.0.0.0, Culture=neutral, PublicKeyToken=31bf3856ad364e35 (konum: C:\Program Files\dotnet\sdk\10.0.101\NuGet.Configuration.dll, MVID: 48b0ca1c-220b-4c21-8fab-d2d14e375158, AssemblyLoadContext: MSBuild plugin C:\Program Files\dotnet\sdk\10.0.101\NuGet.Build.Tasks.dll)
       "GetRestoreSettingsTask" görevini yürütme tamamlandı.
   1:5>"TurkMorph.csproj" projesinde "_GetRestoreSettings" hedefini oluşturma tamamlandı.
   1:5>"C:\Users\Atakan\OneDrive\Documents\GitHub\tokenizer-filter-machine\TurkMorph\TurkMorph.csproj" projesinin "C:\Program Files\dotnet\sdk\10.0.101\NuGet.targets" dosyasındaki "_GenerateDotnetCliToolReferenceSpecs" hedefi ("_GenerateRestoreGraphProjectEntry" hedefi buna bağımlı):
       "C:\Program Files\dotnet\sdk\10.0.101\NuGet.Build.Tasks.dll" derlemesindeki "GetRestoreDotnetCliToolsTask" görevi kullanılıyor.
       "GetRestoreDotnetCliToolsTask" görevi
       "GetRestoreDotnetCliToolsTask" görevini yürütme tamamlandı.
   1:5>"TurkMorph.csproj" projesinde "_GenerateDotnetCliToolReferenceSpecs" hedefini oluşturma tamamlandı.
   1:5>"C:\Users\Atakan\OneDrive\Documents\GitHub\tokenizer-filter-machine\TurkMorph\TurkMorph.csproj" projesinin "C:\Program Files\dotnet\sdk\10.0.101\NuGet.targets" dosyasındaki "_GenerateRestoreGraphProjectEntry" hedefi (giriş noktası):
   1:5>"TurkMorph.csproj" projesinde "_GenerateRestoreGraphProjectEntry" hedefini oluşturma tamamlandı.
   1:5>"C:\Users\Atakan\OneDrive\Documents\GitHub\tokenizer-filter-machine\TurkMorph\TurkMorph.csproj" Projesini Oluşturma İşlemi Tamamlandı (_GenerateRestoreGraphProjectEntry hedef).
     1>"MSBuild" görevini yürütme tamamlandı.
       "MSBuild" görevi
         Genel Özellikler:
           ExcludeRestorePackageImports=true
     1>"C:\Users\Atakan\OneDrive\Documents\GitHub\tokenizer-filter-machine\TurkMorph\TurkMorph.csproj" projesi (1) 1 düğümünde "C:\Users\Atakan\OneDrive\Documents\GitHub\tokenizer-filter-machine\TurkMorph\TurkMorph.csproj" (1:6) oluşturuyor (_GenerateProjectRestoreGraph hedef).
   1:6>"_GetRestoreProjectStyle" hedefi atlandı. Önceden başarılı bir şekilde derlenmişti.
       "_GetRestoreProjectStyle" hedefi atlandı. Önceden başarılı bir şekilde derlenmişti.
       "_GetRestoreProjectStyle" hedefi atlandı. Önceden başarılı bir şekilde derlenmişti.
   1:6>"C:\Users\Atakan\OneDrive\Documents\GitHub\tokenizer-filter-machine\TurkMorph\TurkMorph.csproj" projesinin "C:\Program Files\dotnet\sdk\10.0.101\NuGet.targets" dosyasındaki "_GetRestoreTargetFrameworkOverride" hedefi ("_GetRestoreTargetFrameworksOutput" hedefi buna bağımlı):
   1:6>"TurkMorph.csproj" projesinde "_GetRestoreTargetFrameworkOverride" hedefini oluşturma tamamlandı.
   1:6>"C:\Users\Atakan\OneDrive\Documents\GitHub\tokenizer-filter-machine\TurkMorph\TurkMorph.csproj" projesinin "C:\Program Files\dotnet\sdk\10.0.101\NuGet.targets" dosyasındaki "_GetRestoreTargetFrameworksOutput" hedefi ("_GenerateRestoreProjectSpec" hedefi buna bağımlı):
       "C:\Program Files\dotnet\sdk\10.0.101\NuGet.Build.Tasks.dll" derlemesindeki "GetProjectTargetFrameworksTask" görevi kullanılıyor.
       "GetProjectTargetFrameworksTask" görevi
       "GetProjectTargetFrameworksTask" görevini yürütme tamamlandı.
   1:6>"TurkMorph.csproj" projesinde "_GetRestoreTargetFrameworksOutput" hedefini oluşturma tamamlandı.
       "_GetRestoreSettings" hedefi atlandı. Önceden başarılı bir şekilde derlenmişti.
   1:6>"C:\Users\Atakan\OneDrive\Documents\GitHub\tokenizer-filter-machine\TurkMorph\TurkMorph.csproj" projesinin "C:\Program Files\dotnet\sdk\10.0.101\NuGet.targets" dosyasındaki "_GenerateRestoreProjectSpec" hedefi ("_GenerateProjectRestoreGraph" hedefi buna bağımlı):
       "ConvertToAbsolutePath" görevi
       "ConvertToAbsolutePath" görevini yürütme tamamlandı.
   1:6>"TurkMorph.csproj" projesinde "_GenerateRestoreProjectSpec" hedefini oluşturma tamamlandı.
       "_GetRestoreProjectStyle" hedefi atlandı. Önceden başarılı bir şekilde derlenmişti.
       "CollectPackageReferences" hedefi atlandı. Önceden başarılı bir şekilde derlenmişti.
   1:6>"C:\Users\Atakan\OneDrive\Documents\GitHub\tokenizer-filter-machine\TurkMorph\TurkMorph.csproj" projesinin "C:\Program Files\dotnet\sdk\10.0.101\NuGet.targets" dosyasındaki "CollectPackageDownloads" hedefi ("_CollectRestoreInputs" hedefi buna bağımlı):
       "CheckForDuplicateNuGetItemsTask" görevi
       "CheckForDuplicateNuGetItemsTask" görevini yürütme tamamlandı.
   1:6>"TurkMorph.csproj" projesinde "CollectPackageDownloads" hedefini oluşturma tamamlandı.
   1:6>"C:\Users\Atakan\OneDrive\Documents\GitHub\tokenizer-filter-machine\TurkMorph\TurkMorph.csproj" projesinin "C:\Program Files\dotnet\sdk\10.0.101\NuGet.targets" dosyasındaki "CollectFrameworkReferences" hedefi ("_CollectRestoreInputs" hedefi buna bağımlı):
   1:6>"TurkMorph.csproj" projesinde "CollectFrameworkReferences" hedefini oluşturma tamamlandı.
   1:6>"C:\Users\Atakan\OneDrive\Documents\GitHub\tokenizer-filter-machine\TurkMorph\TurkMorph.csproj" projesinin "C:\Program Files\dotnet\sdk\10.0.101\NuGet.targets" dosyasındaki "CollectCentralPackageVersions" hedefi ("_CollectRestoreInputs" hedefi buna bağımlı):
       "CheckForDuplicateNuGetItemsTask" görevi
       "CheckForDuplicateNuGetItemsTask" görevini yürütme tamamlandı.
   1:6>"TurkMorph.csproj" projesinde "CollectCentralPackageVersions" hedefini oluşturma tamamlandı.
   1:6>"C:\Users\Atakan\OneDrive\Documents\GitHub\tokenizer-filter-machine\TurkMorph\TurkMorph.csproj" projesinin "C:\Program Files\dotnet\sdk\10.0.101\NuGet.targets" dosyasındaki "CollectNuGetAuditSuppressions" hedefi ("_CollectRestoreInputs" hedefi buna bağımlı):
       "CheckForDuplicateNuGetItemsTask" görevi
       "CheckForDuplicateNuGetItemsTask" görevini yürütme tamamlandı.
   1:6>"TurkMorph.csproj" projesinde "CollectNuGetAuditSuppressions" hedefini oluşturma tamamlandı.
   1:6>"C:\Users\Atakan\OneDrive\Documents\GitHub\tokenizer-filter-machine\TurkMorph\TurkMorph.csproj" projesinin "C:\Program Files\dotnet\sdk\10.0.101\NuGet.targets" dosyasındaki "CollectPrunePackageReferences" hedefi ("_CollectRestoreInputs" hedefi buna bağımlı):
       "CheckForDuplicateNuGetItemsTask" görevi
       "CheckForDuplicateNuGetItemsTask" görevini yürütme tamamlandı.
   1:6>"TurkMorph.csproj" projesinde "CollectPrunePackageReferences" hedefini oluşturma tamamlandı.
   1:6>"C:\Users\Atakan\OneDrive\Documents\GitHub\tokenizer-filter-machine\TurkMorph\TurkMorph.csproj" projesinin "C:\Program Files\dotnet\sdk\10.0.101\NuGet.targets" dosyasındaki "_CollectRestoreInputs" hedefi ("_GenerateProjectRestoreGraphPerFramework" hedefi buna bağımlı):
   1:6>"TurkMorph.csproj" projesinde "_CollectRestoreInputs" hedefini oluşturma tamamlandı.
   1:6>"C:\Users\Atakan\OneDrive\Documents\GitHub\tokenizer-filter-machine\TurkMorph\TurkMorph.csproj" projesinin "C:\Program Files\dotnet\sdk\10.0.101\NuGet.targets" dosyasındaki "_GenerateProjectRestoreGraphPerFramework" hedefi ("_GenerateProjectRestoreGraphCurrentProject" hedefi buna bağımlı):
       "C:\Program Files\dotnet\sdk\10.0.101\NuGet.Build.Tasks.dll" derlemesindeki "GetRestoreProjectReferencesTask" görevi kullanılıyor.
       "GetRestoreProjectReferencesTask" görevi
       "GetRestoreProjectReferencesTask" görevini yürütme tamamlandı.
       "C:\Program Files\dotnet\sdk\10.0.101\NuGet.Build.Tasks.dll" derlemesindeki "GetRestorePackageReferencesTask" görevi kullanılıyor.
       "GetRestorePackageReferencesTask" görevi
       "GetRestorePackageReferencesTask" görevini yürütme tamamlandı.
       "C:\Program Files\dotnet\sdk\10.0.101\NuGet.Build.Tasks.dll" derlemesindeki "GetRestorePackageDownloadsTask" görevi kullanılıyor.
       "GetRestorePackageDownloadsTask" görevi
       "GetRestorePackageDownloadsTask" görevini yürütme tamamlandı.
       "C:\Program Files\dotnet\sdk\10.0.101\NuGet.Build.Tasks.dll" derlemesindeki "GetRestoreFrameworkReferencesTask" görevi kullanılıyor.
       "GetRestoreFrameworkReferencesTask" görevi
       "GetRestoreFrameworkReferencesTask" görevini yürütme tamamlandı.
       "C:\Program Files\dotnet\sdk\10.0.101\NuGet.Build.Tasks.dll" derlemesindeki "GetRestoreNuGetAuditSuppressionsTask" görevi kullanılıyor.
       "GetRestoreNuGetAuditSuppressionsTask" görevi
       "GetRestoreNuGetAuditSuppressionsTask" görevini yürütme tamamlandı.
       "C:\Program Files\dotnet\sdk\10.0.101\NuGet.Build.Tasks.dll" derlemesindeki "GetRestorePrunePackageReferencesTask" görevi kullanılıyor.
       "GetRestorePrunePackageReferencesTask" görevi
       "GetRestorePrunePackageReferencesTask" görevini yürütme tamamlandı.
   1:6>"TurkMorph.csproj" projesinde "_GenerateProjectRestoreGraphPerFramework" hedefini oluşturma tamamlandı.
   1:6>"C:\Users\Atakan\OneDrive\Documents\GitHub\tokenizer-filter-machine\TurkMorph\TurkMorph.csproj" projesinin "C:\Program Files\dotnet\sdk\10.0.101\NuGet.targets" dosyasındaki "_GenerateProjectRestoreGraphCurrentProject" hedefi ("_GenerateRestoreDependencies" hedefi buna bağımlı):
   1:6>"TurkMorph.csproj" projesinde "_GenerateProjectRestoreGraphCurrentProject" hedefini oluşturma tamamlandı.
   1:6>"C:\Users\Atakan\OneDrive\Documents\GitHub\tokenizer-filter-machine\TurkMorph\TurkMorph.csproj" projesinin "C:\Program Files\dotnet\sdk\10.0.101\NuGet.targets" dosyasındaki "_GenerateRestoreDependencies" hedefi ("_GenerateProjectRestoreGraph" hedefi buna bağımlı):
   1:6>"TurkMorph.csproj" projesinde "_GenerateRestoreDependencies" hedefini oluşturma tamamlandı.
   1:6>"C:\Users\Atakan\OneDrive\Documents\GitHub\tokenizer-filter-machine\TurkMorph\TurkMorph.csproj" projesinin "C:\Program Files\dotnet\sdk\10.0.101\NuGet.targets" dosyasındaki "_GenerateProjectRestoreGraph" hedefi (giriş noktası):
   1:6>"TurkMorph.csproj" projesinde "_GenerateProjectRestoreGraph" hedefini oluşturma tamamlandı.
   1:6>"C:\Users\Atakan\OneDrive\Documents\GitHub\tokenizer-filter-machine\TurkMorph\TurkMorph.csproj" Projesini Oluşturma İşlemi Tamamlandı (_GenerateProjectRestoreGraph hedef).
     1>"MSBuild" görevini yürütme tamamlandı.
     1>"TurkMorph.csproj" projesinde "_GenerateRestoreGraph" hedefini oluşturma tamamlandı.
     1>"C:\Users\Atakan\OneDrive\Documents\GitHub\tokenizer-filter-machine\TurkMorph\TurkMorph.csproj" projesinin "C:\Program Files\dotnet\sdk\10.0.101\Sdks\Microsoft.NET.Sdk\targets\Microsoft.NET.TargetFrameworkInference.targets" dosyasındaki "_CollectTargetFrameworkForTelemetry" hedefi ("Restore" hedefi buna bağımlı):
       "C:\Program Files\dotnet\sdk\10.0.101\Sdks\Microsoft.NET.Sdk\targets\..\tools\net10.0\Microsoft.NET.Build.Tasks.dll" derlemesindeki "AllowEmptyTelemetry" görevi kullanılıyor.
       "AllowEmptyTelemetry" görevi
       "AllowEmptyTelemetry" görevini yürütme tamamlandı.
     1>"TurkMorph.csproj" projesinde "_CollectTargetFrameworkForTelemetry" hedefini oluşturma tamamlandı.
     1>"C:\Users\Atakan\OneDrive\Documents\GitHub\tokenizer-filter-machine\TurkMorph\TurkMorph.csproj" projesinin "C:\Program Files\dotnet\sdk\10.0.101\Sdks\Microsoft.NET.Sdk\targets\Microsoft.NET.TargetFrameworkInference.targets" dosyasındaki "_CheckForUnsupportedNETCoreVersion" hedefi ("Restore" hedefi buna bağımlı):
     1>"TurkMorph.csproj" projesinde "_CheckForUnsupportedNETCoreVersion" hedefini oluşturma tamamlandı.
     1>"C:\Users\Atakan\OneDrive\Documents\GitHub\tokenizer-filter-machine\TurkMorph\TurkMorph.csproj" projesinin "C:\Program Files\dotnet\sdk\10.0.101\Sdks\Microsoft.NET.Sdk\targets\Microsoft.NET.TargetFrameworkInference.targets" dosyasındaki "_CheckForUnsupportedCppNETCoreVersion" hedefi ("Restore" hedefi buna bağımlı):
     1>"TurkMorph.csproj" projesinde "_CheckForUnsupportedCppNETCoreVersion" hedefini oluşturma tamamlandı.
     1>"C:\Users\Atakan\OneDrive\Documents\GitHub\tokenizer-filter-machine\TurkMorph\TurkMorph.csproj" projesinin "C:\Program Files\dotnet\sdk\10.0.101\NuGet.targets" dosyasındaki "Restore" hedefi (giriş noktası):
       "RemoveDuplicates" görevi
       "RemoveDuplicates" görevini yürütme tamamlandı.
       "C:\Program Files\dotnet\sdk\10.0.101\NuGet.Build.Tasks.dll" derlemesindeki "RestoreTask" görevi kullanılıyor.
       "RestoreTask" görevi
         Derleme TaskRun (NuGet.Build.Tasks.RestoreTask) sırasında yüklendi: NuGet.Packaging, Version=7.0.0.0, Culture=neutral, PublicKeyToken=31bf3856ad364e35 (konum: C:\Program Files\dotnet\sdk\10.0.101\NuGet.Packaging.dll, MVID: cbfc9ed0-7866-469b-9c1f-f25d50faee97, AssemblyLoadContext: MSBuild plugin C:\Program Files\dotnet\sdk\10.0.101\NuGet.Build.Tasks.dll)
         Derleme TaskRun (NuGet.Build.Tasks.RestoreTask) sırasında yüklendi: NuGet.LibraryModel, Version=7.0.0.0, Culture=neutral, PublicKeyToken=31bf3856ad364e35 (konum: C:\Program Files\dotnet\sdk\10.0.101\NuGet.LibraryModel.dll, MVID: 68a4d051-6665-4b74-809a-7f38ce15fd8b, AssemblyLoadContext: MSBuild plugin C:\Program Files\dotnet\sdk\10.0.101\NuGet.Build.Tasks.dll)
         Derleme TaskRun (NuGet.Build.Tasks.RestoreTask) sırasında yüklendi: NuGet.Versioning, Version=7.0.0.0, Culture=neutral, PublicKeyToken=31bf3856ad364e35 (konum: C:\Program Files\dotnet\sdk\10.0.101\NuGet.Versioning.dll, MVID: db6fa9f4-313d-4c04-8b3b-dcde2ca3467c, AssemblyLoadContext: MSBuild plugin C:\Program Files\dotnet\sdk\10.0.101\NuGet.Build.Tasks.dll)
         Derleme TaskRun (NuGet.Build.Tasks.RestoreTask) sırasında yüklendi: NuGet.Frameworks, Version=7.0.0.0, Culture=neutral, PublicKeyToken=31bf3856ad364e35 (konum: C:\Program Files\dotnet\sdk\10.0.101\NuGet.Frameworks.dll, MVID: e913a35d-983d-474c-b844-7b99e57f87c3, AssemblyLoadContext: MSBuild plugin C:\Program Files\dotnet\sdk\10.0.101\NuGet.Build.Tasks.dll)
         Derleme TaskRun (NuGet.Build.Tasks.RestoreTask) sırasında yüklendi: NuGet.Protocol, Version=7.0.0.0, Culture=neutral, PublicKeyToken=31bf3856ad364e35 (konum: C:\Program Files\dotnet\sdk\10.0.101\NuGet.Protocol.dll, MVID: b29fe50d-16a8-4275-9f03-4c61a549b3e9, AssemblyLoadContext: MSBuild plugin C:\Program Files\dotnet\sdk\10.0.101\NuGet.Build.Tasks.dll)
         Derleme TaskRun (NuGet.Build.Tasks.RestoreTask) sırasında yüklendi: NuGet.Credentials, Version=7.0.0.0, Culture=neutral, PublicKeyToken=31bf3856ad364e35 (konum: C:\Program Files\dotnet\sdk\10.0.101\NuGet.Credentials.dll, MVID: a9f47e63-9cf1-4e3d-a1ac-19ffa2efaf93, AssemblyLoadContext: MSBuild plugin C:\Program Files\dotnet\sdk\10.0.101\NuGet.Build.Tasks.dll)
         Derleme TaskRun (NuGet.Build.Tasks.RestoreTask) sırasında yüklendi: NuGet.Packaging.resources, Version=7.0.0.0, Culture=tr, PublicKeyToken=31bf3856ad364e35 (konum: C:\Program Files\dotnet\sdk\10.0.101\tr\NuGet.Packaging.resources.dll, MVID: 1ada6be2-df5f-4e07-bec8-d2545fe10b25, AssemblyLoadContext: MSBuild plugin C:\Program Files\dotnet\sdk\10.0.101\NuGet.Build.Tasks.dll)
         X.509 sertifika zinciri doğrulaması, kod imzalama için .NET tarafından seçilen varsayılan güven deposunu kullanır.
         X.509 sertifika zinciri doğrulaması, zaman damgalama için .NET tarafından seçilen varsayılan güven deposunu kullanır.
         Derleme TaskRun (NuGet.Build.Tasks.RestoreTask) sırasında yüklendi: NuGet.DependencyResolver.Core, Version=7.0.0.0, Culture=neutral, PublicKeyToken=31bf3856ad364e35 (konum: C:\Program Files\dotnet\sdk\10.0.101\NuGet.DependencyResolver.Core.dll, MVID: 56b6dee4-cc63-4485-beb0-97d06d74b4ea, AssemblyLoadContext: MSBuild plugin C:\Program Files\dotnet\sdk\10.0.101\NuGet.Build.Tasks.dll)
         Derleme TaskRun (NuGet.Build.Tasks.RestoreTask) sırasında yüklendi: NuGet.Commands.resources, Version=7.0.0.0, Culture=tr, PublicKeyToken=31bf3856ad364e35 (konum: C:\Program Files\dotnet\sdk\10.0.101\tr\NuGet.Commands.resources.dll, MVID: a6417967-c32a-49a4-b335-69dc8afdd2f8, AssemblyLoadContext: MSBuild plugin C:\Program Files\dotnet\sdk\10.0.101\NuGet.Build.Tasks.dll)
         16 eşzamanlı iş ile geri yükleme çalıştırılıyor.
         C:\Users\Atakan\OneDrive\Documents\GitHub\tokenizer-filter-machine\TurkMorph\TurkMorph.csproj adlı proje dosyası okunuyor.
         Derleme TaskRun (NuGet.Build.Tasks.RestoreTask) sırasında yüklendi: Newtonsoft.Json, Version=13.0.0.0, Culture=neutral, PublicKeyToken=30ad4fe6b2a6aeed (konum: C:\Program Files\dotnet\sdk\10.0.101\Newtonsoft.Json.dll, MVID: 7e62198b-eab2-4380-bbac-29171862d1d8, AssemblyLoadContext: MSBuild plugin C:\Program Files\dotnet\sdk\10.0.101\NuGet.Build.Tasks.dll)
         Derleme TaskRun (NuGet.Build.Tasks.RestoreTask) sırasında yüklendi: System.Runtime.Serialization.Primitives, Version=10.0.0.0, Culture=neutral, PublicKeyToken=b03f5f7f11d50a3a (konum: C:\Program Files\dotnet\shared\Microsoft.NETCore.App\10.0.1\System.Runtime.Serialization.Primitives.dll, MVID: ecfab76f-cf3b-4dfa-bd5a-f89982539174, AssemblyLoadContext: Default)
         Derleme TaskRun (NuGet.Build.Tasks.RestoreTask) sırasında yüklendi: System.Runtime.Numerics, Version=10.0.0.0, Culture=neutral, PublicKeyToken=b03f5f7f11d50a3a (konum: C:\Program Files\dotnet\shared\Microsoft.NETCore.App\10.0.1\System.Runtime.Numerics.dll, MVID: 2efebce6-89c0-4a73-8fdb-4ca4d03b91e8, AssemblyLoadContext: Default)
         Derleme TaskRun (NuGet.Build.Tasks.RestoreTask) sırasında yüklendi: System.Text.Encodings.Web, Version=10.0.0.0, Culture=neutral, PublicKeyToken=cc7b13ffcd2ddd51 (konum: C:\Program Files\dotnet\shared\Microsoft.NETCore.App\10.0.1\System.Text.Encodings.Web.dll, MVID: 989cf696-308d-45ef-a7d8-f629ee2e0d57, AssemblyLoadContext: Default)
         Derleme TaskRun (NuGet.Build.Tasks.RestoreTask) sırasında yüklendi: System.Reflection.Emit.Lightweight, Version=10.0.0.0, Culture=neutral, PublicKeyToken=b03f5f7f11d50a3a (konum: C:\Program Files\dotnet\shared\Microsoft.NETCore.App\10.0.1\System.Reflection.Emit.Lightweight.dll, MVID: 54ccc9db-0db2-483c-9249-13f28812d0da, AssemblyLoadContext: Default)
         Derleme TaskRun (NuGet.Build.Tasks.RestoreTask) sırasında yüklendi: System.Reflection.Primitives, Version=10.0.0.0, Culture=neutral, PublicKeyToken=b03f5f7f11d50a3a (konum: C:\Program Files\dotnet\shared\Microsoft.NETCore.App\10.0.1\System.Reflection.Primitives.dll, MVID: eabd85f7-9632-491e-a34a-adfb84d9810e, AssemblyLoadContext: Default)
         Derleme TaskRun (NuGet.Build.Tasks.RestoreTask) sırasında yüklendi: System.Reflection.Emit.ILGeneration, Version=10.0.0.0, Culture=neutral, PublicKeyToken=b03f5f7f11d50a3a (konum: C:\Program Files\dotnet\shared\Microsoft.NETCore.App\10.0.1\System.Reflection.Emit.ILGeneration.dll, MVID: 89cc0fb1-7534-4cbe-bb6f-05a7e2856a66, AssemblyLoadContext: Default)
         'TurkMorph' için geri yükleme girişleri değiştirilmedi. Geri yüklemeyi tamamlamak için başka bir eylem gerekli değil.
     1>C:\Users\Atakan\OneDrive\Documents\GitHub\tokenizer-filter-machine\TurkMorph\TurkMorph.csproj : warning NU1603: TurkMorph, DevExpress.Win (>= 23.2.5) öğesine bağlı ancak DevExpress.Win 23.2.5 bulunamadı. Bunun yerine DevExpress.Win 25.1.3 çözümlendi.
     1>C:\Users\Atakan\OneDrive\Documents\GitHub\tokenizer-filter-machine\TurkMorph\TurkMorph.csproj : warning NU1603: TurkMorph, DevExpress.Win.Design (>= 23.2.5) öğesine bağlı ancak DevExpress.Win.Design 23.2.5 bulunamadı. Bunun yerine DevExpress.Win.Design 25.1.3 çözümlendi.
         Geri yükleme işleniyor...
         Varlıklar dosyası değiştirilmedi. Varlıklar dosyasına yazma işlemi atlanıyor. Yol: C:\Users\Atakan\OneDrive\Documents\GitHub\tokenizer-filter-machine\TurkMorph\obj\project.assets.json
         İşlemsiz geri yükleme. Önbellek güncelleştirilmeyecek. Yol: C:\Users\Atakan\OneDrive\Documents\GitHub\tokenizer-filter-machine\TurkMorph\obj\project.nuget.cache
         Derleme TaskRun (NuGet.Build.Tasks.RestoreTask) sırasında yüklendi: NuGet.Common.resources, Version=7.0.0.0, Culture=tr, PublicKeyToken=31bf3856ad364e35 (konum: C:\Program Files\dotnet\sdk\10.0.101\tr\NuGet.Common.resources.dll, MVID: c43e7c12-1506-41c6-9087-41eac02b37af, AssemblyLoadContext: MSBuild plugin C:\Program Files\dotnet\sdk\10.0.101\NuGet.Build.Tasks.dll)
         C:\Users\Atakan\OneDrive\Documents\GitHub\tokenizer-filter-machine\TurkMorph\TurkMorph.csproj geri yüklendi (65 ms içinde).
         
         Kullanılan NuGet yapılandırma dosyaları:
             C:\Users\Atakan\AppData\Roaming\NuGet\NuGet.Config
             C:\Program Files (x86)\NuGet\Config\DevExpress 25.1.config
             C:\Program Files (x86)\NuGet\Config\DevExpress 25.2.config
             C:\Program Files (x86)\NuGet\Config\Microsoft.VisualStudio.FallbackLocation.config
             C:\Program Files (x86)\NuGet\Config\Microsoft.VisualStudio.Offline.config
         
         Kullanılan akışlar:
             https://api.nuget.org/v3/index.json
             C:\Program Files\DevExpress 25.1\Components\System\Components\Packages
             C:\Program Files\DevExpress 25.2\Components\System\Components\Packages
             C:\Program Files (x86)\Microsoft SDKs\NuGetPackages\
             C:\Program Files\dotnet\library-packs
         Geri yükleme için tüm projeler güncel.
       "RestoreTask" görevini yürütme tamamlandı.
     1>"TurkMorph.csproj" projesinde "Restore" hedefini oluşturma tamamlandı.
     1>"C:\Users\Atakan\OneDrive\Documents\GitHub\tokenizer-filter-machine\TurkMorph\TurkMorph.csproj" Projesini Oluşturma İşlemi Tamamlandı (Restore hedef).
     0>"Microsoft.NET.Sdk" SDK’sı "DefaultSdkResolver" çözümleyicisi tarafından "C:\Program Files\dotnet\sdk\10.0.101\Sdks\Microsoft.NET.Sdk\Sdk" konumuna ve "" sürümüne başarıyla çözümlendi.
       C:\Program Files\dotnet\sdk\10.0.101\Sdks\Microsoft.NET.Sdk\Sdk\Sdk.props(49,11): message : 'C:\Program Files\dotnet\sdk\10.0.101\' değerine sahip 'MSBuildExtensionsPath' özelliği ortamdan genişletildi.
       C:\Program Files\dotnet\sdk\10.0.101\Current\Microsoft.Common.props(60,5): message : Özellik yeniden ataması: $(MSBuildProjectExtensionsPath)="C:\Users\Atakan\OneDrive\Documents\GitHub\tokenizer-filter-machine\TurkMorph\obj\" (önceki değer: "obj\") konum: C:\Program Files\dotnet\sdk\10.0.101\Current\Microsoft.Common.props (60,5)
       C:\Users\Atakan\OneDrive\Documents\GitHub\tokenizer-filter-machine\TurkMorph\obj\TurkMorph.csproj.nuget.g.props(7,5): message : 'C:\Users\Atakan' değerine sahip 'USERPROFILE' özelliği ortamdan genişletildi.
       C:\Program Files\dotnet\sdk\10.0.101\Current\Microsoft.Common.props(84,119): message : 'C:\Users\Atakan\AppData\Local\Microsoft\MSBuild' değerine sahip 'MSBuildUserExtensionsPath' özelliği ortamdan genişletildi.
       C:\Program Files\dotnet\sdk\10.0.101\Sdks\Microsoft.NET.Sdk\targets\Microsoft.NET.Sdk.props(90,5): message : Özellik yeniden ataması: $(AssemblySearchPaths)="{CandidateAssemblyFiles};{HintPathFromItem}" (önceki değer: "{CandidateAssemblyFiles}") konum: C:\Program Files\dotnet\sdk\10.0.101\Sdks\Microsoft.NET.Sdk\targets\Microsoft.NET.Sdk.props (90,5)
       C:\Program Files\dotnet\sdk\10.0.101\Sdks\Microsoft.NET.Sdk\targets\Microsoft.NET.Sdk.props(91,5): message : Özellik yeniden ataması: $(AssemblySearchPaths)="{CandidateAssemblyFiles};{HintPathFromItem};{TargetFrameworkDirectory}" (önceki değer: "{CandidateAssemblyFiles};{HintPathFromItem}") konum: C:\Program Files\dotnet\sdk\10.0.101\Sdks\Microsoft.NET.Sdk\targets\Microsoft.NET.Sdk.props (91,5)
       C:\Program Files\dotnet\sdk\10.0.101\Sdks\Microsoft.NET.Sdk\targets\Microsoft.NET.Sdk.props(92,5): message : Özellik yeniden ataması: $(AssemblySearchPaths)="{CandidateAssemblyFiles};{HintPathFromItem};{TargetFrameworkDirectory};{RawFileName}" (önceki değer: "{CandidateAssemblyFiles};{HintPathFromItem};{TargetFrameworkDirectory}") konum: C:\Program Files\dotnet\sdk\10.0.101\Sdks\Microsoft.NET.Sdk\targets\Microsoft.NET.Sdk.props (92,5)
       "DefaultSdkResolver" çözümleyicisi "Microsoft.NET.SDK.WorkloadAutoImportPropsLocator" SDK’sını çözümlemeyi denedi.
       Uyarılar: null
       Hatalar: MSB4276: "C:\Program Files\dotnet\sdk\10.0.101\Sdks\Microsoft.NET.SDK.WorkloadAutoImportPropsLocator\Sdk" dizini olmadığından, varsayılan SDK çözümleyicisi "Microsoft.NET.SDK.WorkloadAutoImportPropsLocator" SDK’sını çözümleyemedi.
       "Microsoft.NET.SDK.WorkloadAutoImportPropsLocator" SDK’sı "Microsoft.DotNet.MSBuildWorkloadSdkResolver" çözümleyicisi tarafından "C:\Program Files\dotnet\packs\Microsoft.Android.Sdk.Windows\36.1.2\Sdk" konumuna ve "null" sürümüne başarıyla çözümlendi.
       C:\Users\Atakan\OneDrive\Documents\GitHub\tokenizer-filter-machine\TurkMorph\TurkMorph.csproj(4,5): message : Özellik yeniden ataması: $(OutputType)="WinExe" (önceki değer: "Library") konum: C:\Users\Atakan\OneDrive\Documents\GitHub\tokenizer-filter-machine\TurkMorph\TurkMorph.csproj (4,5)
       C:\Program Files\dotnet\sdk\10.0.101\Sdks\Microsoft.NET.Sdk\targets\Microsoft.NET.Sdk.ImportPublishProfile.targets(28,5): message : Özellik yeniden ataması: $(PublishProfileImported)="false" (önceki değer: "true") konum: C:\Program Files\dotnet\sdk\10.0.101\Sdks\Microsoft.NET.Sdk\targets\Microsoft.NET.Sdk.ImportPublishProfile.targets (28,5)
       C:\Program Files\dotnet\sdk\10.0.101\Sdks\Microsoft.NET.Sdk\targets\Microsoft.NET.TargetFrameworkInference.targets(80,5): message : Özellik yeniden ataması: $(TargetPlatformVersion)="0.0" (önceki değer: "0.0.0.0") konum: C:\Program Files\dotnet\sdk\10.0.101\Sdks\Microsoft.NET.Sdk\targets\Microsoft.NET.TargetFrameworkInference.targets (80,5)
       C:\Program Files\dotnet\sdk\10.0.101\Sdks\Microsoft.NET.Sdk\targets\Microsoft.NET.TargetFrameworkInference.targets(81,5): message : Özellik yeniden ataması: $(TargetPlatformVersion)="" (önceki değer: "0.0") konum: C:\Program Files\dotnet\sdk\10.0.101\Sdks\Microsoft.NET.Sdk\targets\Microsoft.NET.TargetFrameworkInference.targets (81,5)
       C:\Program Files\dotnet\sdk\10.0.101\Sdks\Microsoft.NET.Sdk\targets\Microsoft.NET.TargetFrameworkInference.targets(84,5): message : Özellik yeniden ataması: $(TargetPlatformIdentifier)="Windows" (önceki değer: "windows") konum: C:\Program Files\dotnet\sdk\10.0.101\Sdks\Microsoft.NET.Sdk\targets\Microsoft.NET.TargetFrameworkInference.targets (84,5)
       C:\Program Files\dotnet\sdk\10.0.101\Sdks\Microsoft.NET.Sdk\targets\Microsoft.NET.DefaultOutputPaths.targets(127,5): message : Özellik yeniden ataması: $(DefaultItemExcludes)=";bin\Debug\/**;obj\Debug\/**" (önceki değer: ";bin\Debug\/**") konum: C:\Program Files\dotnet\sdk\10.0.101\Sdks\Microsoft.NET.Sdk\targets\Microsoft.NET.DefaultOutputPaths.targets (127,5)
       C:\Program Files\dotnet\sdk\10.0.101\Sdks\Microsoft.NET.Sdk\targets\Microsoft.NET.DefaultOutputPaths.targets(142,5): message : Özellik yeniden ataması: $(OutputPath)="bin\Debug\net8.0-windows\" (önceki değer: "bin\Debug\") konum: C:\Program Files\dotnet\sdk\10.0.101\Sdks\Microsoft.NET.Sdk\targets\Microsoft.NET.DefaultOutputPaths.targets (142,5)
       C:\Program Files\dotnet\sdk\10.0.101\Sdks\Microsoft.NET.Sdk\targets\Microsoft.NET.DefaultOutputPaths.targets(147,5): message : Özellik yeniden ataması: $(IntermediateOutputPath)="obj\Debug\net8.0-windows\" (önceki değer: "obj\Debug\") konum: C:\Program Files\dotnet\sdk\10.0.101\Sdks\Microsoft.NET.Sdk\targets\Microsoft.NET.DefaultOutputPaths.targets (147,5)
       "DefaultSdkResolver" çözümleyicisi "Microsoft.NET.SDK.WorkloadManifestTargetsLocator" SDK’sını çözümlemeyi denedi.
       Uyarılar: null
       Hatalar: MSB4276: "C:\Program Files\dotnet\sdk\10.0.101\Sdks\Microsoft.NET.SDK.WorkloadManifestTargetsLocator\Sdk" dizini olmadığından, varsayılan SDK çözümleyicisi "Microsoft.NET.SDK.WorkloadManifestTargetsLocator" SDK’sını çözümleyemedi.
       "Microsoft.NET.SDK.WorkloadManifestTargetsLocator" SDK’sı "Microsoft.DotNet.MSBuildWorkloadSdkResolver" çözümleyicisi tarafından "C:\Program Files\dotnet\sdk-manifests\10.0.100\microsoft.net.sdk.android\36.1.2" konumuna ve "null" sürümüne başarıyla çözümlendi.
       C:\Program Files\dotnet\sdk\10.0.101\Sdks\Microsoft.NET.Sdk\targets\Microsoft.NET.Sdk.BeforeCommon.targets(371,5): message : Özellik yeniden ataması: $(RoslynTargetsPath)="C:\Program Files\dotnet\sdk\10.0.101\Sdks\Microsoft.NET.Sdk\targets\..\..\..\Roslyn" (önceki değer: "C:\Program Files\dotnet\sdk\10.0.101\Roslyn") konum: C:\Program Files\dotnet\sdk\10.0.101\Sdks\Microsoft.NET.Sdk\targets\Microsoft.NET.Sdk.BeforeCommon.targets (371,5)
       C:\Program Files\dotnet\sdk\10.0.101\Roslyn\Microsoft.Managed.Core.targets(6,5): message : Özellik yeniden ataması: $(_BuildTasksDirectory)="C:\Program Files\dotnet\sdk\10.0.101\Sdks\Microsoft.NET.Sdk\targets\..\..\..\Roslyn\" (önceki değer: "C:\Program Files\dotnet\sdk\10.0.101\Roslyn\") konum: C:\Program Files\dotnet\sdk\10.0.101\Roslyn\Microsoft.Managed.Core.targets (6,5)
       C:\Program Files\dotnet\sdk\10.0.101\Roslyn\Microsoft.CSharp.Core.targets(200,5): message : Özellik yeniden ataması: $(CommandLineArgsForDesignTimeEvaluation)="-langversion:12.0 -define:TRACE" (önceki değer: "-langversion:12.0") konum: C:\Program Files\dotnet\sdk\10.0.101\Roslyn\Microsoft.CSharp.Core.targets (200,5)
       C:\Program Files\dotnet\sdk\10.0.101\Microsoft.Common.CurrentVersion.targets(175,5): message : Özellik yeniden ataması: $(_DebugSymbolsProduced)="true" (önceki değer: "false") konum: C:\Program Files\dotnet\sdk\10.0.101\Microsoft.Common.CurrentVersion.targets (175,5)
       C:\Program Files\dotnet\sdk\10.0.101\Microsoft.Common.CurrentVersion.targets(185,5): message : Özellik yeniden ataması: $(_DocumentationFileProduced)="false" (önceki değer: "true") konum: C:\Program Files\dotnet\sdk\10.0.101\Microsoft.Common.CurrentVersion.targets (185,5)
       C:\Program Files\dotnet\sdk\10.0.101\Microsoft.Common.CurrentVersion.targets(393,5): message : Özellik yeniden ataması: $(MSBuildCopyMarkerName)="TurkMorph.csproj.Up2Date" (önceki değer: "TurkMorph.csproj") konum: C:\Program Files\dotnet\sdk\10.0.101\Microsoft.Common.CurrentVersion.targets (393,5)
       C:\Program Files\dotnet\sdk\10.0.101\Microsoft.Common.CurrentVersion.targets(541,5): message : Özellik yeniden ataması: $(ProcessorArchitecture)="msil" (önceki değer: "") konum: C:\Program Files\dotnet\sdk\10.0.101\Microsoft.Common.CurrentVersion.targets (541,5)
       C:\Program Files\dotnet\sdk\10.0.101\Microsoft.Common.CurrentVersion.targets(580,5): message : Özellik yeniden ataması: $(DelaySign)="" (önceki değer: "false") konum: C:\Program Files\dotnet\sdk\10.0.101\Microsoft.Common.CurrentVersion.targets (580,5)
       C:\Program Files\dotnet\sdk\10.0.101\Microsoft.Common.CurrentVersion.targets(2606,5): message : 'C:\Users\Atakan\AppData\Local' değerine sahip 'LOCALAPPDATA' özelliği ortamdan genişletildi.
       C:\Program Files\dotnet\sdk\10.0.101\Microsoft.Common.CurrentVersion.targets(3934,5): message : Özellik yeniden ataması: $(_SGenGenerateSerializationAssembliesConfig)="Auto" (önceki değer: "") konum: C:\Program Files\dotnet\sdk\10.0.101\Microsoft.Common.CurrentVersion.targets (3934,5)
       C:\Program Files\dotnet\sdk\10.0.101\Microsoft.Common.CurrentVersion.targets(3935,5): message : Özellik yeniden ataması: $(_SGenGenerateSerializationAssembliesConfig)="Off" (önceki değer: "Auto") konum: C:\Program Files\dotnet\sdk\10.0.101\Microsoft.Common.CurrentVersion.targets (3935,5)
       C:\Program Files\dotnet\sdk\10.0.101\Microsoft.Common.CurrentVersion.targets(5146,5): message : Özellik yeniden ataması: $(_TargetsThatPrepareProjectReferences)="
       C:\Program Files\dotnet\sdk\10.0.101\Microsoft.Common.CurrentVersion.targets(5146,5): message :       AssignProjectConfiguration;
       C:\Program Files\dotnet\sdk\10.0.101\Microsoft.Common.CurrentVersion.targets(5146,5): message :       _SplitProjectReferencesByFileExistence
       C:\Program Files\dotnet\sdk\10.0.101\Microsoft.Common.CurrentVersion.targets(5146,5): message :     " (önceki değer: "_SplitProjectReferencesByFileExistence") konum: C:\Program Files\dotnet\sdk\10.0.101\Microsoft.Common.CurrentVersion.targets (5146,5)
       C:\Program Files\dotnet\sdk\10.0.101\Microsoft.Common.CurrentVersion.targets(6959,5): message : 'C:\Program Files\dotnet\sdk\10.0.101' değerine sahip 'MSBuildExtensionsPath32' özelliği ortamdan genişletildi.
       "NuGetInteractive" özelliği genel bir özelliktir ve değiştirilemez.
       C:\Program Files\dotnet\sdk\10.0.101\Sdks\Microsoft.NET.Sdk\targets\Microsoft.PackageDependencyResolution.targets(29,5): message : Özellik yeniden ataması: $(ProjectAssetsCacheFile)="C:\Users\Atakan\OneDrive\Documents\GitHub\tokenizer-filter-machine\TurkMorph\obj\Debug\net8.0-windows\TurkMorph.assets.cache" (önceki değer: "obj\Debug\net8.0-windows\TurkMorph.assets.cache") konum: C:\Program Files\dotnet\sdk\10.0.101\Sdks\Microsoft.NET.Sdk\targets\Microsoft.PackageDependencyResolution.targets (29,5)
       C:\Program Files\dotnet\sdk\10.0.101\Sdks\Microsoft.NET.Sdk\targets\Microsoft.PackageDependencyResolution.targets(80,5): message : Özellik yeniden ataması: $(ResolveAssemblyReferencesDependsOn)="
       C:\Program Files\dotnet\sdk\10.0.101\Sdks\Microsoft.NET.Sdk\targets\Microsoft.PackageDependencyResolution.targets(80,5): message :       
       C:\Program Files\dotnet\sdk\10.0.101\Sdks\Microsoft.NET.Sdk\targets\Microsoft.PackageDependencyResolution.targets(80,5): message :       ResolveProjectReferences;
       C:\Program Files\dotnet\sdk\10.0.101\Sdks\Microsoft.NET.Sdk\targets\Microsoft.PackageDependencyResolution.targets(80,5): message :       FindInvalidProjectReferences;
       C:\Program Files\dotnet\sdk\10.0.101\Sdks\Microsoft.NET.Sdk\targets\Microsoft.PackageDependencyResolution.targets(80,5): message :       GetFrameworkPaths;
       C:\Program Files\dotnet\sdk\10.0.101\Sdks\Microsoft.NET.Sdk\targets\Microsoft.PackageDependencyResolution.targets(80,5): message :       GetReferenceAssemblyPaths;
       C:\Program Files\dotnet\sdk\10.0.101\Sdks\Microsoft.NET.Sdk\targets\Microsoft.PackageDependencyResolution.targets(80,5): message :       PrepareForBuild;
       C:\Program Files\dotnet\sdk\10.0.101\Sdks\Microsoft.NET.Sdk\targets\Microsoft.PackageDependencyResolution.targets(80,5): message :       ResolveSDKReferences;
       C:\Program Files\dotnet\sdk\10.0.101\Sdks\Microsoft.NET.Sdk\targets\Microsoft.PackageDependencyResolution.targets(80,5): message :       ExpandSDKReferences;
       C:\Program Files\dotnet\sdk\10.0.101\Sdks\Microsoft.NET.Sdk\targets\Microsoft.PackageDependencyResolution.targets(80,5): message :     ;
       C:\Program Files\dotnet\sdk\10.0.101\Sdks\Microsoft.NET.Sdk\targets\Microsoft.PackageDependencyResolution.targets(80,5): message :       ResolvePackageDependenciesForBuild;
       C:\Program Files\dotnet\sdk\10.0.101\Sdks\Microsoft.NET.Sdk\targets\Microsoft.PackageDependencyResolution.targets(80,5): message :       _HandlePackageFileConflicts;
       C:\Program Files\dotnet\sdk\10.0.101\Sdks\Microsoft.NET.Sdk\targets\Microsoft.PackageDependencyResolution.targets(80,5): message :     " (önceki değer: "
       C:\Program Files\dotnet\sdk\10.0.101\Sdks\Microsoft.NET.Sdk\targets\Microsoft.PackageDependencyResolution.targets(80,5): message :       ResolveProjectReferences;
       C:\Program Files\dotnet\sdk\10.0.101\Sdks\Microsoft.NET.Sdk\targets\Microsoft.PackageDependencyResolution.targets(80,5): message :       FindInvalidProjectReferences;
       C:\Program Files\dotnet\sdk\10.0.101\Sdks\Microsoft.NET.Sdk\targets\Microsoft.PackageDependencyResolution.targets(80,5): message :       GetFrameworkPaths;
       C:\Program Files\dotnet\sdk\10.0.101\Sdks\Microsoft.NET.Sdk\targets\Microsoft.PackageDependencyResolution.targets(80,5): message :       GetReferenceAssemblyPaths;
       C:\Program Files\dotnet\sdk\10.0.101\Sdks\Microsoft.NET.Sdk\targets\Microsoft.PackageDependencyResolution.targets(80,5): message :       PrepareForBuild;
       C:\Program Files\dotnet\sdk\10.0.101\Sdks\Microsoft.NET.Sdk\targets\Microsoft.PackageDependencyResolution.targets(80,5): message :       ResolveSDKReferences;
       C:\Program Files\dotnet\sdk\10.0.101\Sdks\Microsoft.NET.Sdk\targets\Microsoft.PackageDependencyResolution.targets(80,5): message :       ExpandSDKReferences;
       C:\Program Files\dotnet\sdk\10.0.101\Sdks\Microsoft.NET.Sdk\targets\Microsoft.PackageDependencyResolution.targets(80,5): message :     ") konum: C:\Program Files\dotnet\sdk\10.0.101\Sdks\Microsoft.NET.Sdk\targets\Microsoft.PackageDependencyResolution.targets (80,5)
       C:\Program Files\dotnet\sdk\10.0.101\Sdks\Microsoft.NET.Sdk\targets\Microsoft.PackageDependencyResolution.targets(86,5): message : Özellik yeniden ataması: $(PrepareResourcesDependsOn)="
       C:\Program Files\dotnet\sdk\10.0.101\Sdks\Microsoft.NET.Sdk\targets\Microsoft.PackageDependencyResolution.targets(86,5): message :       ResolvePackageDependenciesForBuild;
       C:\Program Files\dotnet\sdk\10.0.101\Sdks\Microsoft.NET.Sdk\targets\Microsoft.PackageDependencyResolution.targets(86,5): message :       _HandlePackageFileConflicts;
       C:\Program Files\dotnet\sdk\10.0.101\Sdks\Microsoft.NET.Sdk\targets\Microsoft.PackageDependencyResolution.targets(86,5): message :       
       C:\Program Files\dotnet\sdk\10.0.101\Sdks\Microsoft.NET.Sdk\targets\Microsoft.PackageDependencyResolution.targets(86,5): message :       ;
       C:\Program Files\dotnet\sdk\10.0.101\Sdks\Microsoft.NET.Sdk\targets\Microsoft.PackageDependencyResolution.targets(86,5): message :       PrepareResourceNames;
       C:\Program Files\dotnet\sdk\10.0.101\Sdks\Microsoft.NET.Sdk\targets\Microsoft.PackageDependencyResolution.targets(86,5): message :       ResGen;
       C:\Program Files\dotnet\sdk\10.0.101\Sdks\Microsoft.NET.Sdk\targets\Microsoft.PackageDependencyResolution.targets(86,5): message :       CompileLicxFiles
       C:\Program Files\dotnet\sdk\10.0.101\Sdks\Microsoft.NET.Sdk\targets\Microsoft.PackageDependencyResolution.targets(86,5): message :     
       C:\Program Files\dotnet\sdk\10.0.101\Sdks\Microsoft.NET.Sdk\targets\Microsoft.PackageDependencyResolution.targets(86,5): message :     " (önceki değer: "
       C:\Program Files\dotnet\sdk\10.0.101\Sdks\Microsoft.NET.Sdk\targets\Microsoft.PackageDependencyResolution.targets(86,5): message :       ;
       C:\Program Files\dotnet\sdk\10.0.101\Sdks\Microsoft.NET.Sdk\targets\Microsoft.PackageDependencyResolution.targets(86,5): message :       PrepareResourceNames;
       C:\Program Files\dotnet\sdk\10.0.101\Sdks\Microsoft.NET.Sdk\targets\Microsoft.PackageDependencyResolution.targets(86,5): message :       ResGen;
       C:\Program Files\dotnet\sdk\10.0.101\Sdks\Microsoft.NET.Sdk\targets\Microsoft.PackageDependencyResolution.targets(86,5): message :       CompileLicxFiles
       C:\Program Files\dotnet\sdk\10.0.101\Sdks\Microsoft.NET.Sdk\targets\Microsoft.PackageDependencyResolution.targets(86,5): message :     ") konum: C:\Program Files\dotnet\sdk\10.0.101\Sdks\Microsoft.NET.Sdk\targets\Microsoft.PackageDependencyResolution.targets (86,5)
       C:\Program Files\dotnet\sdk\10.0.101\Sdks\Microsoft.NET.Sdk\targets\Microsoft.NET.Sdk.DefaultItems.targets(35,5): message : Özellik yeniden ataması: $(DefaultItemExcludes)=";bin\Debug\/**;obj\Debug\/**;bin\/**" (önceki değer: ";bin\Debug\/**;obj\Debug\/**") konum: C:\Program Files\dotnet\sdk\10.0.101\Sdks\Microsoft.NET.Sdk\targets\Microsoft.NET.Sdk.DefaultItems.targets (35,5)
       C:\Program Files\dotnet\sdk\10.0.101\Sdks\Microsoft.NET.Sdk\targets\Microsoft.NET.Sdk.DefaultItems.targets(37,5): message : Özellik yeniden ataması: $(DefaultItemExcludes)=";bin\Debug\/**;obj\Debug\/**;bin\/**;obj\/**" (önceki değer: ";bin\Debug\/**;obj\Debug\/**;bin\/**") konum: C:\Program Files\dotnet\sdk\10.0.101\Sdks\Microsoft.NET.Sdk\targets\Microsoft.NET.Sdk.DefaultItems.targets (37,5)
       C:\Program Files\dotnet\sdk\10.0.101\Sdks\Microsoft.NET.Sdk\targets\Microsoft.NET.Sdk.DefaultItems.targets(40,5): message : Özellik yeniden ataması: $(DefaultItemExcludes)=";bin\Debug\/**;obj\Debug\/**;bin\/**;obj\/**;**/*.user" (önceki değer: ";bin\Debug\/**;obj\Debug\/**;bin\/**;obj\/**") konum: C:\Program Files\dotnet\sdk\10.0.101\Sdks\Microsoft.NET.Sdk\targets\Microsoft.NET.Sdk.DefaultItems.targets (40,5)
       C:\Program Files\dotnet\sdk\10.0.101\Sdks\Microsoft.NET.Sdk\targets\Microsoft.NET.Sdk.DefaultItems.targets(41,5): message : Özellik yeniden ataması: $(DefaultItemExcludes)=";bin\Debug\/**;obj\Debug\/**;bin\/**;obj\/**;**/*.user;**/*.*proj" (önceki değer: ";bin\Debug\/**;obj\Debug\/**;bin\/**;obj\/**;**/*.user") konum: C:\Program Files\dotnet\sdk\10.0.101\Sdks\Microsoft.NET.Sdk\targets\Microsoft.NET.Sdk.DefaultItems.targets (41,5)
       C:\Program Files\dotnet\sdk\10.0.101\Sdks\Microsoft.NET.Sdk\targets\Microsoft.NET.Sdk.DefaultItems.targets(42,5): message : Özellik yeniden ataması: $(DefaultItemExcludes)=";bin\Debug\/**;obj\Debug\/**;bin\/**;obj\/**;**/*.user;**/*.*proj;**/*.sln" (önceki değer: ";bin\Debug\/**;obj\Debug\/**;bin\/**;obj\/**;**/*.user;**/*.*proj") konum: C:\Program Files\dotnet\sdk\10.0.101\Sdks\Microsoft.NET.Sdk\targets\Microsoft.NET.Sdk.DefaultItems.targets (42,5)
       C:\Program Files\dotnet\sdk\10.0.101\Sdks\Microsoft.NET.Sdk\targets\Microsoft.NET.Sdk.DefaultItems.targets(43,5): message : Özellik yeniden ataması: $(DefaultItemExcludes)=";bin\Debug\/**;obj\Debug\/**;bin\/**;obj\/**;**/*.user;**/*.*proj;**/*.sln;**/*.slnx" (önceki değer: ";bin\Debug\/**;obj\Debug\/**;bin\/**;obj\/**;**/*.user;**/*.*proj;**/*.sln") konum: C:\Program Files\dotnet\sdk\10.0.101\Sdks\Microsoft.NET.Sdk\targets\Microsoft.NET.Sdk.DefaultItems.targets (43,5)
       C:\Program Files\dotnet\sdk\10.0.101\Sdks\Microsoft.NET.Sdk\targets\Microsoft.NET.Sdk.DefaultItems.targets(44,5): message : Özellik yeniden ataması: $(DefaultItemExcludes)=";bin\Debug\/**;obj\Debug\/**;bin\/**;obj\/**;**/*.user;**/*.*proj;**/*.sln;**/*.slnx;**/*.vssscc" (önceki değer: ";bin\Debug\/**;obj\Debug\/**;bin\/**;obj\/**;**/*.user;**/*.*proj;**/*.sln;**/*.slnx") konum: C:\Program Files\dotnet\sdk\10.0.101\Sdks\Microsoft.NET.Sdk\targets\Microsoft.NET.Sdk.DefaultItems.targets (44,5)
       C:\Program Files\dotnet\sdk\10.0.101\Sdks\Microsoft.NET.Sdk\targets\Microsoft.NET.Sdk.DefaultItems.targets(45,5): message : Özellik yeniden ataması: $(DefaultItemExcludes)=";bin\Debug\/**;obj\Debug\/**;bin\/**;obj\/**;**/*.user;**/*.*proj;**/*.sln;**/*.slnx;**/*.vssscc;**/.DS_Store" (önceki değer: ";bin\Debug\/**;obj\Debug\/**;bin\/**;obj\/**;**/*.user;**/*.*proj;**/*.sln;**/*.slnx;**/*.vssscc") konum: C:\Program Files\dotnet\sdk\10.0.101\Sdks\Microsoft.NET.Sdk\targets\Microsoft.NET.Sdk.DefaultItems.targets (45,5)
       C:\Program Files\dotnet\sdk\10.0.101\Sdks\Microsoft.NET.Sdk\targets\Microsoft.NET.Sdk.FrameworkReferenceResolution.targets(14,5): message : Özellik yeniden ataması: $(ResolveAssemblyReferencesDependsOn)="
       C:\Program Files\dotnet\sdk\10.0.101\Sdks\Microsoft.NET.Sdk\targets\Microsoft.NET.Sdk.FrameworkReferenceResolution.targets(14,5): message :       
       C:\Program Files\dotnet\sdk\10.0.101\Sdks\Microsoft.NET.Sdk\targets\Microsoft.NET.Sdk.FrameworkReferenceResolution.targets(14,5): message :       
       C:\Program Files\dotnet\sdk\10.0.101\Sdks\Microsoft.NET.Sdk\targets\Microsoft.NET.Sdk.FrameworkReferenceResolution.targets(14,5): message :       ResolveProjectReferences;
       C:\Program Files\dotnet\sdk\10.0.101\Sdks\Microsoft.NET.Sdk\targets\Microsoft.NET.Sdk.FrameworkReferenceResolution.targets(14,5): message :       FindInvalidProjectReferences;
       C:\Program Files\dotnet\sdk\10.0.101\Sdks\Microsoft.NET.Sdk\targets\Microsoft.NET.Sdk.FrameworkReferenceResolution.targets(14,5): message :       GetFrameworkPaths;
       C:\Program Files\dotnet\sdk\10.0.101\Sdks\Microsoft.NET.Sdk\targets\Microsoft.NET.Sdk.FrameworkReferenceResolution.targets(14,5): message :       GetReferenceAssemblyPaths;
       C:\Program Files\dotnet\sdk\10.0.101\Sdks\Microsoft.NET.Sdk\targets\Microsoft.NET.Sdk.FrameworkReferenceResolution.targets(14,5): message :       PrepareForBuild;
       C:\Program Files\dotnet\sdk\10.0.101\Sdks\Microsoft.NET.Sdk\targets\Microsoft.NET.Sdk.FrameworkReferenceResolution.targets(14,5): message :       ResolveSDKReferences;
       C:\Program Files\dotnet\sdk\10.0.101\Sdks\Microsoft.NET.Sdk\targets\Microsoft.NET.Sdk.FrameworkReferenceResolution.targets(14,5): message :       ExpandSDKReferences;
       C:\Program Files\dotnet\sdk\10.0.101\Sdks\Microsoft.NET.Sdk\targets\Microsoft.NET.Sdk.FrameworkReferenceResolution.targets(14,5): message :     ;
       C:\Program Files\dotnet\sdk\10.0.101\Sdks\Microsoft.NET.Sdk\targets\Microsoft.NET.Sdk.FrameworkReferenceResolution.targets(14,5): message :       ResolvePackageDependenciesForBuild;
       C:\Program Files\dotnet\sdk\10.0.101\Sdks\Microsoft.NET.Sdk\targets\Microsoft.NET.Sdk.FrameworkReferenceResolution.targets(14,5): message :       _HandlePackageFileConflicts;
       C:\Program Files\dotnet\sdk\10.0.101\Sdks\Microsoft.NET.Sdk\targets\Microsoft.NET.Sdk.FrameworkReferenceResolution.targets(14,5): message :     ;
       C:\Program Files\dotnet\sdk\10.0.101\Sdks\Microsoft.NET.Sdk\targets\Microsoft.NET.Sdk.FrameworkReferenceResolution.targets(14,5): message :       ResolveTargetingPackAssets;
       C:\Program Files\dotnet\sdk\10.0.101\Sdks\Microsoft.NET.Sdk\targets\Microsoft.NET.Sdk.FrameworkReferenceResolution.targets(14,5): message :     " (önceki değer: "
       C:\Program Files\dotnet\sdk\10.0.101\Sdks\Microsoft.NET.Sdk\targets\Microsoft.NET.Sdk.FrameworkReferenceResolution.targets(14,5): message :       
       C:\Program Files\dotnet\sdk\10.0.101\Sdks\Microsoft.NET.Sdk\targets\Microsoft.NET.Sdk.FrameworkReferenceResolution.targets(14,5): message :       ResolveProjectReferences;
       C:\Program Files\dotnet\sdk\10.0.101\Sdks\Microsoft.NET.Sdk\targets\Microsoft.NET.Sdk.FrameworkReferenceResolution.targets(14,5): message :       FindInvalidProjectReferences;
       C:\Program Files\dotnet\sdk\10.0.101\Sdks\Microsoft.NET.Sdk\targets\Microsoft.NET.Sdk.FrameworkReferenceResolution.targets(14,5): message :       GetFrameworkPaths;
       C:\Program Files\dotnet\sdk\10.0.101\Sdks\Microsoft.NET.Sdk\targets\Microsoft.NET.Sdk.FrameworkReferenceResolution.targets(14,5): message :       GetReferenceAssemblyPaths;
       C:\Program Files\dotnet\sdk\10.0.101\Sdks\Microsoft.NET.Sdk\targets\Microsoft.NET.Sdk.FrameworkReferenceResolution.targets(14,5): message :       PrepareForBuild;
       C:\Program Files\dotnet\sdk\10.0.101\Sdks\Microsoft.NET.Sdk\targets\Microsoft.NET.Sdk.FrameworkReferenceResolution.targets(14,5): message :       ResolveSDKReferences;
       C:\Program Files\dotnet\sdk\10.0.101\Sdks\Microsoft.NET.Sdk\targets\Microsoft.NET.Sdk.FrameworkReferenceResolution.targets(14,5): message :       ExpandSDKReferences;
       C:\Program Files\dotnet\sdk\10.0.101\Sdks\Microsoft.NET.Sdk\targets\Microsoft.NET.Sdk.FrameworkReferenceResolution.targets(14,5): message :     ;
       C:\Program Files\dotnet\sdk\10.0.101\Sdks\Microsoft.NET.Sdk\targets\Microsoft.NET.Sdk.FrameworkReferenceResolution.targets(14,5): message :       ResolvePackageDependenciesForBuild;
       C:\Program Files\dotnet\sdk\10.0.101\Sdks\Microsoft.NET.Sdk\targets\Microsoft.NET.Sdk.FrameworkReferenceResolution.targets(14,5): message :       _HandlePackageFileConflicts;
       C:\Program Files\dotnet\sdk\10.0.101\Sdks\Microsoft.NET.Sdk\targets\Microsoft.NET.Sdk.FrameworkReferenceResolution.targets(14,5): message :     ") konum: C:\Program Files\dotnet\sdk\10.0.101\Sdks\Microsoft.NET.Sdk\targets\Microsoft.NET.Sdk.FrameworkReferenceResolution.targets (14,5)
       C:\Program Files\dotnet\sdk\10.0.101\Sdks\Microsoft.NET.Sdk\targets\Microsoft.NET.Sdk.targets(44,5): message : Özellik yeniden ataması: $(_GenerateRuntimeConfigurationPropertyInputsCache)="C:\Users\Atakan\OneDrive\Documents\GitHub\tokenizer-filter-machine\TurkMorph\obj\Debug\net8.0-windows\TurkMorph.genruntimeconfig.cache" (önceki değer: "obj\Debug\net8.0-windows\TurkMorph.genruntimeconfig.cache") konum: C:\Program Files\dotnet\sdk\10.0.101\Sdks\Microsoft.NET.Sdk\targets\Microsoft.NET.Sdk.targets (44,5)
       C:\Program Files\dotnet\sdk\10.0.101\Sdks\Microsoft.NET.Sdk\targets\Microsoft.NET.Sdk.targets(46,5): message : Özellik yeniden ataması: $(_GeneratePublishDependencyFilePropertyInputsCache)="C:\Users\Atakan\OneDrive\Documents\GitHub\tokenizer-filter-machine\TurkMorph\obj\Debug\net8.0-windows\TurkMorph.genpublishdeps.cache" (önceki değer: "obj\Debug\net8.0-windows\TurkMorph.genpublishdeps.cache") konum: C:\Program Files\dotnet\sdk\10.0.101\Sdks\Microsoft.NET.Sdk\targets\Microsoft.NET.Sdk.targets (46,5)
       C:\Program Files\dotnet\sdk\10.0.101\Sdks\Microsoft.NET.Sdk\targets\Microsoft.NET.Sdk.targets(48,5): message : Özellik yeniden ataması: $(_GenerateSingleFileBundlePropertyInputsCache)="C:\Users\Atakan\OneDrive\Documents\GitHub\tokenizer-filter-machine\TurkMorph\obj\Debug\net8.0-windows\TurkMorph.genbundle.cache" (önceki değer: "obj\Debug\net8.0-windows\TurkMorph.genbundle.cache") konum: C:\Program Files\dotnet\sdk\10.0.101\Sdks\Microsoft.NET.Sdk\targets\Microsoft.NET.Sdk.targets (48,5)
       C:\Program Files\dotnet\sdk\10.0.101\Sdks\Microsoft.NET.Sdk\targets\Microsoft.NET.Sdk.targets(81,5): message : Özellik yeniden ataması: $(GenerateRuntimeConfigDevFile)="false" (önceki değer: "true") konum: C:\Program Files\dotnet\sdk\10.0.101\Sdks\Microsoft.NET.Sdk\targets\Microsoft.NET.Sdk.targets (81,5)
       C:\Program Files\dotnet\sdk\10.0.101\Sdks\Microsoft.NET.Sdk\targets\Microsoft.NET.Sdk.targets(98,5): message : Özellik yeniden ataması: $(_DefaultUserProfileRuntimeStorePath)="C:\Users\Atakan" (önceki değer: "") konum: C:\Program Files\dotnet\sdk\10.0.101\Sdks\Microsoft.NET.Sdk\targets\Microsoft.NET.Sdk.targets (98,5)
       C:\Program Files\dotnet\sdk\10.0.101\Sdks\Microsoft.NET.Sdk\targets\Microsoft.NET.Sdk.targets(99,5): message : Özellik yeniden ataması: $(_DefaultUserProfileRuntimeStorePath)="C:\Users\Atakan\.dotnet\store" (önceki değer: "C:\Users\Atakan") konum: C:\Program Files\dotnet\sdk\10.0.101\Sdks\Microsoft.NET.Sdk\targets\Microsoft.NET.Sdk.targets (99,5)
       C:\Program Files\dotnet\sdk\10.0.101\Sdks\Microsoft.NET.Sdk\targets\Microsoft.NET.Sdk.targets(144,5): message : Özellik yeniden ataması: $(AvailablePlatforms)="Any CPU,x86,x64,ARM32" (önceki değer: "Any CPU,x86,x64") konum: C:\Program Files\dotnet\sdk\10.0.101\Sdks\Microsoft.NET.Sdk\targets\Microsoft.NET.Sdk.targets (144,5)
       C:\Program Files\dotnet\sdk\10.0.101\Sdks\Microsoft.NET.Sdk\targets\Microsoft.NET.Sdk.targets(148,5): message : Özellik yeniden ataması: $(AvailablePlatforms)="Any CPU,x86,x64,ARM32,ARM64" (önceki değer: "Any CPU,x86,x64,ARM32") konum: C:\Program Files\dotnet\sdk\10.0.101\Sdks\Microsoft.NET.Sdk\targets\Microsoft.NET.Sdk.targets (148,5)
       C:\Program Files\dotnet\sdk\10.0.101\Sdks\Microsoft.NET.Sdk\targets\Microsoft.NET.Sdk.targets(204,5): message : Özellik yeniden ataması: $(CoreBuildDependsOn)="
       C:\Program Files\dotnet\sdk\10.0.101\Sdks\Microsoft.NET.Sdk\targets\Microsoft.NET.Sdk.targets(204,5): message :       _CheckForBuildWithNoBuild;
       C:\Program Files\dotnet\sdk\10.0.101\Sdks\Microsoft.NET.Sdk\targets\Microsoft.NET.Sdk.targets(204,5): message :       
       C:\Program Files\dotnet\sdk\10.0.101\Sdks\Microsoft.NET.Sdk\targets\Microsoft.NET.Sdk.targets(204,5): message :       BuildOnlySettings;
       C:\Program Files\dotnet\sdk\10.0.101\Sdks\Microsoft.NET.Sdk\targets\Microsoft.NET.Sdk.targets(204,5): message :       PrepareForBuild;
       C:\Program Files\dotnet\sdk\10.0.101\Sdks\Microsoft.NET.Sdk\targets\Microsoft.NET.Sdk.targets(204,5): message :       PreBuildEvent;
       C:\Program Files\dotnet\sdk\10.0.101\Sdks\Microsoft.NET.Sdk\targets\Microsoft.NET.Sdk.targets(204,5): message :       ResolveReferences;
       C:\Program Files\dotnet\sdk\10.0.101\Sdks\Microsoft.NET.Sdk\targets\Microsoft.NET.Sdk.targets(204,5): message :       PrepareResources;
       C:\Program Files\dotnet\sdk\10.0.101\Sdks\Microsoft.NET.Sdk\targets\Microsoft.NET.Sdk.targets(204,5): message :       ResolveKeySource;
       C:\Program Files\dotnet\sdk\10.0.101\Sdks\Microsoft.NET.Sdk\targets\Microsoft.NET.Sdk.targets(204,5): message :       Compile;
       C:\Program Files\dotnet\sdk\10.0.101\Sdks\Microsoft.NET.Sdk\targets\Microsoft.NET.Sdk.targets(204,5): message :       ExportWindowsMDFile;
       C:\Program Files\dotnet\sdk\10.0.101\Sdks\Microsoft.NET.Sdk\targets\Microsoft.NET.Sdk.targets(204,5): message :       UnmanagedUnregistration;
       C:\Program Files\dotnet\sdk\10.0.101\Sdks\Microsoft.NET.Sdk\targets\Microsoft.NET.Sdk.targets(204,5): message :       GenerateSerializationAssemblies;
       C:\Program Files\dotnet\sdk\10.0.101\Sdks\Microsoft.NET.Sdk\targets\Microsoft.NET.Sdk.targets(204,5): message :       CreateSatelliteAssemblies;
       C:\Program Files\dotnet\sdk\10.0.101\Sdks\Microsoft.NET.Sdk\targets\Microsoft.NET.Sdk.targets(204,5): message :       GenerateManifests;
       C:\Program Files\dotnet\sdk\10.0.101\Sdks\Microsoft.NET.Sdk\targets\Microsoft.NET.Sdk.targets(204,5): message :       GetTargetPath;
       C:\Program Files\dotnet\sdk\10.0.101\Sdks\Microsoft.NET.Sdk\targets\Microsoft.NET.Sdk.targets(204,5): message :       PrepareForRun;
       C:\Program Files\dotnet\sdk\10.0.101\Sdks\Microsoft.NET.Sdk\targets\Microsoft.NET.Sdk.targets(204,5): message :       UnmanagedRegistration;
       C:\Program Files\dotnet\sdk\10.0.101\Sdks\Microsoft.NET.Sdk\targets\Microsoft.NET.Sdk.targets(204,5): message :       IncrementalClean;
       C:\Program Files\dotnet\sdk\10.0.101\Sdks\Microsoft.NET.Sdk\targets\Microsoft.NET.Sdk.targets(204,5): message :       PostBuildEvent
       C:\Program Files\dotnet\sdk\10.0.101\Sdks\Microsoft.NET.Sdk\targets\Microsoft.NET.Sdk.targets(204,5): message :     ;
       C:\Program Files\dotnet\sdk\10.0.101\Sdks\Microsoft.NET.Sdk\targets\Microsoft.NET.Sdk.targets(204,5): message :       GenerateBuildDependencyFile;
       C:\Program Files\dotnet\sdk\10.0.101\Sdks\Microsoft.NET.Sdk\targets\Microsoft.NET.Sdk.targets(204,5): message :       GenerateBuildRuntimeConfigurationFiles
       C:\Program Files\dotnet\sdk\10.0.101\Sdks\Microsoft.NET.Sdk\targets\Microsoft.NET.Sdk.targets(204,5): message :     " (önceki değer: "
       C:\Program Files\dotnet\sdk\10.0.101\Sdks\Microsoft.NET.Sdk\targets\Microsoft.NET.Sdk.targets(204,5): message :       BuildOnlySettings;
       C:\Program Files\dotnet\sdk\10.0.101\Sdks\Microsoft.NET.Sdk\targets\Microsoft.NET.Sdk.targets(204,5): message :       PrepareForBuild;
       C:\Program Files\dotnet\sdk\10.0.101\Sdks\Microsoft.NET.Sdk\targets\Microsoft.NET.Sdk.targets(204,5): message :       PreBuildEvent;
       C:\Program Files\dotnet\sdk\10.0.101\Sdks\Microsoft.NET.Sdk\targets\Microsoft.NET.Sdk.targets(204,5): message :       ResolveReferences;
       C:\Program Files\dotnet\sdk\10.0.101\Sdks\Microsoft.NET.Sdk\targets\Microsoft.NET.Sdk.targets(204,5): message :       PrepareResources;
       C:\Program Files\dotnet\sdk\10.0.101\Sdks\Microsoft.NET.Sdk\targets\Microsoft.NET.Sdk.targets(204,5): message :       ResolveKeySource;
       C:\Program Files\dotnet\sdk\10.0.101\Sdks\Microsoft.NET.Sdk\targets\Microsoft.NET.Sdk.targets(204,5): message :       Compile;
       C:\Program Files\dotnet\sdk\10.0.101\Sdks\Microsoft.NET.Sdk\targets\Microsoft.NET.Sdk.targets(204,5): message :       ExportWindowsMDFile;
       C:\Program Files\dotnet\sdk\10.0.101\Sdks\Microsoft.NET.Sdk\targets\Microsoft.NET.Sdk.targets(204,5): message :       UnmanagedUnregistration;
       C:\Program Files\dotnet\sdk\10.0.101\Sdks\Microsoft.NET.Sdk\targets\Microsoft.NET.Sdk.targets(204,5): message :       GenerateSerializationAssemblies;
       C:\Program Files\dotnet\sdk\10.0.101\Sdks\Microsoft.NET.Sdk\targets\Microsoft.NET.Sdk.targets(204,5): message :       CreateSatelliteAssemblies;
       C:\Program Files\dotnet\sdk\10.0.101\Sdks\Microsoft.NET.Sdk\targets\Microsoft.NET.Sdk.targets(204,5): message :       GenerateManifests;
       C:\Program Files\dotnet\sdk\10.0.101\Sdks\Microsoft.NET.Sdk\targets\Microsoft.NET.Sdk.targets(204,5): message :       GetTargetPath;
       C:\Program Files\dotnet\sdk\10.0.101\Sdks\Microsoft.NET.Sdk\targets\Microsoft.NET.Sdk.targets(204,5): message :       PrepareForRun;
       C:\Program Files\dotnet\sdk\10.0.101\Sdks\Microsoft.NET.Sdk\targets\Microsoft.NET.Sdk.targets(204,5): message :       UnmanagedRegistration;
       C:\Program Files\dotnet\sdk\10.0.101\Sdks\Microsoft.NET.Sdk\targets\Microsoft.NET.Sdk.targets(204,5): message :       IncrementalClean;
       C:\Program Files\dotnet\sdk\10.0.101\Sdks\Microsoft.NET.Sdk\targets\Microsoft.NET.Sdk.targets(204,5): message :       PostBuildEvent
       C:\Program Files\dotnet\sdk\10.0.101\Sdks\Microsoft.NET.Sdk\targets\Microsoft.NET.Sdk.targets(204,5): message :     ") konum: C:\Program Files\dotnet\sdk\10.0.101\Sdks\Microsoft.NET.Sdk\targets\Microsoft.NET.Sdk.targets (204,5)
       C:\Program Files\dotnet\sdk\10.0.101\Sdks\Microsoft.NET.Sdk\targets\Microsoft.NET.Sdk.targets(213,5): message : Özellik yeniden ataması: $(CoreCleanDependsOn)="
       C:\Program Files\dotnet\sdk\10.0.101\Sdks\Microsoft.NET.Sdk\targets\Microsoft.NET.Sdk.targets(213,5): message :       _SdkBeforeClean;
       C:\Program Files\dotnet\sdk\10.0.101\Sdks\Microsoft.NET.Sdk\targets\Microsoft.NET.Sdk.targets(213,5): message :       
       C:\Program Files\dotnet\sdk\10.0.101\Sdks\Microsoft.NET.Sdk\targets\Microsoft.NET.Sdk.targets(213,5): message :     " (önceki değer: "") konum: C:\Program Files\dotnet\sdk\10.0.101\Sdks\Microsoft.NET.Sdk\targets\Microsoft.NET.Sdk.targets (213,5)
       C:\Program Files\dotnet\sdk\10.0.101\Sdks\Microsoft.NET.Sdk\targets\Microsoft.NET.Sdk.targets(220,5): message : Özellik yeniden ataması: $(RebuildDependsOn)="
       C:\Program Files\dotnet\sdk\10.0.101\Sdks\Microsoft.NET.Sdk\targets\Microsoft.NET.Sdk.targets(220,5): message :       _SdkBeforeRebuild;
       C:\Program Files\dotnet\sdk\10.0.101\Sdks\Microsoft.NET.Sdk\targets\Microsoft.NET.Sdk.targets(220,5): message :       
       C:\Program Files\dotnet\sdk\10.0.101\Sdks\Microsoft.NET.Sdk\targets\Microsoft.NET.Sdk.targets(220,5): message :       BeforeRebuild;
       C:\Program Files\dotnet\sdk\10.0.101\Sdks\Microsoft.NET.Sdk\targets\Microsoft.NET.Sdk.targets(220,5): message :       Clean;
       C:\Program Files\dotnet\sdk\10.0.101\Sdks\Microsoft.NET.Sdk\targets\Microsoft.NET.Sdk.targets(220,5): message :       Build;
       C:\Program Files\dotnet\sdk\10.0.101\Sdks\Microsoft.NET.Sdk\targets\Microsoft.NET.Sdk.targets(220,5): message :       AfterRebuild;
       C:\Program Files\dotnet\sdk\10.0.101\Sdks\Microsoft.NET.Sdk\targets\Microsoft.NET.Sdk.targets(220,5): message :     
       C:\Program Files\dotnet\sdk\10.0.101\Sdks\Microsoft.NET.Sdk\targets\Microsoft.NET.Sdk.targets(220,5): message :     " (önceki değer: "
       C:\Program Files\dotnet\sdk\10.0.101\Sdks\Microsoft.NET.Sdk\targets\Microsoft.NET.Sdk.targets(220,5): message :       BeforeRebuild;
       C:\Program Files\dotnet\sdk\10.0.101\Sdks\Microsoft.NET.Sdk\targets\Microsoft.NET.Sdk.targets(220,5): message :       Clean;
       C:\Program Files\dotnet\sdk\10.0.101\Sdks\Microsoft.NET.Sdk\targets\Microsoft.NET.Sdk.targets(220,5): message :       Build;
       C:\Program Files\dotnet\sdk\10.0.101\Sdks\Microsoft.NET.Sdk\targets\Microsoft.NET.Sdk.targets(220,5): message :       AfterRebuild;
       C:\Program Files\dotnet\sdk\10.0.101\Sdks\Microsoft.NET.Sdk\targets\Microsoft.NET.Sdk.targets(220,5): message :     ") konum: C:\Program Files\dotnet\sdk\10.0.101\Sdks\Microsoft.NET.Sdk\targets\Microsoft.NET.Sdk.targets (220,5)
       C:\Program Files\dotnet\sdk\10.0.101\Sdks\Microsoft.NET.Sdk\targets\Microsoft.NET.Sdk.targets(799,5): message : Özellik yeniden ataması: $(CompileDependsOn)="
       C:\Program Files\dotnet\sdk\10.0.101\Sdks\Microsoft.NET.Sdk\targets\Microsoft.NET.Sdk.targets(799,5): message :       
       C:\Program Files\dotnet\sdk\10.0.101\Sdks\Microsoft.NET.Sdk\targets\Microsoft.NET.Sdk.targets(799,5): message :       ResolveReferences;
       C:\Program Files\dotnet\sdk\10.0.101\Sdks\Microsoft.NET.Sdk\targets\Microsoft.NET.Sdk.targets(799,5): message :       ResolveKeySource;
       C:\Program Files\dotnet\sdk\10.0.101\Sdks\Microsoft.NET.Sdk\targets\Microsoft.NET.Sdk.targets(799,5): message :       SetWin32ManifestProperties;
       C:\Program Files\dotnet\sdk\10.0.101\Sdks\Microsoft.NET.Sdk\targets\Microsoft.NET.Sdk.targets(799,5): message :       _SetPreferNativeArm64Win32ManifestProperties;
       C:\Program Files\dotnet\sdk\10.0.101\Sdks\Microsoft.NET.Sdk\targets\Microsoft.NET.Sdk.targets(799,5): message :       FindReferenceAssembliesForReferences;
       C:\Program Files\dotnet\sdk\10.0.101\Sdks\Microsoft.NET.Sdk\targets\Microsoft.NET.Sdk.targets(799,5): message :       _GenerateCompileInputs;
       C:\Program Files\dotnet\sdk\10.0.101\Sdks\Microsoft.NET.Sdk\targets\Microsoft.NET.Sdk.targets(799,5): message :       BeforeCompile;
       C:\Program Files\dotnet\sdk\10.0.101\Sdks\Microsoft.NET.Sdk\targets\Microsoft.NET.Sdk.targets(799,5): message :       _TimeStampBeforeCompile;
       C:\Program Files\dotnet\sdk\10.0.101\Sdks\Microsoft.NET.Sdk\targets\Microsoft.NET.Sdk.targets(799,5): message :       _GenerateCompileDependencyCache;
       C:\Program Files\dotnet\sdk\10.0.101\Sdks\Microsoft.NET.Sdk\targets\Microsoft.NET.Sdk.targets(799,5): message :       CoreCompile;
       C:\Program Files\dotnet\sdk\10.0.101\Sdks\Microsoft.NET.Sdk\targets\Microsoft.NET.Sdk.targets(799,5): message :       _TimeStampAfterCompile;
       C:\Program Files\dotnet\sdk\10.0.101\Sdks\Microsoft.NET.Sdk\targets\Microsoft.NET.Sdk.targets(799,5): message :       AfterCompile;
       C:\Program Files\dotnet\sdk\10.0.101\Sdks\Microsoft.NET.Sdk\targets\Microsoft.NET.Sdk.targets(799,5): message :     ;
       C:\Program Files\dotnet\sdk\10.0.101\Sdks\Microsoft.NET.Sdk\targets\Microsoft.NET.Sdk.targets(799,5): message :       _CreateAppHost;
       C:\Program Files\dotnet\sdk\10.0.101\Sdks\Microsoft.NET.Sdk\targets\Microsoft.NET.Sdk.targets(799,5): message :       _CreateComHost;
       C:\Program Files\dotnet\sdk\10.0.101\Sdks\Microsoft.NET.Sdk\targets\Microsoft.NET.Sdk.targets(799,5): message :       _GetIjwHostPaths;
       C:\Program Files\dotnet\sdk\10.0.101\Sdks\Microsoft.NET.Sdk\targets\Microsoft.NET.Sdk.targets(799,5): message :     " (önceki değer: "
       C:\Program Files\dotnet\sdk\10.0.101\Sdks\Microsoft.NET.Sdk\targets\Microsoft.NET.Sdk.targets(799,5): message :       ResolveReferences;
       C:\Program Files\dotnet\sdk\10.0.101\Sdks\Microsoft.NET.Sdk\targets\Microsoft.NET.Sdk.targets(799,5): message :       ResolveKeySource;
       C:\Program Files\dotnet\sdk\10.0.101\Sdks\Microsoft.NET.Sdk\targets\Microsoft.NET.Sdk.targets(799,5): message :       SetWin32ManifestProperties;
       C:\Program Files\dotnet\sdk\10.0.101\Sdks\Microsoft.NET.Sdk\targets\Microsoft.NET.Sdk.targets(799,5): message :       _SetPreferNativeArm64Win32ManifestProperties;
       C:\Program Files\dotnet\sdk\10.0.101\Sdks\Microsoft.NET.Sdk\targets\Microsoft.NET.Sdk.targets(799,5): message :       FindReferenceAssembliesForReferences;
       C:\Program Files\dotnet\sdk\10.0.101\Sdks\Microsoft.NET.Sdk\targets\Microsoft.NET.Sdk.targets(799,5): message :       _GenerateCompileInputs;
       C:\Program Files\dotnet\sdk\10.0.101\Sdks\Microsoft.NET.Sdk\targets\Microsoft.NET.Sdk.targets(799,5): message :       BeforeCompile;
       C:\Program Files\dotnet\sdk\10.0.101\Sdks\Microsoft.NET.Sdk\targets\Microsoft.NET.Sdk.targets(799,5): message :       _TimeStampBeforeCompile;
       C:\Program Files\dotnet\sdk\10.0.101\Sdks\Microsoft.NET.Sdk\targets\Microsoft.NET.Sdk.targets(799,5): message :       _GenerateCompileDependencyCache;
       C:\Program Files\dotnet\sdk\10.0.101\Sdks\Microsoft.NET.Sdk\targets\Microsoft.NET.Sdk.targets(799,5): message :       CoreCompile;
       C:\Program Files\dotnet\sdk\10.0.101\Sdks\Microsoft.NET.Sdk\targets\Microsoft.NET.Sdk.targets(799,5): message :       _TimeStampAfterCompile;
       C:\Program Files\dotnet\sdk\10.0.101\Sdks\Microsoft.NET.Sdk\targets\Microsoft.NET.Sdk.targets(799,5): message :       AfterCompile;
       C:\Program Files\dotnet\sdk\10.0.101\Sdks\Microsoft.NET.Sdk\targets\Microsoft.NET.Sdk.targets(799,5): message :     ") konum: C:\Program Files\dotnet\sdk\10.0.101\Sdks\Microsoft.NET.Sdk\targets\Microsoft.NET.Sdk.targets (799,5)
       C:\Program Files\dotnet\sdk\10.0.101\Sdks\Microsoft.NET.Sdk\targets\Microsoft.NET.Sdk.targets(1131,5): message : Özellik yeniden ataması: $(CreateSatelliteAssembliesDependsOn)="
       C:\Program Files\dotnet\sdk\10.0.101\Sdks\Microsoft.NET.Sdk\targets\Microsoft.NET.Sdk.targets(1131,5): message :       
       C:\Program Files\dotnet\sdk\10.0.101\Sdks\Microsoft.NET.Sdk\targets\Microsoft.NET.Sdk.targets(1131,5): message :       ;
       C:\Program Files\dotnet\sdk\10.0.101\Sdks\Microsoft.NET.Sdk\targets\Microsoft.NET.Sdk.targets(1131,5): message :       _GenerateSatelliteAssemblyInputs;
       C:\Program Files\dotnet\sdk\10.0.101\Sdks\Microsoft.NET.Sdk\targets\Microsoft.NET.Sdk.targets(1131,5): message :       ComputeIntermediateSatelliteAssemblies;
       C:\Program Files\dotnet\sdk\10.0.101\Sdks\Microsoft.NET.Sdk\targets\Microsoft.NET.Sdk.targets(1131,5): message :       GenerateSatelliteAssemblies
       C:\Program Files\dotnet\sdk\10.0.101\Sdks\Microsoft.NET.Sdk\targets\Microsoft.NET.Sdk.targets(1131,5): message :     ;
       C:\Program Files\dotnet\sdk\10.0.101\Sdks\Microsoft.NET.Sdk\targets\Microsoft.NET.Sdk.targets(1131,5): message :       CoreGenerateSatelliteAssemblies
       C:\Program Files\dotnet\sdk\10.0.101\Sdks\Microsoft.NET.Sdk\targets\Microsoft.NET.Sdk.targets(1131,5): message :     " (önceki değer: "
       C:\Program Files\dotnet\sdk\10.0.101\Sdks\Microsoft.NET.Sdk\targets\Microsoft.NET.Sdk.targets(1131,5): message :       ;
       C:\Program Files\dotnet\sdk\10.0.101\Sdks\Microsoft.NET.Sdk\targets\Microsoft.NET.Sdk.targets(1131,5): message :       _GenerateSatelliteAssemblyInputs;
       C:\Program Files\dotnet\sdk\10.0.101\Sdks\Microsoft.NET.Sdk\targets\Microsoft.NET.Sdk.targets(1131,5): message :       ComputeIntermediateSatelliteAssemblies;
       C:\Program Files\dotnet\sdk\10.0.101\Sdks\Microsoft.NET.Sdk\targets\Microsoft.NET.Sdk.targets(1131,5): message :       GenerateSatelliteAssemblies
       C:\Program Files\dotnet\sdk\10.0.101\Sdks\Microsoft.NET.Sdk\targets\Microsoft.NET.Sdk.targets(1131,5): message :     ") konum: C:\Program Files\dotnet\sdk\10.0.101\Sdks\Microsoft.NET.Sdk\targets\Microsoft.NET.Sdk.targets (1131,5)
       C:\Program Files\dotnet\sdk\10.0.101\Sdks\Microsoft.SourceLink.GitLab\build\Microsoft.SourceLink.GitLab.targets(12,5): message : Özellik yeniden ataması: $(SourceLinkUrlInitializerTargets)=";_InitializeGitHubSourceLinkUrl;_InitializeGitLabSourceLinkUrl" (önceki değer: ";_InitializeGitHubSourceLinkUrl") konum: C:\Program Files\dotnet\sdk\10.0.101\Sdks\Microsoft.SourceLink.GitLab\build\Microsoft.SourceLink.GitLab.targets (12,5)
       C:\Program Files\dotnet\sdk\10.0.101\Sdks\Microsoft.SourceLink.GitLab\build\Microsoft.SourceLink.GitLab.targets(13,5): message : Özellik yeniden ataması: $(SourceControlManagerUrlTranslationTargets)=";TranslateGitHubUrlsInSourceControlInformation;TranslateGitLabUrlsInSourceControlInformation" (önceki değer: ";TranslateGitHubUrlsInSourceControlInformation") konum: C:\Program Files\dotnet\sdk\10.0.101\Sdks\Microsoft.SourceLink.GitLab\build\Microsoft.SourceLink.GitLab.targets (13,5)
       C:\Program Files\dotnet\sdk\10.0.101\Sdks\Microsoft.SourceLink.AzureRepos.Git\build\Microsoft.SourceLink.AzureRepos.Git.targets(12,5): message : Özellik yeniden ataması: $(SourceLinkUrlInitializerTargets)=";_InitializeGitHubSourceLinkUrl;_InitializeGitLabSourceLinkUrl;_InitializeAzureReposGitSourceLinkUrl" (önceki değer: ";_InitializeGitHubSourceLinkUrl;_InitializeGitLabSourceLinkUrl") konum: C:\Program Files\dotnet\sdk\10.0.101\Sdks\Microsoft.SourceLink.AzureRepos.Git\build\Microsoft.SourceLink.AzureRepos.Git.targets (12,5)
       C:\Program Files\dotnet\sdk\10.0.101\Sdks\Microsoft.SourceLink.AzureRepos.Git\build\Microsoft.SourceLink.AzureRepos.Git.targets(13,5): message : Özellik yeniden ataması: $(SourceControlManagerUrlTranslationTargets)=";TranslateGitHubUrlsInSourceControlInformation;TranslateGitLabUrlsInSourceControlInformation;TranslateAzureReposGitUrlsInSourceControlInformation" (önceki değer: ";TranslateGitHubUrlsInSourceControlInformation;TranslateGitLabUrlsInSourceControlInformation") konum: C:\Program Files\dotnet\sdk\10.0.101\Sdks\Microsoft.SourceLink.AzureRepos.Git\build\Microsoft.SourceLink.AzureRepos.Git.targets (13,5)
       C:\Program Files\dotnet\sdk\10.0.101\Sdks\Microsoft.SourceLink.Bitbucket.Git\build\Microsoft.SourceLink.Bitbucket.Git.targets(12,5): message : Özellik yeniden ataması: $(SourceLinkUrlInitializerTargets)=";_InitializeGitHubSourceLinkUrl;_InitializeGitLabSourceLinkUrl;_InitializeAzureReposGitSourceLinkUrl;_InitializeBitbucketGitSourceLinkUrl" (önceki değer: ";_InitializeGitHubSourceLinkUrl;_InitializeGitLabSourceLinkUrl;_InitializeAzureReposGitSourceLinkUrl") konum: C:\Program Files\dotnet\sdk\10.0.101\Sdks\Microsoft.SourceLink.Bitbucket.Git\build\Microsoft.SourceLink.Bitbucket.Git.targets (12,5)
       C:\Program Files\dotnet\sdk\10.0.101\Sdks\Microsoft.SourceLink.Bitbucket.Git\build\Microsoft.SourceLink.Bitbucket.Git.targets(13,5): message : Özellik yeniden ataması: $(SourceControlManagerUrlTranslationTargets)=";TranslateGitHubUrlsInSourceControlInformation;TranslateGitLabUrlsInSourceControlInformation;TranslateAzureReposGitUrlsInSourceControlInformation;TranslateBitbucketGitUrlsInSourceControlInformation" (önceki değer: ";TranslateGitHubUrlsInSourceControlInformation;TranslateGitLabUrlsInSourceControlInformation;TranslateAzureReposGitUrlsInSourceControlInformation") konum: C:\Program Files\dotnet\sdk\10.0.101\Sdks\Microsoft.SourceLink.Bitbucket.Git\build\Microsoft.SourceLink.Bitbucket.Git.targets (13,5)
       C:\Program Files\dotnet\sdk\10.0.101\Sdks\Microsoft.NET.Sdk\targets\Microsoft.NET.DesignerSupport.targets(21,5): message : Özellik yeniden ataması: $(DesignerRuntimeImplementationProjectOutputGroupDependsOn)="
       C:\Program Files\dotnet\sdk\10.0.101\Sdks\Microsoft.NET.Sdk\targets\Microsoft.NET.DesignerSupport.targets(21,5): message :       
       C:\Program Files\dotnet\sdk\10.0.101\Sdks\Microsoft.NET.Sdk\targets\Microsoft.NET.DesignerSupport.targets(21,5): message :       ;
       C:\Program Files\dotnet\sdk\10.0.101\Sdks\Microsoft.NET.Sdk\targets\Microsoft.NET.DesignerSupport.targets(21,5): message :       
       C:\Program Files\dotnet\sdk\10.0.101\Sdks\Microsoft.NET.Sdk\targets\Microsoft.NET.DesignerSupport.targets(21,5): message :       ;
       C:\Program Files\dotnet\sdk\10.0.101\Sdks\Microsoft.NET.Sdk\targets\Microsoft.NET.DesignerSupport.targets(21,5): message :       BuildOnlySettings;
       C:\Program Files\dotnet\sdk\10.0.101\Sdks\Microsoft.NET.Sdk\targets\Microsoft.NET.DesignerSupport.targets(21,5): message :       PrepareForBuild;
       C:\Program Files\dotnet\sdk\10.0.101\Sdks\Microsoft.NET.Sdk\targets\Microsoft.NET.DesignerSupport.targets(21,5): message :       AssignTargetPaths;
       C:\Program Files\dotnet\sdk\10.0.101\Sdks\Microsoft.NET.Sdk\targets\Microsoft.NET.DesignerSupport.targets(21,5): message :       ResolveReferences
       C:\Program Files\dotnet\sdk\10.0.101\Sdks\Microsoft.NET.Sdk\targets\Microsoft.NET.DesignerSupport.targets(21,5): message :     
       C:\Program Files\dotnet\sdk\10.0.101\Sdks\Microsoft.NET.Sdk\targets\Microsoft.NET.DesignerSupport.targets(21,5): message :     ;
       C:\Program Files\dotnet\sdk\10.0.101\Sdks\Microsoft.NET.Sdk\targets\Microsoft.NET.DesignerSupport.targets(21,5): message :       _GenerateDesignerDepsFile;
       C:\Program Files\dotnet\sdk\10.0.101\Sdks\Microsoft.NET.Sdk\targets\Microsoft.NET.DesignerSupport.targets(21,5): message :       _GenerateDesignerRuntimeConfigFile;
       C:\Program Files\dotnet\sdk\10.0.101\Sdks\Microsoft.NET.Sdk\targets\Microsoft.NET.DesignerSupport.targets(21,5): message :       GetCopyToOutputDirectoryItems;
       C:\Program Files\dotnet\sdk\10.0.101\Sdks\Microsoft.NET.Sdk\targets\Microsoft.NET.DesignerSupport.targets(21,5): message :       _GatherDesignerShadowCopyFiles;
       C:\Program Files\dotnet\sdk\10.0.101\Sdks\Microsoft.NET.Sdk\targets\Microsoft.NET.DesignerSupport.targets(21,5): message :     " (önceki değer: "
       C:\Program Files\dotnet\sdk\10.0.101\Sdks\Microsoft.NET.Sdk\targets\Microsoft.NET.DesignerSupport.targets(21,5): message :       ;
       C:\Program Files\dotnet\sdk\10.0.101\Sdks\Microsoft.NET.Sdk\targets\Microsoft.NET.DesignerSupport.targets(21,5): message :       
       C:\Program Files\dotnet\sdk\10.0.101\Sdks\Microsoft.NET.Sdk\targets\Microsoft.NET.DesignerSupport.targets(21,5): message :       ;
       C:\Program Files\dotnet\sdk\10.0.101\Sdks\Microsoft.NET.Sdk\targets\Microsoft.NET.DesignerSupport.targets(21,5): message :       BuildOnlySettings;
       C:\Program Files\dotnet\sdk\10.0.101\Sdks\Microsoft.NET.Sdk\targets\Microsoft.NET.DesignerSupport.targets(21,5): message :       PrepareForBuild;
       C:\Program Files\dotnet\sdk\10.0.101\Sdks\Microsoft.NET.Sdk\targets\Microsoft.NET.DesignerSupport.targets(21,5): message :       AssignTargetPaths;
       C:\Program Files\dotnet\sdk\10.0.101\Sdks\Microsoft.NET.Sdk\targets\Microsoft.NET.DesignerSupport.targets(21,5): message :       ResolveReferences
       C:\Program Files\dotnet\sdk\10.0.101\Sdks\Microsoft.NET.Sdk\targets\Microsoft.NET.DesignerSupport.targets(21,5): message :     
       C:\Program Files\dotnet\sdk\10.0.101\Sdks\Microsoft.NET.Sdk\targets\Microsoft.NET.DesignerSupport.targets(21,5): message :     ") konum: C:\Program Files\dotnet\sdk\10.0.101\Sdks\Microsoft.NET.Sdk\targets\Microsoft.NET.DesignerSupport.targets (21,5)
       C:\Program Files\dotnet\sdk\10.0.101\Sdks\Microsoft.NET.Sdk\targets\Microsoft.NET.Sdk.CSharp.targets(31,5): message : Özellik yeniden ataması: $(DefineConstants)="TRACE;DEBUG" (önceki değer: "TRACE") konum: C:\Program Files\dotnet\sdk\10.0.101\Sdks\Microsoft.NET.Sdk\targets\Microsoft.NET.Sdk.CSharp.targets (31,5)
       C:\Program Files\dotnet\sdk\10.0.101\Sdks\Microsoft.NET.Sdk\targets\Microsoft.NET.Sdk.CSharp.targets(45,5): message : Özellik yeniden ataması: $(WarningsAsErrors)=";NU1605;SYSLIB0011" (önceki değer: ";NU1605") konum: C:\Program Files\dotnet\sdk\10.0.101\Sdks\Microsoft.NET.Sdk\targets\Microsoft.NET.Sdk.CSharp.targets (45,5)
       C:\Program Files\dotnet\sdk\10.0.101\Sdks\Microsoft.NET.Sdk\targets\Microsoft.NET.Windows.targets(49,5): message : Özellik yeniden ataması: $(TargetPlatformVersion)="7.0" (önceki değer: "") konum: C:\Program Files\dotnet\sdk\10.0.101\Sdks\Microsoft.NET.Sdk\targets\Microsoft.NET.Windows.targets (49,5)
       C:\Program Files\dotnet\sdk\10.0.101\Sdks\Microsoft.NET.Sdk\targets\Microsoft.NET.Windows.targets(50,5): message : Özellik yeniden ataması: $(EffectiveTargetPlatformVersion)="7.0" (önceki değer: "") konum: C:\Program Files\dotnet\sdk\10.0.101\Sdks\Microsoft.NET.Sdk\targets\Microsoft.NET.Windows.targets (50,5)
       C:\Program Files\dotnet\sdk\10.0.101\Sdks\Microsoft.NET.Sdk\targets\Microsoft.NET.Windows.targets(60,5): message : Özellik yeniden ataması: $(SupportedOSPlatformVersion)="7.0" (önceki değer: "") konum: C:\Program Files\dotnet\sdk\10.0.101\Sdks\Microsoft.NET.Sdk\targets\Microsoft.NET.Windows.targets (60,5)
       C:\Program Files\dotnet\sdk\10.0.101\Sdks\Microsoft.NET.Sdk\targets\Microsoft.NET.Windows.targets(61,5): message : Özellik yeniden ataması: $(TargetPlatformMinVersion)="7.0" (önceki değer: "") konum: C:\Program Files\dotnet\sdk\10.0.101\Sdks\Microsoft.NET.Sdk\targets\Microsoft.NET.Windows.targets (61,5)
       C:\Program Files\dotnet\sdk\10.0.101\Sdks\Microsoft.NET.Sdk\targets\Microsoft.NET.Windows.targets(239,5): message : Özellik yeniden ataması: $(_RunCsWinRTGeneratorPropertyInputsCachePath)="C:\Users\Atakan\OneDrive\Documents\GitHub\tokenizer-filter-machine\TurkMorph\obj\Debug\net8.0-windows\TurkMorph.cswinrtgen.cache" (önceki değer: "obj\Debug\net8.0-windows\TurkMorph.cswinrtgen.cache") konum: C:\Program Files\dotnet\sdk\10.0.101\Sdks\Microsoft.NET.Sdk\targets\Microsoft.NET.Windows.targets (239,5)
       C:\Program Files\dotnet\sdk\10.0.101\Sdks\Microsoft.NET.Sdk\targets\Microsoft.NET.Sdk.targets(1497,5): message : Özellik yeniden ataması: $(TargetPlatformDisplayName)="Windows 7.0" (önceki değer: "Windows ") konum: C:\Program Files\dotnet\sdk\10.0.101\Sdks\Microsoft.NET.Sdk\targets\Microsoft.NET.Sdk.targets (1497,5)
       C:\Program Files\dotnet\sdk\10.0.101\Sdks\Microsoft.NET.Sdk.WindowsDesktop\targets\Microsoft.NET.Sdk.WindowsDesktop.targets(51,5): message : Özellik yeniden ataması: $(_TargetFrameworkVersionValue)="8.0" (önceki değer: "0.0") konum: C:\Program Files\dotnet\sdk\10.0.101\Sdks\Microsoft.NET.Sdk.WindowsDesktop\targets\Microsoft.NET.Sdk.WindowsDesktop.targets (51,5)
       C:\Program Files\dotnet\sdk\10.0.101\Sdks\Microsoft.NET.Sdk.WindowsDesktop\targets\Microsoft.WinFX.targets(61,7): message : Özellik yeniden ataması: $(PrepareResourceNamesDependsOn)="
       C:\Program Files\dotnet\sdk\10.0.101\Sdks\Microsoft.NET.Sdk.WindowsDesktop\targets\Microsoft.WinFX.targets(61,7): message :                     AssignWinFXEmbeddedResource;
       C:\Program Files\dotnet\sdk\10.0.101\Sdks\Microsoft.NET.Sdk.WindowsDesktop\targets\Microsoft.WinFX.targets(61,7): message :                     
       C:\Program Files\dotnet\sdk\10.0.101\Sdks\Microsoft.NET.Sdk.WindowsDesktop\targets\Microsoft.WinFX.targets(61,7): message :       AssignTargetPaths;
       C:\Program Files\dotnet\sdk\10.0.101\Sdks\Microsoft.NET.Sdk.WindowsDesktop\targets\Microsoft.WinFX.targets(61,7): message :       SplitResourcesByCulture;
       C:\Program Files\dotnet\sdk\10.0.101\Sdks\Microsoft.NET.Sdk.WindowsDesktop\targets\Microsoft.WinFX.targets(61,7): message :       CreateManifestResourceNames;
       C:\Program Files\dotnet\sdk\10.0.101\Sdks\Microsoft.NET.Sdk.WindowsDesktop\targets\Microsoft.WinFX.targets(61,7): message :       CreateCustomManifestResourceNames
       C:\Program Files\dotnet\sdk\10.0.101\Sdks\Microsoft.NET.Sdk.WindowsDesktop\targets\Microsoft.WinFX.targets(61,7): message :     
       C:\Program Files\dotnet\sdk\10.0.101\Sdks\Microsoft.NET.Sdk.WindowsDesktop\targets\Microsoft.WinFX.targets(61,7): message :       " (önceki değer: "
       C:\Program Files\dotnet\sdk\10.0.101\Sdks\Microsoft.NET.Sdk.WindowsDesktop\targets\Microsoft.WinFX.targets(61,7): message :       AssignTargetPaths;
       C:\Program Files\dotnet\sdk\10.0.101\Sdks\Microsoft.NET.Sdk.WindowsDesktop\targets\Microsoft.WinFX.targets(61,7): message :       SplitResourcesByCulture;
       C:\Program Files\dotnet\sdk\10.0.101\Sdks\Microsoft.NET.Sdk.WindowsDesktop\targets\Microsoft.WinFX.targets(61,7): message :       CreateManifestResourceNames;
       C:\Program Files\dotnet\sdk\10.0.101\Sdks\Microsoft.NET.Sdk.WindowsDesktop\targets\Microsoft.WinFX.targets(61,7): message :       CreateCustomManifestResourceNames
       C:\Program Files\dotnet\sdk\10.0.101\Sdks\Microsoft.NET.Sdk.WindowsDesktop\targets\Microsoft.WinFX.targets(61,7): message :     ") konum: C:\Program Files\dotnet\sdk\10.0.101\Sdks\Microsoft.NET.Sdk.WindowsDesktop\targets\Microsoft.WinFX.targets (61,7)
       C:\Program Files\dotnet\sdk\10.0.101\Sdks\Microsoft.NET.Sdk.WindowsDesktop\targets\Microsoft.WinFX.targets(69,7): message : Özellik yeniden ataması: $(PrepareResourcesDependsOn)="
       C:\Program Files\dotnet\sdk\10.0.101\Sdks\Microsoft.NET.Sdk.WindowsDesktop\targets\Microsoft.WinFX.targets(69,7): message :                 MarkupCompilePass1;
       C:\Program Files\dotnet\sdk\10.0.101\Sdks\Microsoft.NET.Sdk.WindowsDesktop\targets\Microsoft.WinFX.targets(69,7): message :                 AfterMarkupCompilePass1;
       C:\Program Files\dotnet\sdk\10.0.101\Sdks\Microsoft.NET.Sdk.WindowsDesktop\targets\Microsoft.WinFX.targets(69,7): message :                 MarkupCompilePass2ForMainAssembly;
       C:\Program Files\dotnet\sdk\10.0.101\Sdks\Microsoft.NET.Sdk.WindowsDesktop\targets\Microsoft.WinFX.targets(69,7): message :                 FileClassification;
       C:\Program Files\dotnet\sdk\10.0.101\Sdks\Microsoft.NET.Sdk.WindowsDesktop\targets\Microsoft.WinFX.targets(69,7): message :                 MainResourcesGeneration;
       C:\Program Files\dotnet\sdk\10.0.101\Sdks\Microsoft.NET.Sdk.WindowsDesktop\targets\Microsoft.WinFX.targets(69,7): message :                 
       C:\Program Files\dotnet\sdk\10.0.101\Sdks\Microsoft.NET.Sdk.WindowsDesktop\targets\Microsoft.WinFX.targets(69,7): message :       ResolvePackageDependenciesForBuild;
       C:\Program Files\dotnet\sdk\10.0.101\Sdks\Microsoft.NET.Sdk.WindowsDesktop\targets\Microsoft.WinFX.targets(69,7): message :       _HandlePackageFileConflicts;
       C:\Program Files\dotnet\sdk\10.0.101\Sdks\Microsoft.NET.Sdk.WindowsDesktop\targets\Microsoft.WinFX.targets(69,7): message :       
       C:\Program Files\dotnet\sdk\10.0.101\Sdks\Microsoft.NET.Sdk.WindowsDesktop\targets\Microsoft.WinFX.targets(69,7): message :       ;
       C:\Program Files\dotnet\sdk\10.0.101\Sdks\Microsoft.NET.Sdk.WindowsDesktop\targets\Microsoft.WinFX.targets(69,7): message :       PrepareResourceNames;
       C:\Program Files\dotnet\sdk\10.0.101\Sdks\Microsoft.NET.Sdk.WindowsDesktop\targets\Microsoft.WinFX.targets(69,7): message :       ResGen;
       C:\Program Files\dotnet\sdk\10.0.101\Sdks\Microsoft.NET.Sdk.WindowsDesktop\targets\Microsoft.WinFX.targets(69,7): message :       CompileLicxFiles
       C:\Program Files\dotnet\sdk\10.0.101\Sdks\Microsoft.NET.Sdk.WindowsDesktop\targets\Microsoft.WinFX.targets(69,7): message :     
       C:\Program Files\dotnet\sdk\10.0.101\Sdks\Microsoft.NET.Sdk.WindowsDesktop\targets\Microsoft.WinFX.targets(69,7): message :     
       C:\Program Files\dotnet\sdk\10.0.101\Sdks\Microsoft.NET.Sdk.WindowsDesktop\targets\Microsoft.WinFX.targets(69,7): message :       " (önceki değer: "
       C:\Program Files\dotnet\sdk\10.0.101\Sdks\Microsoft.NET.Sdk.WindowsDesktop\targets\Microsoft.WinFX.targets(69,7): message :       ResolvePackageDependenciesForBuild;
       C:\Program Files\dotnet\sdk\10.0.101\Sdks\Microsoft.NET.Sdk.WindowsDesktop\targets\Microsoft.WinFX.targets(69,7): message :       _HandlePackageFileConflicts;
       C:\Program Files\dotnet\sdk\10.0.101\Sdks\Microsoft.NET.Sdk.WindowsDesktop\targets\Microsoft.WinFX.targets(69,7): message :       
       C:\Program Files\dotnet\sdk\10.0.101\Sdks\Microsoft.NET.Sdk.WindowsDesktop\targets\Microsoft.WinFX.targets(69,7): message :       ;
       C:\Program Files\dotnet\sdk\10.0.101\Sdks\Microsoft.NET.Sdk.WindowsDesktop\targets\Microsoft.WinFX.targets(69,7): message :       PrepareResourceNames;
       C:\Program Files\dotnet\sdk\10.0.101\Sdks\Microsoft.NET.Sdk.WindowsDesktop\targets\Microsoft.WinFX.targets(69,7): message :       ResGen;
       C:\Program Files\dotnet\sdk\10.0.101\Sdks\Microsoft.NET.Sdk.WindowsDesktop\targets\Microsoft.WinFX.targets(69,7): message :       CompileLicxFiles
       C:\Program Files\dotnet\sdk\10.0.101\Sdks\Microsoft.NET.Sdk.WindowsDesktop\targets\Microsoft.WinFX.targets(69,7): message :     
       C:\Program Files\dotnet\sdk\10.0.101\Sdks\Microsoft.NET.Sdk.WindowsDesktop\targets\Microsoft.WinFX.targets(69,7): message :     ") konum: C:\Program Files\dotnet\sdk\10.0.101\Sdks\Microsoft.NET.Sdk.WindowsDesktop\targets\Microsoft.WinFX.targets (69,7)
       C:\Program Files\dotnet\sdk\10.0.101\Sdks\Microsoft.NET.Sdk.WindowsDesktop\targets\Microsoft.WinFX.targets(136,5): message : Özellik yeniden ataması: $(CompileDependsOn)="
       C:\Program Files\dotnet\sdk\10.0.101\Sdks\Microsoft.NET.Sdk.WindowsDesktop\targets\Microsoft.WinFX.targets(136,5): message :         
       C:\Program Files\dotnet\sdk\10.0.101\Sdks\Microsoft.NET.Sdk.WindowsDesktop\targets\Microsoft.WinFX.targets(136,5): message :       
       C:\Program Files\dotnet\sdk\10.0.101\Sdks\Microsoft.NET.Sdk.WindowsDesktop\targets\Microsoft.WinFX.targets(136,5): message :       ResolveReferences;
       C:\Program Files\dotnet\sdk\10.0.101\Sdks\Microsoft.NET.Sdk.WindowsDesktop\targets\Microsoft.WinFX.targets(136,5): message :       ResolveKeySource;
       C:\Program Files\dotnet\sdk\10.0.101\Sdks\Microsoft.NET.Sdk.WindowsDesktop\targets\Microsoft.WinFX.targets(136,5): message :       SetWin32ManifestProperties;
       C:\Program Files\dotnet\sdk\10.0.101\Sdks\Microsoft.NET.Sdk.WindowsDesktop\targets\Microsoft.WinFX.targets(136,5): message :       _SetPreferNativeArm64Win32ManifestProperties;
       C:\Program Files\dotnet\sdk\10.0.101\Sdks\Microsoft.NET.Sdk.WindowsDesktop\targets\Microsoft.WinFX.targets(136,5): message :       FindReferenceAssembliesForReferences;
       C:\Program Files\dotnet\sdk\10.0.101\Sdks\Microsoft.NET.Sdk.WindowsDesktop\targets\Microsoft.WinFX.targets(136,5): message :       _GenerateCompileInputs;
       C:\Program Files\dotnet\sdk\10.0.101\Sdks\Microsoft.NET.Sdk.WindowsDesktop\targets\Microsoft.WinFX.targets(136,5): message :       BeforeCompile;
       C:\Program Files\dotnet\sdk\10.0.101\Sdks\Microsoft.NET.Sdk.WindowsDesktop\targets\Microsoft.WinFX.targets(136,5): message :       _TimeStampBeforeCompile;
       C:\Program Files\dotnet\sdk\10.0.101\Sdks\Microsoft.NET.Sdk.WindowsDesktop\targets\Microsoft.WinFX.targets(136,5): message :       _GenerateCompileDependencyCache;
       C:\Program Files\dotnet\sdk\10.0.101\Sdks\Microsoft.NET.Sdk.WindowsDesktop\targets\Microsoft.WinFX.targets(136,5): message :       CoreCompile;
       C:\Program Files\dotnet\sdk\10.0.101\Sdks\Microsoft.NET.Sdk.WindowsDesktop\targets\Microsoft.WinFX.targets(136,5): message :       _TimeStampAfterCompile;
       C:\Program Files\dotnet\sdk\10.0.101\Sdks\Microsoft.NET.Sdk.WindowsDesktop\targets\Microsoft.WinFX.targets(136,5): message :       AfterCompile;
       C:\Program Files\dotnet\sdk\10.0.101\Sdks\Microsoft.NET.Sdk.WindowsDesktop\targets\Microsoft.WinFX.targets(136,5): message :     ;
       C:\Program Files\dotnet\sdk\10.0.101\Sdks\Microsoft.NET.Sdk.WindowsDesktop\targets\Microsoft.WinFX.targets(136,5): message :       _CreateAppHost;
       C:\Program Files\dotnet\sdk\10.0.101\Sdks\Microsoft.NET.Sdk.WindowsDesktop\targets\Microsoft.WinFX.targets(136,5): message :       _CreateComHost;
       C:\Program Files\dotnet\sdk\10.0.101\Sdks\Microsoft.NET.Sdk.WindowsDesktop\targets\Microsoft.WinFX.targets(136,5): message :       _GetIjwHostPaths;
       C:\Program Files\dotnet\sdk\10.0.101\Sdks\Microsoft.NET.Sdk.WindowsDesktop\targets\Microsoft.WinFX.targets(136,5): message :     ;
       C:\Program Files\dotnet\sdk\10.0.101\Sdks\Microsoft.NET.Sdk.WindowsDesktop\targets\Microsoft.WinFX.targets(136,5): message :         _AfterCompileWinFXInternal
       C:\Program Files\dotnet\sdk\10.0.101\Sdks\Microsoft.NET.Sdk.WindowsDesktop\targets\Microsoft.WinFX.targets(136,5): message :     " (önceki değer: "
       C:\Program Files\dotnet\sdk\10.0.101\Sdks\Microsoft.NET.Sdk.WindowsDesktop\targets\Microsoft.WinFX.targets(136,5): message :       
       C:\Program Files\dotnet\sdk\10.0.101\Sdks\Microsoft.NET.Sdk.WindowsDesktop\targets\Microsoft.WinFX.targets(136,5): message :       ResolveReferences;
       C:\Program Files\dotnet\sdk\10.0.101\Sdks\Microsoft.NET.Sdk.WindowsDesktop\targets\Microsoft.WinFX.targets(136,5): message :       ResolveKeySource;
       C:\Program Files\dotnet\sdk\10.0.101\Sdks\Microsoft.NET.Sdk.WindowsDesktop\targets\Microsoft.WinFX.targets(136,5): message :       SetWin32ManifestProperties;
       C:\Program Files\dotnet\sdk\10.0.101\Sdks\Microsoft.NET.Sdk.WindowsDesktop\targets\Microsoft.WinFX.targets(136,5): message :       _SetPreferNativeArm64Win32ManifestProperties;
       C:\Program Files\dotnet\sdk\10.0.101\Sdks\Microsoft.NET.Sdk.WindowsDesktop\targets\Microsoft.WinFX.targets(136,5): message :       FindReferenceAssembliesForReferences;
       C:\Program Files\dotnet\sdk\10.0.101\Sdks\Microsoft.NET.Sdk.WindowsDesktop\targets\Microsoft.WinFX.targets(136,5): message :       _GenerateCompileInputs;
       C:\Program Files\dotnet\sdk\10.0.101\Sdks\Microsoft.NET.Sdk.WindowsDesktop\targets\Microsoft.WinFX.targets(136,5): message :       BeforeCompile;
       C:\Program Files\dotnet\sdk\10.0.101\Sdks\Microsoft.NET.Sdk.WindowsDesktop\targets\Microsoft.WinFX.targets(136,5): message :       _TimeStampBeforeCompile;
       C:\Program Files\dotnet\sdk\10.0.101\Sdks\Microsoft.NET.Sdk.WindowsDesktop\targets\Microsoft.WinFX.targets(136,5): message :       _GenerateCompileDependencyCache;
       C:\Program Files\dotnet\sdk\10.0.101\Sdks\Microsoft.NET.Sdk.WindowsDesktop\targets\Microsoft.WinFX.targets(136,5): message :       CoreCompile;
       C:\Program Files\dotnet\sdk\10.0.101\Sdks\Microsoft.NET.Sdk.WindowsDesktop\targets\Microsoft.WinFX.targets(136,5): message :       _TimeStampAfterCompile;
       C:\Program Files\dotnet\sdk\10.0.101\Sdks\Microsoft.NET.Sdk.WindowsDesktop\targets\Microsoft.WinFX.targets(136,5): message :       AfterCompile;
       C:\Program Files\dotnet\sdk\10.0.101\Sdks\Microsoft.NET.Sdk.WindowsDesktop\targets\Microsoft.WinFX.targets(136,5): message :     ;
       C:\Program Files\dotnet\sdk\10.0.101\Sdks\Microsoft.NET.Sdk.WindowsDesktop\targets\Microsoft.WinFX.targets(136,5): message :       _CreateAppHost;
       C:\Program Files\dotnet\sdk\10.0.101\Sdks\Microsoft.NET.Sdk.WindowsDesktop\targets\Microsoft.WinFX.targets(136,5): message :       _CreateComHost;
       C:\Program Files\dotnet\sdk\10.0.101\Sdks\Microsoft.NET.Sdk.WindowsDesktop\targets\Microsoft.WinFX.targets(136,5): message :       _GetIjwHostPaths;
       C:\Program Files\dotnet\sdk\10.0.101\Sdks\Microsoft.NET.Sdk.WindowsDesktop\targets\Microsoft.WinFX.targets(136,5): message :     ") konum: C:\Program Files\dotnet\sdk\10.0.101\Sdks\Microsoft.NET.Sdk.WindowsDesktop\targets\Microsoft.WinFX.targets (136,5)
       C:\Program Files\dotnet\sdk\10.0.101\Sdks\Microsoft.NET.Sdk.WindowsDesktop\targets\Microsoft.WinFX.targets(803,9): message : Özellik yeniden ataması: $(PublishBuildDependsOn)="
       C:\Program Files\dotnet\sdk\10.0.101\Sdks\Microsoft.NET.Sdk.WindowsDesktop\targets\Microsoft.WinFX.targets(803,9): message :             BuildOnlySettings;
       C:\Program Files\dotnet\sdk\10.0.101\Sdks\Microsoft.NET.Sdk.WindowsDesktop\targets\Microsoft.WinFX.targets(803,9): message :             PrepareForBuild;
       C:\Program Files\dotnet\sdk\10.0.101\Sdks\Microsoft.NET.Sdk.WindowsDesktop\targets\Microsoft.WinFX.targets(803,9): message :             ResolveReferences;
       C:\Program Files\dotnet\sdk\10.0.101\Sdks\Microsoft.NET.Sdk.WindowsDesktop\targets\Microsoft.WinFX.targets(803,9): message :             PrepareResources;
       C:\Program Files\dotnet\sdk\10.0.101\Sdks\Microsoft.NET.Sdk.WindowsDesktop\targets\Microsoft.WinFX.targets(803,9): message :             ResolveKeySource;
       C:\Program Files\dotnet\sdk\10.0.101\Sdks\Microsoft.NET.Sdk.WindowsDesktop\targets\Microsoft.WinFX.targets(803,9): message :             PrepareResourcesForSatelliteAssemblies;
       C:\Program Files\dotnet\sdk\10.0.101\Sdks\Microsoft.NET.Sdk.WindowsDesktop\targets\Microsoft.WinFX.targets(803,9): message :             GenerateSerializationAssemblies;
       C:\Program Files\dotnet\sdk\10.0.101\Sdks\Microsoft.NET.Sdk.WindowsDesktop\targets\Microsoft.WinFX.targets(803,9): message :             CreateSatelliteAssemblies;
       C:\Program Files\dotnet\sdk\10.0.101\Sdks\Microsoft.NET.Sdk.WindowsDesktop\targets\Microsoft.WinFX.targets(803,9): message :         " (önceki değer: "
       C:\Program Files\dotnet\sdk\10.0.101\Sdks\Microsoft.NET.Sdk.WindowsDesktop\targets\Microsoft.WinFX.targets(803,9): message :       BuildOnlySettings;
       C:\Program Files\dotnet\sdk\10.0.101\Sdks\Microsoft.NET.Sdk.WindowsDesktop\targets\Microsoft.WinFX.targets(803,9): message :       PrepareForBuild;
       C:\Program Files\dotnet\sdk\10.0.101\Sdks\Microsoft.NET.Sdk.WindowsDesktop\targets\Microsoft.WinFX.targets(803,9): message :       ResolveReferences;
       C:\Program Files\dotnet\sdk\10.0.101\Sdks\Microsoft.NET.Sdk.WindowsDesktop\targets\Microsoft.WinFX.targets(803,9): message :       PrepareResources;
       C:\Program Files\dotnet\sdk\10.0.101\Sdks\Microsoft.NET.Sdk.WindowsDesktop\targets\Microsoft.WinFX.targets(803,9): message :       ResolveKeySource;
       C:\Program Files\dotnet\sdk\10.0.101\Sdks\Microsoft.NET.Sdk.WindowsDesktop\targets\Microsoft.WinFX.targets(803,9): message :       GenerateSerializationAssemblies;
       C:\Program Files\dotnet\sdk\10.0.101\Sdks\Microsoft.NET.Sdk.WindowsDesktop\targets\Microsoft.WinFX.targets(803,9): message :       CreateSatelliteAssemblies;
       C:\Program Files\dotnet\sdk\10.0.101\Sdks\Microsoft.NET.Sdk.WindowsDesktop\targets\Microsoft.WinFX.targets(803,9): message :     ") konum: C:\Program Files\dotnet\sdk\10.0.101\Sdks\Microsoft.NET.Sdk.WindowsDesktop\targets\Microsoft.WinFX.targets (803,9)
       C:\Program Files\dotnet\sdk\10.0.101\NuGet.Build.Tasks.Pack.targets(59,5): message : Özellik yeniden ataması: $(GenerateNuspecDependsOn)="Build;_LoadPackInputItems; _GetTargetFrameworksOutput; _WalkEachTargetPerFramework; _GetPackageFiles; " (önceki değer: "_LoadPackInputItems; _GetTargetFrameworksOutput; _WalkEachTargetPerFramework; _GetPackageFiles; ") konum: C:\Program Files\dotnet\sdk\10.0.101\NuGet.Build.Tasks.Pack.targets (59,5)
       C:\Program Files\dotnet\sdk\10.0.101\Sdks\Microsoft.NET.Sdk\Sdk\Sdk.targets(59,5): message : Özellik yeniden ataması: $(_IsNotSetContainersTargetsDir)="true" (önceki değer: "false") konum: C:\Program Files\dotnet\sdk\10.0.101\Sdks\Microsoft.NET.Sdk\Sdk\Sdk.targets (59,5)
       C:\Program Files\dotnet\sdk\10.0.101\Containers\build\Microsoft.NET.Build.Containers.targets(5,5): message : Özellik yeniden ataması: $(_IsSDKContainerAllowedVersion)="true" (önceki değer: "false") konum: C:\Program Files\dotnet\sdk\10.0.101\Containers\build\Microsoft.NET.Build.Containers.targets (5,5)
       C:\Program Files\dotnet\sdk\10.0.101\Containers\build\Microsoft.NET.Build.Containers.targets(15,5): message : Özellik yeniden ataması: $(_ContainerIsTargetingNet8TFM)="true" (önceki değer: "false") konum: C:\Program Files\dotnet\sdk\10.0.101\Containers\build\Microsoft.NET.Build.Containers.targets (15,5)
       "C:\Program Files\dotnet\sdk\10.0.101\Sdks\Microsoft.NET.Sdk\targets\Microsoft.NET.Sdk.FrameworkReferenceResolution.targets" projesindeki "ResolveFrameworkReferences" hedefi kullanılarak "C:\Program Files\dotnet\sdk\10.0.101\Microsoft.Common.CurrentVersion.targets" projesindeki "ResolveFrameworkReferences" hedefinin üzerine yazılıyor.
       "C:\Program Files\dotnet\sdk\10.0.101\Sdks\Microsoft.NET.Sdk\targets\Microsoft.NET.Sdk.targets" projesindeki "GenerateSupportedTargetFrameworkAlias" hedefi kullanılarak "C:\Program Files\dotnet\sdk\10.0.101\Microsoft.Common.CurrentVersion.targets" projesindeki "GenerateSupportedTargetFrameworkAlias" hedefinin üzerine yazılıyor.
       "C:\Program Files\dotnet\sdk\10.0.101\Sdks\Microsoft.NET.Sdk\targets\Microsoft.NET.DisableStandardFrameworkResolution.targets" projesindeki "GetReferenceAssemblyPaths" hedefi kullanılarak "C:\Program Files\dotnet\sdk\10.0.101\Microsoft.Common.CurrentVersion.targets" projesindeki "GetReferenceAssemblyPaths" hedefinin üzerine yazılıyor.
       "C:\Program Files\dotnet\sdk\10.0.101\Sdks\Microsoft.NET.Sdk\targets\Microsoft.NET.DisableStandardFrameworkResolution.targets" projesindeki "GetFrameworkPaths" hedefi kullanılarak "C:\Program Files\dotnet\sdk\10.0.101\Microsoft.Common.CurrentVersion.targets" projesindeki "GetFrameworkPaths" hedefinin üzerine yazılıyor.
       "C:\Program Files\dotnet\sdk\10.0.101\Sdks\Microsoft.NET.Sdk\targets\Microsoft.NET.DesignerSupport.targets" projesindeki "DesignerRuntimeImplementationProjectOutputGroup" hedefi kullanılarak "C:\Program Files\dotnet\sdk\10.0.101\Microsoft.Common.CurrentVersion.targets" projesindeki "DesignerRuntimeImplementationProjectOutputGroup" hedefinin üzerine yazılıyor.
       "C:\Program Files\dotnet\sdk\10.0.101\Sdks\Microsoft.NET.Sdk\targets\Microsoft.NET.Publish.targets" projesindeki "Publish" hedefi kullanılarak "C:\Program Files\dotnet\sdk\10.0.101\Microsoft.Common.CurrentVersion.targets" projesindeki "Publish" hedefinin üzerine yazılıyor.
       "C:\Program Files\dotnet\sdk\10.0.101\Sdks\Microsoft.NET.Sdk\targets\Microsoft.NET.Publish.targets" projesindeki "ResolveReadyToRunCompilers" hedefi kullanılarak "C:\Program Files\dotnet\sdk\10.0.101\Sdks\Microsoft.NET.Sdk\targets\Microsoft.NET.CrossGen.targets" projesindeki "ResolveReadyToRunCompilers" hedefinin üzerine yazılıyor.
       "C:\Program Files\dotnet\sdk\10.0.101\Sdks\Microsoft.NET.Sdk\targets\Microsoft.NET.Publish.targets" projesindeki "GetCopyToPublishDirectoryItems" hedefi kullanılarak "C:\Program Files\dotnet\sdk\10.0.101\Microsoft.Common.CurrentVersion.targets" projesindeki "GetCopyToPublishDirectoryItems" hedefinin üzerine yazılıyor.
       "C:\Program Files\dotnet\sdk\10.0.101\Sdks\Microsoft.NET.Sdk\targets\Microsoft.NET.Sdk.targets" projesindeki "Run" hedefi kullanılarak "C:\Program Files\dotnet\sdk\10.0.101\Microsoft.Common.CurrentVersion.targets" projesindeki "Run" hedefinin üzerine yazılıyor.
       "C:\Program Files\dotnet\sdk\10.0.101\Sdks\Microsoft.NET.Sdk.WindowsDesktop\targets\Microsoft.WinFX.targets" projesindeki "SatelliteDllsProjectOutputGroup" hedefi kullanılarak "C:\Program Files\dotnet\sdk\10.0.101\Microsoft.Common.CurrentVersion.targets" projesindeki "SatelliteDllsProjectOutputGroup" hedefinin üzerine yazılıyor.
   1:7>1 düğümünde "C:\Users\Atakan\OneDrive\Documents\GitHub\tokenizer-filter-machine\TurkMorph\TurkMorph.csproj" projesi (varsayılan hedefler).
   1:7>"C:\Users\Atakan\OneDrive\Documents\GitHub\tokenizer-filter-machine\TurkMorph\TurkMorph.csproj" projesinin "C:\Program Files\dotnet\sdk\10.0.101\Sdks\Microsoft.NET.Sdk\targets\Microsoft.NET.TargetFrameworkInference.targets" dosyasındaki "_CollectTargetFrameworkForTelemetry" hedefi ("_CheckForInvalidConfigurationAndPlatform" hedefi buna bağımlı):
   1:7>"C:\Program Files\dotnet\sdk\10.0.101\Sdks\Microsoft.NET.Sdk\targets\..\tools\net10.0\Microsoft.NET.Build.Tasks.dll" derlemesindeki "AllowEmptyTelemetry" görevi kullanılıyor.
       "AllowEmptyTelemetry" görevi
       "AllowEmptyTelemetry" görevini yürütme tamamlandı.
   1:7>"TurkMorph.csproj" projesinde "_CollectTargetFrameworkForTelemetry" hedefini oluşturma tamamlandı.
   1:7>"C:\Users\Atakan\OneDrive\Documents\GitHub\tokenizer-filter-machine\TurkMorph\TurkMorph.csproj" projesinin "C:\Program Files\dotnet\sdk\10.0.101\Sdks\Microsoft.NET.Sdk\targets\Microsoft.NET.TargetFrameworkInference.targets" dosyasındaki "_CheckForUnsupportedTargetPlatformIdentifier" hedefi ("_CheckForInvalidConfigurationAndPlatform" hedefi buna bağımlı):
   1:7>"TurkMorph.csproj" projesinde "_CheckForUnsupportedTargetPlatformIdentifier" hedefini oluşturma tamamlandı.
   1:7>"C:\Users\Atakan\OneDrive\Documents\GitHub\tokenizer-filter-machine\TurkMorph\TurkMorph.csproj" projesinin "C:\Program Files\dotnet\sdk\10.0.101\Sdks\Microsoft.NET.Sdk\targets\Microsoft.NET.TargetFrameworkInference.targets" dosyasındaki "_CheckForUnsupportedNETCoreVersion" hedefi ("_CheckForInvalidConfigurationAndPlatform" hedefi buna bağımlı):
   1:7>"TurkMorph.csproj" projesinde "_CheckForUnsupportedNETCoreVersion" hedefini oluşturma tamamlandı.
   1:7>"C:\Users\Atakan\OneDrive\Documents\GitHub\tokenizer-filter-machine\TurkMorph\TurkMorph.csproj" projesinin "C:\Program Files\dotnet\sdk\10.0.101\Sdks\Microsoft.NET.Sdk\targets\Microsoft.NET.TargetFrameworkInference.targets" dosyasındaki "_CheckForUnsupportedCppNETCoreVersion" hedefi ("_CheckForInvalidConfigurationAndPlatform" hedefi buna bağımlı):
   1:7>"TurkMorph.csproj" projesinde "_CheckForUnsupportedCppNETCoreVersion" hedefini oluşturma tamamlandı.
   1:7>"C:\Users\Atakan\OneDrive\Documents\GitHub\tokenizer-filter-machine\TurkMorph\TurkMorph.csproj" projesinin "C:\Program Files\dotnet\sdk\10.0.101\Sdks\Microsoft.NET.Sdk\targets\Microsoft.NET.TargetFrameworkInference.targets" dosyasındaki "_CheckForSupportedOSPlatformVersionHigherThanTargetPlatformVersion" hedefi ("_CheckForInvalidConfigurationAndPlatform" hedefi buna bağımlı):
   1:7>"TurkMorph.csproj" projesinde "_CheckForSupportedOSPlatformVersionHigherThanTargetPlatformVersion" hedefini oluşturma tamamlandı.
   1:7>"C:\Users\Atakan\OneDrive\Documents\GitHub\tokenizer-filter-machine\TurkMorph\TurkMorph.csproj" projesinin "C:\Program Files\dotnet\sdk\10.0.101\Sdks\Microsoft.NET.Sdk\targets\Microsoft.NET.TargetFrameworkInference.targets" dosyasındaki "_NormalizeTargetPlatformVersion" hedefi ("_CheckForInvalidTargetPlatformVersion" hedefi buna bağımlı):
   1:7>"TurkMorph.csproj" projesinde "_NormalizeTargetPlatformVersion" hedefini oluşturma tamamlandı.
   1:7>"C:\Users\Atakan\OneDrive\Documents\GitHub\tokenizer-filter-machine\TurkMorph\TurkMorph.csproj" projesinin "C:\Program Files\dotnet\sdk\10.0.101\Sdks\Microsoft.NET.Sdk\targets\Microsoft.NET.TargetFrameworkInference.targets" dosyasındaki "_CheckForInvalidTargetPlatformVersion" hedefi ("_CheckForInvalidConfigurationAndPlatform" hedefi buna bağımlı):
   1:7>"TurkMorph.csproj" projesinde "_CheckForInvalidTargetPlatformVersion" hedefini oluşturma tamamlandı.
   1:7>"C:\Users\Atakan\OneDrive\Documents\GitHub\tokenizer-filter-machine\TurkMorph\TurkMorph.csproj" projesinin "C:\Program Files\dotnet\sdk\10.0.101\Sdks\Microsoft.NET.Sdk\targets\Microsoft.NET.DefaultOutputPaths.targets" dosyasındaki "_CheckForUnsupportedArtifactsPath" hedefi ("_CheckForInvalidConfigurationAndPlatform" hedefi buna bağımlı):
   1:7>"TurkMorph.csproj" projesinde "_CheckForUnsupportedArtifactsPath" hedefini oluşturma tamamlandı.
   1:7>"C:\Users\Atakan\OneDrive\Documents\GitHub\tokenizer-filter-machine\TurkMorph\TurkMorph.csproj" projesinin "C:\Program Files\dotnet\sdk\10.0.101\Sdks\Microsoft.NET.Sdk\targets\Microsoft.NET.RuntimeIdentifierInference.targets" dosyasındaki "_CheckRIDAsserts" hedefi ("_CheckForUnsupportedAppHostUsage" hedefi buna bağımlı):
   1:7>"TurkMorph.csproj" projesinde "_CheckRIDAsserts" hedefini oluşturma tamamlandı.
   1:7>"C:\Users\Atakan\OneDrive\Documents\GitHub\tokenizer-filter-machine\TurkMorph\TurkMorph.csproj" projesinin "C:\Program Files\dotnet\sdk\10.0.101\Sdks\Microsoft.NET.Sdk\targets\Microsoft.NET.RuntimeIdentifierInference.targets" dosyasındaki "_CheckForUnsupportedAppHostUsage" hedefi ("_CheckForInvalidConfigurationAndPlatform" hedefi buna bağımlı):
   1:7>"TurkMorph.csproj" projesinde "_CheckForUnsupportedAppHostUsage" hedefini oluşturma tamamlandı.
   1:7>"C:\Users\Atakan\OneDrive\Documents\GitHub\tokenizer-filter-machine\TurkMorph\TurkMorph.csproj" projesinin "C:\Program Files\dotnet\sdk\10.0.101\Sdks\Microsoft.NET.Sdk\targets\Microsoft.NET.RuntimeIdentifierInference.targets" dosyasındaki "_CheckForUnsupportedHostingUsage" hedefi ("_CheckForInvalidConfigurationAndPlatform" hedefi buna bağımlı):
   1:7>"TurkMorph.csproj" projesinde "_CheckForUnsupportedHostingUsage" hedefini oluşturma tamamlandı.
   1:7>"C:\Users\Atakan\OneDrive\Documents\GitHub\tokenizer-filter-machine\TurkMorph\TurkMorph.csproj" projesinin "C:\Program Files\dotnet\sdk\10.0.101\Sdks\Microsoft.NET.Sdk\targets\Microsoft.NET.RuntimeIdentifierInference.targets" dosyasındaki "_CheckAndUnsetUnsupportedPrefer32Bit" hedefi ("_CheckForInvalidConfigurationAndPlatform" hedefi buna bağımlı):
   1:7>"TurkMorph.csproj" projesinde "_CheckAndUnsetUnsupportedPrefer32Bit" hedefini oluşturma tamamlandı.
   1:7>"C:\Users\Atakan\OneDrive\Documents\GitHub\tokenizer-filter-machine\TurkMorph\TurkMorph.csproj" projesinin "C:\Program Files\dotnet\sdk\10.0.101\Sdks\Microsoft.NET.Sdk\targets\Microsoft.NET.RuntimeIdentifierInference.targets" dosyasındaki "_CheckForLanguageAndFeatureCombinationSupport" hedefi ("_CheckForInvalidConfigurationAndPlatform" hedefi buna bağımlı):
   1:7>"TurkMorph.csproj" projesinde "_CheckForLanguageAndFeatureCombinationSupport" hedefini oluşturma tamamlandı.
   1:7>"C:\Users\Atakan\OneDrive\Documents\GitHub\tokenizer-filter-machine\TurkMorph\TurkMorph.csproj" projesinin "C:\Program Files\dotnet\sdk\10.0.101\Sdks\Microsoft.NET.Sdk\targets\Microsoft.NET.Sdk.DefaultItems.Shared.targets" dosyasındaki "UpdateAspNetToFrameworkReference" hedefi ("ApplyImplicitVersions" hedefi buna bağımlı):
       "C:\Program Files\dotnet\sdk\10.0.101\Sdks\Microsoft.NET.Sdk\targets\..\tools\net10.0\Microsoft.NET.Build.Tasks.dll" derlemesindeki "CheckIfPackageReferenceShouldBeFrameworkReference" görevi kullanılıyor.
       "CheckIfPackageReferenceShouldBeFrameworkReference" görevi
       "CheckIfPackageReferenceShouldBeFrameworkReference" görevini yürütme tamamlandı.
       "CheckIfPackageReferenceShouldBeFrameworkReference" görevi
       "CheckIfPackageReferenceShouldBeFrameworkReference" görevini yürütme tamamlandı.
   1:7>"TurkMorph.csproj" projesinde "UpdateAspNetToFrameworkReference" hedefini oluşturma tamamlandı.
   1:7>"C:\Users\Atakan\OneDrive\Documents\GitHub\tokenizer-filter-machine\TurkMorph\TurkMorph.csproj" projesinin "C:\Program Files\dotnet\sdk\10.0.101\Sdks\Microsoft.NET.Sdk\targets\Microsoft.NET.Sdk.DefaultItems.Shared.targets" dosyasındaki "CheckForImplicitPackageReferenceOverrides" hedefi ("ApplyImplicitVersions" hedefi buna bağımlı):
       "C:\Program Files\dotnet\sdk\10.0.101\Sdks\Microsoft.NET.Sdk\targets\..\tools\net10.0\Microsoft.NET.Build.Tasks.dll" derlemesindeki "CheckForImplicitPackageReferenceOverrides" görevi kullanılıyor.
       "CheckForImplicitPackageReferenceOverrides" görevi
       "CheckForImplicitPackageReferenceOverrides" görevini yürütme tamamlandı.
   1:7>"TurkMorph.csproj" projesinde "CheckForImplicitPackageReferenceOverrides" hedefini oluşturma tamamlandı.
   1:7>"C:\Users\Atakan\OneDrive\Documents\GitHub\tokenizer-filter-machine\TurkMorph\TurkMorph.csproj" projesinin "C:\Program Files\dotnet\sdk\10.0.101\Sdks\Microsoft.NET.Sdk\targets\Microsoft.NET.Sdk.DefaultItems.Shared.targets" dosyasındaki "ApplyImplicitVersions" hedefi ("CollectPackageReferences" hedefi buna bağımlı):
       "C:\Program Files\dotnet\sdk\10.0.101\Sdks\Microsoft.NET.Sdk\targets\..\tools\net10.0\Microsoft.NET.Build.Tasks.dll" derlemesindeki "ApplyImplicitVersions" görevi kullanılıyor.
       "ApplyImplicitVersions" görevi
       "ApplyImplicitVersions" görevini yürütme tamamlandı.
   1:7>"TurkMorph.csproj" projesinde "ApplyImplicitVersions" hedefini oluşturma tamamlandı.
       "CheckForImplicitPackageReferenceOverrides" hedefi atlandı. Önceden başarılı bir şekilde derlenmişti.
   1:7>"C:\Users\Atakan\OneDrive\Documents\GitHub\tokenizer-filter-machine\TurkMorph\TurkMorph.csproj" projesinin "C:\Program Files\dotnet\sdk\10.0.101\Sdks\Microsoft.NET.Sdk\targets\Microsoft.NET.Sdk.FrameworkReferenceResolution.targets" dosyasındaki "AddWindowsSdkKnownFrameworkReferences" hedefi ("ProcessFrameworkReferences" hedefi buna bağımlı):
       "C:\Program Files\dotnet\sdk\10.0.101\Sdks\Microsoft.NET.Sdk\targets\..\tools\net10.0\Microsoft.NET.Build.Tasks.dll" derlemesindeki "CreateWindowsSdkKnownFrameworkReferences" görevi kullanılıyor.
       "CreateWindowsSdkKnownFrameworkReferences" görevi
       "CreateWindowsSdkKnownFrameworkReferences" görevini yürütme tamamlandı.
   1:7>"TurkMorph.csproj" projesinde "AddWindowsSdkKnownFrameworkReferences" hedefini oluşturma tamamlandı.
   1:7>"C:\Users\Atakan\OneDrive\Documents\GitHub\tokenizer-filter-machine\TurkMorph\TurkMorph.csproj" projesinin "C:\Program Files\dotnet\sdk\10.0.101\Sdks\Microsoft.NET.Sdk\targets\Microsoft.NET.Publish.targets" dosyasındaki "_ComputeToolPackInputsToProcessFrameworkReferences" hedefi ("ProcessFrameworkReferences" hedefi buna bağımlı):
   1:7>"TurkMorph.csproj" projesinde "_ComputeToolPackInputsToProcessFrameworkReferences" hedefini oluşturma tamamlandı.
   1:7>"C:\Users\Atakan\OneDrive\Documents\GitHub\tokenizer-filter-machine\TurkMorph\TurkMorph.csproj" projesinin "C:\Program Files\dotnet\sdk\10.0.101\Sdks\Microsoft.NET.Sdk\targets\Microsoft.NET.Sdk.FrameworkReferenceResolution.targets" dosyasındaki "ProcessFrameworkReferences" hedefi ("CollectPackageReferences" hedefi buna bağımlı):
       "C:\Program Files\dotnet\sdk\10.0.101\Sdks\Microsoft.NET.Sdk\targets\..\tools\net10.0\Microsoft.NET.Build.Tasks.dll" derlemesindeki "CheckForDuplicateFrameworkReferences" görevi kullanılıyor.
       "CheckForDuplicateFrameworkReferences" görevi
       "CheckForDuplicateFrameworkReferences" görevini yürütme tamamlandı.
       "C:\Program Files\dotnet\sdk\10.0.101\Sdks\Microsoft.NET.Sdk\targets\..\tools\net10.0\Microsoft.NET.Build.Tasks.dll" derlemesindeki "ProcessFrameworkReferences" görevi kullanılıyor.
       "ProcessFrameworkReferences" görevi
         Found 2 known framework references for target framework .NETCoreApp
         Found 5 known runtime packs for target framework .NETCoreApp
         Selected Microsoft.NETCore.App with RIDs 'linux-arm;linux-arm64;linux-musl-arm64;linux-musl-x64;linux-x64;osx-x64;tizen.4.0.0-armel;tizen.5.0.0-armel;win-arm64;win-x64;win-x86;linux-musl-arm;osx-arm64;linux-s390x;linux-loongarch64;linux-bionic-arm;linux-bionic-arm64;linux-bionic-x64;linux-bionic-x86;linux-ppc64le;freebsd-x64;freebsd-arm64'
         Selected targeting pack 'Microsoft.NETCore.App@8.0.22'
         Added runtime framework 'Microsoft.NETCore.App@8.0.0'
         Selected Microsoft.WindowsDesktop.App with RIDs 'win-x64;win-x86;win-arm64'
         Selected targeting pack 'Microsoft.WindowsDesktop.App@8.0.22'
         Added runtime framework 'Microsoft.WindowsDesktop.App@8.0.0'
         Selected Microsoft.WindowsDesktop.App with RIDs 'win-x64;win-x86;win-arm64'
         Selected targeting pack 'Microsoft.WindowsDesktop.App.WPF@8.0.22'
         Added runtime framework 'Microsoft.WindowsDesktop.App@8.0.0'
         Selected Microsoft.WindowsDesktop.App with RIDs 'win-x64;win-x86;win-arm64'
         Selected targeting pack 'Microsoft.WindowsDesktop.App.WindowsForms@8.0.22'
         Added runtime framework 'Microsoft.WindowsDesktop.App@8.0.0'
         Selected Microsoft.AspNetCore.App with RIDs 'win-x64;win-x86;osx-x64;linux-musl-x64;linux-musl-arm64;linux-x64;linux-arm;linux-arm64;linux-musl-arm;win-arm64;osx-arm64;linux-s390x;linux-loongarch64;linux-ppc64le;freebsd-x64;freebsd-arm64'
         Selected targeting pack 'Microsoft.AspNetCore.App@8.0.22'
         Added runtime framework 'Microsoft.AspNetCore.App@8.0.0'
       "ProcessFrameworkReferences" görevini yürütme tamamlandı.
       "C:\Program Files\dotnet\sdk\10.0.101\Sdks\Microsoft.NET.Sdk\targets\..\tools\net10.0\Microsoft.NET.Build.Tasks.dll" derlemesindeki "ResolveAppHosts" görevi kullanılıyor.
       "ResolveAppHosts" görevi
       "ResolveAppHosts" görevini yürütme tamamlandı.
   1:7>"TurkMorph.csproj" projesinde "ProcessFrameworkReferences" hedefini oluşturma tamamlandı.
   1:7>"C:\Users\Atakan\OneDrive\Documents\GitHub\tokenizer-filter-machine\TurkMorph\TurkMorph.csproj" projesinin "C:\Program Files\dotnet\sdk\10.0.101\Sdks\Microsoft.NET.Sdk\targets\Microsoft.NET.ObsoleteReferences.targets" dosyasındaki "_CheckForObsoleteDotNetCliToolReferences" hedefi ("CollectPackageReferences" hedefi buna bağımlı):
   1:7>"TurkMorph.csproj" projesinde "_CheckForObsoleteDotNetCliToolReferences" hedefini oluşturma tamamlandı.
   1:7>"C:\Users\Atakan\OneDrive\Documents\GitHub\tokenizer-filter-machine\TurkMorph\TurkMorph.csproj" projesinin "C:\Program Files\dotnet\sdk\10.0.101\NuGet.targets" dosyasındaki "CollectPackageReferences" hedefi ("_GetRestoreProjectStyle" hedefi buna bağımlı):
       "C:\Program Files\dotnet\sdk\10.0.101\NuGet.Build.Tasks.dll" derlemesindeki "CheckForDuplicateNuGetItemsTask" görevi kullanılıyor.
       "CheckForDuplicateNuGetItemsTask" görevi
       "CheckForDuplicateNuGetItemsTask" görevini yürütme tamamlandı.
   1:7>"TurkMorph.csproj" projesinde "CollectPackageReferences" hedefini oluşturma tamamlandı.
   1:7>"C:\Users\Atakan\OneDrive\Documents\GitHub\tokenizer-filter-machine\TurkMorph\TurkMorph.csproj" projesinin "C:\Program Files\dotnet\sdk\10.0.101\NuGet.targets" dosyasındaki "_GetRestoreProjectStyle" hedefi ("EnableIntermediateOutputPathMismatchWarning" hedefi buna bağımlı):
       "C:\Program Files\dotnet\sdk\10.0.101\NuGet.Build.Tasks.dll" derlemesindeki "GetRestoreProjectStyleTask" görevi kullanılıyor.
       "GetRestoreProjectStyleTask" görevi
       "GetRestoreProjectStyleTask" görevini yürütme tamamlandı.
   1:7>"TurkMorph.csproj" projesinde "_GetRestoreProjectStyle" hedefini oluşturma tamamlandı.
   1:7>"C:\Users\Atakan\OneDrive\Documents\GitHub\tokenizer-filter-machine\TurkMorph\TurkMorph.csproj" projesinin "C:\Program Files\dotnet\sdk\10.0.101\NuGet.targets" dosyasındaki "EnableIntermediateOutputPathMismatchWarning" hedefi ("_CheckForInvalidConfigurationAndPlatform" hedefi buna bağımlı):
   1:7>"TurkMorph.csproj" projesinde "EnableIntermediateOutputPathMismatchWarning" hedefini oluşturma tamamlandı.
       "ApplyImplicitVersions" hedefi atlandı. Önceden başarılı bir şekilde derlenmişti.
       "CheckForImplicitPackageReferenceOverrides" hedefi atlandı. Önceden başarılı bir şekilde derlenmişti.
   1:7>"C:\Users\Atakan\OneDrive\Documents\GitHub\tokenizer-filter-machine\TurkMorph\TurkMorph.csproj" projesinin "C:\Program Files\dotnet\sdk\10.0.101\Sdks\Microsoft.NET.Sdk\targets\Microsoft.NET.Sdk.DefaultItems.Shared.targets" dosyasındaki "CheckForDuplicateItems" hedefi ("_CheckForInvalidConfigurationAndPlatform" hedefi buna bağımlı):
       "C:\Program Files\dotnet\sdk\10.0.101\Sdks\Microsoft.NET.Sdk\targets\..\tools\net10.0\Microsoft.NET.Build.Tasks.dll" derlemesindeki "CheckForDuplicateItems" görevi kullanılıyor.
       "CheckForDuplicateItems" görevi
       "CheckForDuplicateItems" görevini yürütme tamamlandı.
       "CheckForDuplicateItems" görevi
       "CheckForDuplicateItems" görevini yürütme tamamlandı.
       "CheckForDuplicateItems" görevi
       "CheckForDuplicateItems" görevini yürütme tamamlandı.
   1:7>"TurkMorph.csproj" projesinde "CheckForDuplicateItems" hedefini oluşturma tamamlandı.
   1:7>"C:\Users\Atakan\OneDrive\Documents\GitHub\tokenizer-filter-machine\TurkMorph\TurkMorph.csproj" projesinin "C:\Program Files\dotnet\sdk\10.0.101\Sdks\Microsoft.NET.Sdk\targets\Microsoft.NET.Sdk.DefaultItems.targets" dosyasındaki "_CheckForInvalidWindowsDesktopTargetingConfiguration" hedefi ("_CheckForInvalidConfigurationAndPlatform" hedefi buna bağımlı):
   1:7>"TurkMorph.csproj" projesinde "_CheckForInvalidWindowsDesktopTargetingConfiguration" hedefini oluşturma tamamlandı.
       "ProcessFrameworkReferences" hedefi atlandı. Önceden başarılı bir şekilde derlenmişti.
       "CheckForDuplicateItems" hedefi atlandı. Önceden başarılı bir şekilde derlenmişti.
   1:7>"C:\Users\Atakan\OneDrive\Documents\GitHub\tokenizer-filter-machine\TurkMorph\TurkMorph.csproj" projesinin "C:\Program Files\dotnet\sdk\10.0.101\Sdks\Microsoft.NET.Sdk.WindowsDesktop\targets\Microsoft.NET.Sdk.WindowsDesktop.targets" dosyasındaki "CheckForDuplicatePageItems" hedefi ("_CheckForInvalidConfigurationAndPlatform" hedefi buna bağımlı):
       "CheckForDuplicateItems" görevi
       "CheckForDuplicateItems" görevini yürütme tamamlandı.
   1:7>"TurkMorph.csproj" projesinde "CheckForDuplicatePageItems" hedefini oluşturma tamamlandı.
   1:7>"C:\Users\Atakan\OneDrive\Documents\GitHub\tokenizer-filter-machine\TurkMorph\TurkMorph.csproj" projesinin "C:\Program Files\dotnet\sdk\10.0.101\Sdks\Microsoft.NET.Sdk.WindowsDesktop\targets\Microsoft.NET.Sdk.WindowsDesktop.targets" dosyasındaki "_WindowsDesktopFrameworkRequiresUseWpfOrUseWindowsForms" hedefi ("_CheckForInvalidConfigurationAndPlatform" hedefi buna bağımlı):
   1:7>"TurkMorph.csproj" projesinde "_WindowsDesktopFrameworkRequiresUseWpfOrUseWindowsForms" hedefini oluşturma tamamlandı.
   1:7>"C:\Users\Atakan\OneDrive\Documents\GitHub\tokenizer-filter-machine\TurkMorph\TurkMorph.csproj" projesinin "C:\Program Files\dotnet\sdk\10.0.101\Microsoft.Common.CurrentVersion.targets" dosyasındaki "_CheckForInvalidConfigurationAndPlatform" hedefi ("BeforeBuild" hedefi buna bağımlı):
       "Message" görevi
         Configuration=Debug
       "Message" görevini yürütme tamamlandı.
       "Message" görevi
         Platform=AnyCPU
       "Message" görevini yürütme tamamlandı.
   1:7>"TurkMorph.csproj" projesinde "_CheckForInvalidConfigurationAndPlatform" hedefini oluşturma tamamlandı.
   1:7>"C:\Users\Atakan\OneDrive\Documents\GitHub\tokenizer-filter-machine\TurkMorph\TurkMorph.csproj" projesinin "C:\Program Files\dotnet\sdk\10.0.101\Sdks\Microsoft.NET.Sdk\targets\Microsoft.NET.Sdk.targets" dosyasındaki "ValidateCommandLineProperties" hedefi ("BeforeBuild" hedefi buna bağımlı):
   1:7>"TurkMorph.csproj" projesinde "ValidateCommandLineProperties" hedefini oluşturma tamamlandı.
   1:7>"C:\Users\Atakan\OneDrive\Documents\GitHub\tokenizer-filter-machine\TurkMorph\TurkMorph.csproj" projesinin "C:\Program Files\dotnet\sdk\10.0.101\Microsoft.Common.CurrentVersion.targets" dosyasındaki "BeforeBuild" hedefi ("Build" hedefi buna bağımlı):
   1:7>"TurkMorph.csproj" projesinde "BeforeBuild" hedefini oluşturma tamamlandı.
   1:7>"C:\Users\Atakan\OneDrive\Documents\GitHub\tokenizer-filter-machine\TurkMorph\TurkMorph.csproj" projesinin "C:\Program Files\dotnet\sdk\10.0.101\Microsoft.Common.CurrentVersion.targets" dosyasındaki "BuildOnlySettings" hedefi ("CoreBuild" hedefi buna bağımlı):
       C:\Program Files\dotnet\sdk\10.0.101\Microsoft.Common.CurrentVersion.targets(1168,7): message : Özellik yeniden ataması: $(BuildingProject)="true" (önceki değer: "false") konum: C:\Program Files\dotnet\sdk\10.0.101\Microsoft.Common.CurrentVersion.targets (1168,7) [C:\Users\Atakan\OneDrive\Documents\GitHub\tokenizer-filter-machine\TurkMorph\TurkMorph.csproj]
   1:7>"TurkMorph.csproj" projesinde "BuildOnlySettings" hedefini oluşturma tamamlandı.
   1:7>"C:\Users\Atakan\OneDrive\Documents\GitHub\tokenizer-filter-machine\TurkMorph\TurkMorph.csproj" projesinin "C:\Program Files\dotnet\sdk\10.0.101\Sdks\Microsoft.NET.Sdk\targets\Microsoft.NET.DisableStandardFrameworkResolution.targets" dosyasındaki "GetFrameworkPaths" hedefi ("PrepareForBuild" hedefi buna bağımlı):
   1:7>"TurkMorph.csproj" projesinde "GetFrameworkPaths" hedefini oluşturma tamamlandı.
   1:7>"C:\Users\Atakan\OneDrive\Documents\GitHub\tokenizer-filter-machine\TurkMorph\TurkMorph.csproj" projesinin "C:\Program Files\dotnet\sdk\10.0.101\Sdks\Microsoft.NET.Sdk\targets\Microsoft.NET.DisableStandardFrameworkResolution.targets" dosyasındaki "GetReferenceAssemblyPaths" hedefi ("PrepareForBuild" hedefi buna bağımlı):
   1:7>"TurkMorph.csproj" projesinde "GetReferenceAssemblyPaths" hedefini oluşturma tamamlandı.
   1:7>"C:\Users\Atakan\OneDrive\Documents\GitHub\tokenizer-filter-machine\TurkMorph\TurkMorph.csproj" projesinin "C:\Program Files\dotnet\sdk\10.0.101\Microsoft.Common.CurrentVersion.targets" dosyasındaki "PrepareForBuild" hedefi ("CoreBuild" hedefi buna bağımlı):
       "Microsoft.Build.Tasks.Core, Version=15.1.0.0, Culture=neutral, PublicKeyToken=b03f5f7f11d50a3a" derlemesindeki "FindAppConfigFile" görevi kullanılıyor.
       "FindAppConfigFile" görevi
       "FindAppConfigFile" görevini yürütme tamamlandı.
       "Microsoft.Build.Tasks.Core, Version=15.1.0.0, Culture=neutral, PublicKeyToken=b03f5f7f11d50a3a" derlemesindeki "MakeDir" görevi kullanılıyor.
       "MakeDir" görevi
       "MakeDir" görevini yürütme tamamlandı.
   1:7>"TurkMorph.csproj" projesinde "PrepareForBuild" hedefini oluşturma tamamlandı.
   1:7>"C:\Users\Atakan\OneDrive\Documents\GitHub\tokenizer-filter-machine\TurkMorph\TurkMorph.csproj" projesinin "C:\Program Files\dotnet\sdk\10.0.101\Sdks\Microsoft.NET.Sdk\targets\Microsoft.NET.Sdk.BeforeCommon.targets" dosyasındaki "GenerateTargetFrameworkDefineConstants" hedefi ("AddImplicitDefineConstants" hedefi buna bağımlı):
   1:7>"TurkMorph.csproj" projesinde "GenerateTargetFrameworkDefineConstants" hedefini oluşturma tamamlandı.
   1:7>"C:\Users\Atakan\OneDrive\Documents\GitHub\tokenizer-filter-machine\TurkMorph\TurkMorph.csproj" projesinin "C:\Program Files\dotnet\sdk\10.0.101\Sdks\Microsoft.NET.Sdk\targets\Microsoft.NET.Sdk.BeforeCommon.targets" dosyasındaki "GenerateTargetPlatformDefineConstants" hedefi ("AddImplicitDefineConstants" hedefi buna bağımlı):
   1:7>"TurkMorph.csproj" projesinde "GenerateTargetPlatformDefineConstants" hedefini oluşturma tamamlandı.
   1:7>"C:\Users\Atakan\OneDrive\Documents\GitHub\tokenizer-filter-machine\TurkMorph\TurkMorph.csproj" projesinin "C:\Program Files\dotnet\sdk\10.0.101\Sdks\Microsoft.NET.Sdk\targets\Microsoft.NET.Sdk.BeforeCommon.targets" dosyasındaki "GenerateNETCompatibleDefineConstants" hedefi ("AddImplicitDefineConstants" hedefi buna bağımlı):
   1:7>"TurkMorph.csproj" projesinde "GenerateNETCompatibleDefineConstants" hedefini oluşturma tamamlandı.
   1:7>"C:\Users\Atakan\OneDrive\Documents\GitHub\tokenizer-filter-machine\TurkMorph\TurkMorph.csproj" projesinin "C:\Program Files\dotnet\sdk\10.0.101\Sdks\Microsoft.NET.Sdk\targets\Microsoft.NET.Sdk.BeforeCommon.targets" dosyasındaki "GeneratePlatformCompatibleDefineConstants" hedefi ("AddImplicitDefineConstants" hedefi buna bağımlı):
   1:7>"TurkMorph.csproj" projesinde "GeneratePlatformCompatibleDefineConstants" hedefini oluşturma tamamlandı.
   1:7>"C:\Users\Atakan\OneDrive\Documents\GitHub\tokenizer-filter-machine\TurkMorph\TurkMorph.csproj" projesinin "C:\Program Files\dotnet\sdk\10.0.101\Sdks\Microsoft.NET.Sdk\targets\Microsoft.NET.Sdk.BeforeCommon.targets" dosyasındaki "AddImplicitDefineConstants" hedefi ("CoreBuild" hedefi buna bağımlı):
       C:\Program Files\dotnet\sdk\10.0.101\Sdks\Microsoft.NET.Sdk\targets\Microsoft.NET.Sdk.BeforeCommon.targets(295,7): message : Özellik yeniden ataması: $(DefineConstants)="TRACE;DEBUG;NET;NET8_0;NETCOREAPP;WINDOWS;WINDOWS7_0;NET5_0_OR_GREATER;NET6_0_OR_GREATER;NET7_0_OR_GREATER;NET8_0_OR_GREATER;NETCOREAPP3_0_OR_GREATER;NETCOREAPP3_1_OR_GREATER;WİNDOWS7_0_OR_GREATER" (önceki değer: "TRACE;DEBUG") konum: C:\Program Files\dotnet\sdk\10.0.101\Sdks\Microsoft.NET.Sdk\targets\Microsoft.NET.Sdk.BeforeCommon.targets (295,7) [C:\Users\Atakan\OneDrive\Documents\GitHub\tokenizer-filter-machine\TurkMorph\TurkMorph.csproj]
   1:7>"TurkMorph.csproj" projesinde "AddImplicitDefineConstants" hedefini oluşturma tamamlandı.
   1:7>"C:\Users\Atakan\OneDrive\Documents\GitHub\tokenizer-filter-machine\TurkMorph\TurkMorph.csproj" projesinin "C:\Program Files\dotnet\sdk\10.0.101\Sdks\Microsoft.NET.Sdk\targets\Microsoft.NET.GenerateGlobalUsings.targets" dosyasındaki "GenerateGlobalUsings" hedefi ("CoreBuild" hedefi buna bağımlı):
       "C:\Program Files\dotnet\sdk\10.0.101\Sdks\Microsoft.NET.Sdk\targets\..\tools\net10.0\Microsoft.NET.Build.Tasks.dll" derlemesindeki "GenerateGlobalUsings" görevi kullanılıyor.
       "GenerateGlobalUsings" görevi
       "GenerateGlobalUsings" görevini yürütme tamamlandı.
       "Microsoft.Build.Tasks.Core, Version=15.1.0.0, Culture=neutral, PublicKeyToken=b03f5f7f11d50a3a" derlemesindeki "WriteLinesToFile" görevi kullanılıyor.
       "WriteLinesToFile" görevi
         İçerik değişmeyeceğinden "obj\Debug\net8.0-windows\TurkMorph.GlobalUsings.g.cs" dosyası üzerine yazma işlemi atlanacak.
       "WriteLinesToFile" görevini yürütme tamamlandı.
   1:7>"TurkMorph.csproj" projesinde "GenerateGlobalUsings" hedefini oluşturma tamamlandı.
   1:7>"C:\Users\Atakan\OneDrive\Documents\GitHub\tokenizer-filter-machine\TurkMorph\TurkMorph.csproj" projesinin "C:\Program Files\dotnet\sdk\10.0.101\Microsoft.Common.CurrentVersion.targets" dosyasındaki "BeforeResolveReferences" hedefi ("ResolveReferences" hedefi buna bağımlı):
   1:7>"TurkMorph.csproj" projesinde "BeforeResolveReferences" hedefini oluşturma tamamlandı.
   1:7>"C:\Users\Atakan\OneDrive\Documents\GitHub\tokenizer-filter-machine\TurkMorph\TurkMorph.csproj" projesinin "C:\Program Files\dotnet\sdk\10.0.101\Microsoft.Common.CurrentVersion.targets" dosyasındaki "IgnoreJavaScriptOutputAssembly" hedefi ("AssignProjectConfiguration" hedefi buna bağımlı):
   1:7>"TurkMorph.csproj" projesinde "IgnoreJavaScriptOutputAssembly" hedefini oluşturma tamamlandı.
       "ProcessFrameworkReferences" hedefi atlandı. Önceden başarılı bir şekilde derlenmişti.
   1:7>"C:\Users\Atakan\OneDrive\Documents\GitHub\tokenizer-filter-machine\TurkMorph\TurkMorph.csproj" projesinin "C:\Program Files\dotnet\sdk\10.0.101\Sdks\Microsoft.NET.Sdk\targets\Microsoft.NET.Sdk.Shared.targets" dosyasındaki "_DefaultMicrosoftNETPlatformLibrary" hedefi ("ResolvePackageAssets" hedefi buna bağımlı):
   1:7>"TurkMorph.csproj" projesinde "_DefaultMicrosoftNETPlatformLibrary" hedefini oluşturma tamamlandı.
   1:7>"C:\Users\Atakan\OneDrive\Documents\GitHub\tokenizer-filter-machine\TurkMorph\TurkMorph.csproj" projesinin "C:\Program Files\dotnet\sdk\10.0.101\Sdks\Microsoft.NET.Sdk\targets\Microsoft.NET.Sdk.Shared.targets" dosyasındaki "_ComputePackageReferencePublish" hedefi ("ResolvePackageAssets" hedefi buna bağımlı):
   1:7>"TurkMorph.csproj" projesinde "_ComputePackageReferencePublish" hedefini oluşturma tamamlandı.
   1:7>"C:\Users\Atakan\OneDrive\Documents\GitHub\tokenizer-filter-machine\TurkMorph\TurkMorph.csproj" projesinin "C:\Program Files\dotnet\sdk\10.0.101\Sdks\Microsoft.NET.Sdk\targets\Microsoft.PackageDependencyResolution.targets" dosyasındaki "ResolvePackageAssets" hedefi ("ResolveLockFileReferences" hedefi buna bağımlı):
       "C:\Program Files\dotnet\sdk\10.0.101\Sdks\Microsoft.NET.Sdk\targets\..\tools\net10.0\Microsoft.NET.Build.Tasks.dll" derlemesindeki "ResolvePackageAssets" görevi kullanılıyor.
       "ResolvePackageAssets" görevi
   1:7>C:\Users\Atakan\OneDrive\Documents\GitHub\tokenizer-filter-machine\TurkMorph\TurkMorph.csproj : warning NU1603: TurkMorph, DevExpress.Win (>= 23.2.5) öğesine bağlı ancak DevExpress.Win 23.2.5 bulunamadı. Bunun yerine DevExpress.Win 25.1.3 çözümlendi.
   1:7>C:\Users\Atakan\OneDrive\Documents\GitHub\tokenizer-filter-machine\TurkMorph\TurkMorph.csproj : warning NU1603: TurkMorph, DevExpress.Win.Design (>= 23.2.5) öğesine bağlı ancak DevExpress.Win.Design 23.2.5 bulunamadı. Bunun yerine DevExpress.Win.Design 25.1.3 çözümlendi.
       "ResolvePackageAssets" görevini yürütme tamamlandı.
   1:7>"TurkMorph.csproj" projesinde "ResolvePackageAssets" hedefini oluşturma tamamlandı.
   1:7>"C:\Users\Atakan\OneDrive\Documents\GitHub\tokenizer-filter-machine\TurkMorph\TurkMorph.csproj" projesinin "C:\Program Files\dotnet\sdk\10.0.101\Sdks\Microsoft.NET.Sdk\targets\Microsoft.PackageDependencyResolution.targets" dosyasındaki "ResolveLockFileReferences" hedefi ("ResolvePackageDependenciesForBuild" hedefi buna bağımlı):
       "C:\Program Files\dotnet\sdk\10.0.101\Sdks\Microsoft.NET.Sdk\targets\..\tools\net10.0\Microsoft.NET.Build.Tasks.dll" derlemesindeki "JoinItems" görevi kullanılıyor.
       "JoinItems" görevi
       "JoinItems" görevini yürütme tamamlandı.
   1:7>"TurkMorph.csproj" projesinde "ResolveLockFileReferences" hedefini oluşturma tamamlandı.
       "ResolvePackageAssets" hedefi atlandı. Önceden başarılı bir şekilde derlenmişti.
   1:7>"C:\Users\Atakan\OneDrive\Documents\GitHub\tokenizer-filter-machine\TurkMorph\TurkMorph.csproj" projesinin "C:\Program Files\dotnet\sdk\10.0.101\Sdks\Microsoft.NET.Sdk\targets\Microsoft.PackageDependencyResolution.targets" dosyasındaki "ResolveLockFileAnalyzers" hedefi ("ResolvePackageDependenciesForBuild" hedefi buna bağımlı):
   1:7>"TurkMorph.csproj" projesinde "ResolveLockFileAnalyzers" hedefini oluşturma tamamlandı.
       "ResolvePackageAssets" hedefi atlandı. Önceden başarılı bir şekilde derlenmişti.
   1:7>"C:\Users\Atakan\OneDrive\Documents\GitHub\tokenizer-filter-machine\TurkMorph\TurkMorph.csproj" projesinin "C:\Program Files\dotnet\sdk\10.0.101\Sdks\Microsoft.NET.Sdk\targets\Microsoft.PackageDependencyResolution.targets" dosyasındaki "ResolveLockFileCopyLocalFiles" hedefi ("ResolvePackageDependenciesForBuild" hedefi buna bağımlı):
   1:7>"TurkMorph.csproj" projesinde "ResolveLockFileCopyLocalFiles" hedefini oluşturma tamamlandı.
       "ResolvePackageAssets" hedefi atlandı. Önceden başarılı bir şekilde derlenmişti.
   1:7>"C:\Users\Atakan\OneDrive\Documents\GitHub\tokenizer-filter-machine\TurkMorph\TurkMorph.csproj" projesinin "C:\Program Files\dotnet\sdk\10.0.101\Sdks\Microsoft.NET.Sdk\targets\Microsoft.PackageDependencyResolution.targets" dosyasındaki "IncludeTransitiveProjectReferences" hedefi ("ResolvePackageDependenciesForBuild" hedefi buna bağımlı):
   1:7>"TurkMorph.csproj" projesinde "IncludeTransitiveProjectReferences" hedefini oluşturma tamamlandı.
   1:7>"C:\Users\Atakan\OneDrive\Documents\GitHub\tokenizer-filter-machine\TurkMorph\TurkMorph.csproj" projesinin "C:\Program Files\dotnet\sdk\10.0.101\Sdks\Microsoft.NET.Sdk\targets\Microsoft.PackageDependencyResolution.targets" dosyasındaki "ResolvePackageDependenciesForBuild" hedefi ("AssignProjectConfiguration" hedefi buna bağımlı):
   1:7>"TurkMorph.csproj" projesinde "ResolvePackageDependenciesForBuild" hedefini oluşturma tamamlandı.
   1:7>"C:\Users\Atakan\OneDrive\Documents\GitHub\tokenizer-filter-machine\TurkMorph\TurkMorph.csproj" projesinin "C:\Program Files\dotnet\sdk\10.0.101\Microsoft.Common.CurrentVersion.targets" dosyasındaki "_SplitProjectReferencesByFileExistence" hedefi ("PrepareProjectReferences" hedefi buna bağımlı):
   1:7>"TurkMorph.csproj" projesinde "_SplitProjectReferencesByFileExistence" hedefini oluşturma tamamlandı.
   1:7>"C:\Users\Atakan\OneDrive\Documents\GitHub\tokenizer-filter-machine\TurkMorph\TurkMorph.csproj" projesinin "C:\Program Files\dotnet\sdk\10.0.101\Microsoft.Common.CurrentVersion.targets" dosyasındaki "_AddOutputPathToGlobalPropertiesToRemove" hedefi ("_GetProjectReferenceTargetFrameworkProperties" hedefi buna bağımlı):
   1:7>"TurkMorph.csproj" projesinde "_AddOutputPathToGlobalPropertiesToRemove" hedefini oluşturma tamamlandı.
   1:7>"C:\Users\Atakan\OneDrive\Documents\GitHub\tokenizer-filter-machine\TurkMorph\TurkMorph.csproj" projesinin "C:\Program Files\dotnet\sdk\10.0.101\Microsoft.Common.CurrentVersion.targets" dosyasındaki "_GetProjectReferenceTargetFrameworkProperties" hedefi ("PrepareProjectReferences" hedefi buna bağımlı):
       "MSBuild" görevi
       "MSBuild" görevini yürütme tamamlandı.
       "Microsoft.Build.Tasks.Core, Version=15.1.0.0, Culture=neutral, PublicKeyToken=b03f5f7f11d50a3a" derlemesindeki "SetRidAgnosticValueForProjects" görevi kullanılıyor.
       "SetRidAgnosticValueForProjects" görevi
       "SetRidAgnosticValueForProjects" görevini yürütme tamamlandı.
   1:7>"TurkMorph.csproj" projesinde "_GetProjectReferenceTargetFrameworkProperties" hedefini oluşturma tamamlandı.
   1:7>"C:\Users\Atakan\OneDrive\Documents\GitHub\tokenizer-filter-machine\TurkMorph\TurkMorph.csproj" projesinin "C:\Program Files\dotnet\sdk\10.0.101\Sdks\Microsoft.NET.Sdk\targets\Microsoft.NET.Sdk.targets" dosyasındaki "_CalculateIsVSTestTestProject" hedefi ("ValidateExecutableReferences" hedefi buna bağımlı):
   1:7>"TurkMorph.csproj" projesinde "_CalculateIsVSTestTestProject" hedefini oluşturma tamamlandı.
   1:7>"C:\Users\Atakan\OneDrive\Documents\GitHub\tokenizer-filter-machine\TurkMorph\TurkMorph.csproj" projesinin "C:\Program Files\dotnet\sdk\10.0.101\Sdks\Microsoft.NET.Sdk\targets\Microsoft.NET.Sdk.targets" dosyasındaki "ValidateExecutableReferences" hedefi ("PrepareProjectReferences" hedefi buna bağımlı):
       "C:\Program Files\dotnet\sdk\10.0.101\Sdks\Microsoft.NET.Sdk\targets\..\tools\net10.0\Microsoft.NET.Build.Tasks.dll" derlemesindeki "ValidateExecutableReferences" görevi kullanılıyor.
       "ValidateExecutableReferences" görevi
       "ValidateExecutableReferences" görevini yürütme tamamlandı.
   1:7>"TurkMorph.csproj" projesinde "ValidateExecutableReferences" hedefini oluşturma tamamlandı.
   1:7>"C:\Users\Atakan\OneDrive\Documents\GitHub\tokenizer-filter-machine\TurkMorph\TurkMorph.csproj" projesinin "C:\Program Files\dotnet\sdk\10.0.101\Microsoft.Common.CurrentVersion.targets" dosyasındaki "PrepareProjectReferences" hedefi ("ResolveProjectReferences" hedefi buna bağımlı):
   1:7>"TurkMorph.csproj" projesinde "PrepareProjectReferences" hedefini oluşturma tamamlandı.
   1:7>"C:\Users\Atakan\OneDrive\Documents\GitHub\tokenizer-filter-machine\TurkMorph\TurkMorph.csproj" projesinin "C:\Program Files\dotnet\sdk\10.0.101\Microsoft.Common.CurrentVersion.targets" dosyasındaki "ResolveProjectReferences" hedefi ("ResolveReferences" hedefi buna bağımlı):
   1:7>"TurkMorph.csproj" projesinde "ResolveProjectReferences" hedefini oluşturma tamamlandı.
   1:7>"C:\Users\Atakan\OneDrive\Documents\GitHub\tokenizer-filter-machine\TurkMorph\TurkMorph.csproj" projesinin "C:\Program Files\dotnet\sdk\10.0.101\Sdks\Microsoft.NET.Sdk\targets\Microsoft.NET.Windows.targets" dosyasındaki "RemoveManagedWinRTComponentWinMDReferences" hedefi ("ResolveReferences" hedefi buna bağımlı):
   1:7>"TurkMorph.csproj" projesinde "RemoveManagedWinRTComponentWinMDReferences" hedefini oluşturma tamamlandı.
       "ResolveProjectReferences" hedefi atlandı. Önceden başarılı bir şekilde derlenmişti.
       "GetFrameworkPaths" hedefi atlandı. Önceden başarılı bir şekilde derlenmişti.
       "GetReferenceAssemblyPaths" hedefi atlandı. Önceden başarılı bir şekilde derlenmişti.
       "PrepareForBuild" hedefi atlandı. Önceden başarılı bir şekilde derlenmişti.
   1:7>"C:\Users\Atakan\OneDrive\Documents\GitHub\tokenizer-filter-machine\TurkMorph\TurkMorph.csproj" projesinin "C:\Program Files\dotnet\sdk\10.0.101\Microsoft.Common.CurrentVersion.targets" dosyasındaki "ResolveSDKReferences" hedefi ("ResolveAssemblyReferences" hedefi buna bağımlı):
   1:7>"TurkMorph.csproj" projesinde "ResolveSDKReferences" hedefini oluşturma tamamlandı.
       "ResolveSDKReferences" hedefi atlandı. Önceden başarılı bir şekilde derlenmişti.
   1:7>"C:\Users\Atakan\OneDrive\Documents\GitHub\tokenizer-filter-machine\TurkMorph\TurkMorph.csproj" projesinin "C:\Program Files\dotnet\sdk\10.0.101\Microsoft.Common.CurrentVersion.targets" dosyasındaki "ExpandSDKReferences" hedefi ("ResolveAssemblyReferences" hedefi buna bağımlı):
   1:7>"TurkMorph.csproj" projesinde "ExpandSDKReferences" hedefini oluşturma tamamlandı.
       "ResolvePackageDependenciesForBuild" hedefi atlandı. Önceden başarılı bir şekilde derlenmişti.
       "GetFrameworkPaths" hedefi atlandı. Önceden başarılı bir şekilde derlenmişti.
       "GetReferenceAssemblyPaths" hedefi atlandı. Önceden başarılı bir şekilde derlenmişti.
       "ProcessFrameworkReferences" hedefi atlandı. Önceden başarılı bir şekilde derlenmişti.
       "ResolvePackageAssets" hedefi atlandı. Önceden başarılı bir şekilde derlenmişti.
   1:7>"C:\Users\Atakan\OneDrive\Documents\GitHub\tokenizer-filter-machine\TurkMorph\TurkMorph.csproj" projesinin "C:\Program Files\dotnet\sdk\10.0.101\Sdks\Microsoft.NET.Sdk\targets\Microsoft.NET.Sdk.FrameworkReferenceResolution.targets" dosyasındaki "ResolveFrameworkReferences" hedefi ("ResolveTargetingPackAssets" hedefi buna bağımlı):
       "C:\Program Files\dotnet\sdk\10.0.101\Sdks\Microsoft.NET.Sdk\targets\..\tools\net10.0\Microsoft.NET.Build.Tasks.dll" derlemesindeki "GetPackageDirectory" görevi kullanılıyor.
       "GetPackageDirectory" görevi
       "GetPackageDirectory" görevini yürütme tamamlandı.
       "GetPackageDirectory" görevi
       "GetPackageDirectory" görevini yürütme tamamlandı.
       "GetPackageDirectory" görevi
       "GetPackageDirectory" görevini yürütme tamamlandı.
       "GetPackageDirectory" görevi
       "GetPackageDirectory" görevini yürütme tamamlandı.
       "GetPackageDirectory" görevi
       "GetPackageDirectory" görevini yürütme tamamlandı.
       "GetPackageDirectory" görevi
       "GetPackageDirectory" görevini yürütme tamamlandı.
       "GetPackageDirectory" görevi
       "GetPackageDirectory" görevini yürütme tamamlandı.
       "GetPackageDirectory" görevi
       "GetPackageDirectory" görevini yürütme tamamlandı.
       "GetPackageDirectory" görevi
       "GetPackageDirectory" görevini yürütme tamamlandı.
       "GetPackageDirectory" görevi
       "GetPackageDirectory" görevini yürütme tamamlandı.
       "C:\Program Files\dotnet\sdk\10.0.101\Sdks\Microsoft.NET.Sdk\targets\..\tools\net10.0\Microsoft.NET.Build.Tasks.dll" derlemesindeki "ResolveFrameworkReferences" görevi kullanılıyor.
       "ResolveFrameworkReferences" görevi
       "ResolveFrameworkReferences" görevini yürütme tamamlandı.
   1:7>"TurkMorph.csproj" projesinde "ResolveFrameworkReferences" hedefini oluşturma tamamlandı.
   1:7>"C:\Users\Atakan\OneDrive\Documents\GitHub\tokenizer-filter-machine\TurkMorph\TurkMorph.csproj" projesinin "C:\Program Files\dotnet\sdk\10.0.101\Sdks\Microsoft.NET.Sdk\targets\Microsoft.NET.Sdk.FrameworkReferenceResolution.targets" dosyasındaki "ResolveTargetingPackAssets" hedefi ("_HandlePackageFileConflicts" hedefi buna bağımlı):
       "C:\Program Files\dotnet\sdk\10.0.101\Sdks\Microsoft.NET.Sdk\targets\..\tools\net10.0\Microsoft.NET.Build.Tasks.dll" derlemesindeki "ResolveTargetingPackAssets" görevi kullanılıyor.
       "ResolveTargetingPackAssets" görevi
       "ResolveTargetingPackAssets" görevini yürütme tamamlandı.
   1:7>"TurkMorph.csproj" projesinde "ResolveTargetingPackAssets" hedefini oluşturma tamamlandı.
   1:7>"C:\Users\Atakan\OneDrive\Documents\GitHub\tokenizer-filter-machine\TurkMorph\TurkMorph.csproj" projesinin "C:\Program Files\dotnet\sdk\10.0.101\Sdks\Microsoft.NET.Sdk\targets\Microsoft.NET.Sdk.FrameworkReferenceResolution.targets" dosyasındaki "ResolveOffByDefaultAnalyzers" hedefi ("_HandlePackageFileConflicts" hedefi buna bağımlı):
   1:7>"TurkMorph.csproj" projesinde "ResolveOffByDefaultAnalyzers" hedefini oluşturma tamamlandı.
   1:7>"C:\Users\Atakan\OneDrive\Documents\GitHub\tokenizer-filter-machine\TurkMorph\TurkMorph.csproj" projesinin "C:\Program Files\dotnet\sdk\10.0.101\Sdks\Microsoft.NET.Sdk\targets\Microsoft.NET.ConflictResolution.targets" dosyasındaki "_HandlePackageFileConflicts" hedefi ("ResolveAssemblyReferences" hedefi buna bağımlı):
       "C:\Program Files\dotnet\sdk\10.0.101\Sdks\Microsoft.NET.Sdk\targets\..\tools\net10.0\Microsoft.NET.Build.Tasks.dll" derlemesindeki "ResolvePackageFileConflicts" görevi kullanılıyor.
       "ResolvePackageFileConflicts" görevi
         'Reference:C:\Program Files\dotnet\packs\Microsoft.NETCore.App.Ref\8.0.22\ref/net8.0/Microsoft.VisualBasic.dll' ile 'Reference:C:\Program Files\dotnet\packs\Microsoft.WindowsDesktop.App.Ref\8.0.22\ref/net8.0/Microsoft.VisualBasic.dll' arasında çakışmayla karşılaşıldı. '10.1.0.0' AssemblyVersion değeri '10.0.0.0' değerinden büyük olduğundan 'Reference:C:\Program Files\dotnet\packs\Microsoft.WindowsDesktop.App.Ref\8.0.22\ref/net8.0/Microsoft.VisualBasic.dll' seçiliyor.
         'Reference:C:\Users\Atakan\.nuget\packages\microsoft.win32.systemevents\8.0.0\lib\net8.0\Microsoft.Win32.SystemEvents.dll' ile 'Reference:C:\Program Files\dotnet\packs\Microsoft.WindowsDesktop.App.Ref\8.0.22\ref/net8.0/Microsoft.Win32.SystemEvents.dll' arasında çakışmayla karşılaşıldı. '8.0.2225.52707' dosya sürümü '8.0.23.53103' değerinden büyük olduğundan 'Reference:C:\Program Files\dotnet\packs\Microsoft.WindowsDesktop.App.Ref\8.0.22\ref/net8.0/Microsoft.Win32.SystemEvents.dll' seçiliyor.
         'Reference:C:\Users\Atakan\.nuget\packages\system.codedom\4.4.0\ref\netstandard2.0\System.CodeDom.dll' ile 'Reference:C:\Program Files\dotnet\packs\Microsoft.WindowsDesktop.App.Ref\8.0.22\ref/net8.0/System.CodeDom.dll' arasında çakışmayla karşılaşıldı. '8.0.0.0' AssemblyVersion değeri '4.0.0.0' değerinden büyük olduğundan 'Reference:C:\Program Files\dotnet\packs\Microsoft.WindowsDesktop.App.Ref\8.0.22\ref/net8.0/System.CodeDom.dll' seçiliyor.
         'Reference:C:\Users\Atakan\.nuget\packages\system.configuration.configurationmanager\8.0.1\lib\net8.0\System.Configuration.ConfigurationManager.dll' ile 'Reference:C:\Program Files\dotnet\packs\Microsoft.WindowsDesktop.App.Ref\8.0.22\ref/net8.0/System.Configuration.ConfigurationManager.dll' arasında çakışmayla karşılaşıldı. '8.0.2225.52707' dosya sürümü '8.0.1024.46610' değerinden büyük olduğundan 'Reference:C:\Program Files\dotnet\packs\Microsoft.WindowsDesktop.App.Ref\8.0.22\ref/net8.0/System.Configuration.ConfigurationManager.dll' seçiliyor.
         'Reference:C:\Users\Atakan\.nuget\packages\system.diagnostics.eventlog\8.0.1\lib\net8.0\System.Diagnostics.EventLog.dll' ile 'Reference:C:\Program Files\dotnet\packs\Microsoft.WindowsDesktop.App.Ref\8.0.22\ref/net8.0/System.Diagnostics.EventLog.dll' arasında çakışmayla karşılaşıldı. '8.0.2225.52707' dosya sürümü '8.0.1024.46610' değerinden büyük olduğundan 'Reference:C:\Program Files\dotnet\packs\Microsoft.WindowsDesktop.App.Ref\8.0.22\ref/net8.0/System.Diagnostics.EventLog.dll' seçiliyor.
         'Reference:C:\Users\Atakan\.nuget\packages\system.diagnostics.performancecounter\8.0.1\lib\net8.0\System.Diagnostics.PerformanceCounter.dll' ile 'Reference:C:\Program Files\dotnet\packs\Microsoft.WindowsDesktop.App.Ref\8.0.22\ref/net8.0/System.Diagnostics.PerformanceCounter.dll' arasında çakışmayla karşılaşıldı. '8.0.2225.52707' dosya sürümü '8.0.1024.46610' değerinden büyük olduğundan 'Reference:C:\Program Files\dotnet\packs\Microsoft.WindowsDesktop.App.Ref\8.0.22\ref/net8.0/System.Diagnostics.PerformanceCounter.dll' seçiliyor.
         'Reference:C:\Users\Atakan\.nuget\packages\system.drawing.common\8.0.15\lib\net8.0\System.Drawing.Common.dll' ile 'Reference:C:\Program Files\dotnet\packs\Microsoft.WindowsDesktop.App.Ref\8.0.22\ref/net8.0/System.Drawing.Common.dll' arasında çakışmayla karşılaşıldı. '8.0.2225.52802' dosya sürümü '8.0.1525.16501' değerinden büyük olduğundan 'Reference:C:\Program Files\dotnet\packs\Microsoft.WindowsDesktop.App.Ref\8.0.22\ref/net8.0/System.Drawing.Common.dll' seçiliyor.
         'Reference:C:\Program Files\dotnet\packs\Microsoft.NETCore.App.Ref\8.0.22\ref/net8.0/System.Drawing.dll' ile 'Reference:C:\Program Files\dotnet\packs\Microsoft.WindowsDesktop.App.Ref\8.0.22\ref/net8.0/System.Drawing.dll' arasında çakışmayla karşılaşıldı. '8.0.0.0' AssemblyVersion değeri '4.0.0.0' değerinden büyük olduğundan 'Reference:C:\Program Files\dotnet\packs\Microsoft.WindowsDesktop.App.Ref\8.0.22\ref/net8.0/System.Drawing.dll' seçiliyor.
         'Reference:C:\Users\Atakan\.nuget\packages\system.security.cryptography.pkcs\8.0.1\lib\net8.0\System.Security.Cryptography.Pkcs.dll' ile 'Reference:C:\Program Files\dotnet\packs\Microsoft.WindowsDesktop.App.Ref\8.0.22\ref/net8.0/System.Security.Cryptography.Pkcs.dll' arasında çakışmayla karşılaşıldı. '8.0.2225.52707' dosya sürümü '8.0.1024.46610' değerinden büyük olduğundan 'Reference:C:\Program Files\dotnet\packs\Microsoft.WindowsDesktop.App.Ref\8.0.22\ref/net8.0/System.Security.Cryptography.Pkcs.dll' seçiliyor.
         'Reference:C:\Users\Atakan\.nuget\packages\system.security.cryptography.protecteddata\8.0.0\lib\net8.0\System.Security.Cryptography.ProtectedData.dll' ile 'Reference:C:\Program Files\dotnet\packs\Microsoft.WindowsDesktop.App.Ref\8.0.22\ref/net8.0/System.Security.Cryptography.ProtectedData.dll' arasında çakışmayla karşılaşıldı. '8.0.2225.52707' dosya sürümü '8.0.23.53103' değerinden büyük olduğundan 'Reference:C:\Program Files\dotnet\packs\Microsoft.WindowsDesktop.App.Ref\8.0.22\ref/net8.0/System.Security.Cryptography.ProtectedData.dll' seçiliyor.
         'Reference:C:\Users\Atakan\.nuget\packages\system.security.cryptography.xml\8.0.2\lib\net8.0\System.Security.Cryptography.Xml.dll' ile 'Reference:C:\Program Files\dotnet\packs\Microsoft.WindowsDesktop.App.Ref\8.0.22\ref/net8.0/System.Security.Cryptography.Xml.dll' arasında çakışmayla karşılaşıldı. '8.0.2225.52707' dosya sürümü '8.0.1024.46610' değerinden büyük olduğundan 'Reference:C:\Program Files\dotnet\packs\Microsoft.WindowsDesktop.App.Ref\8.0.22\ref/net8.0/System.Security.Cryptography.Xml.dll' seçiliyor.
         'Reference:C:\Program Files\dotnet\packs\Microsoft.NETCore.App.Ref\8.0.22\ref/net8.0/WindowsBase.dll' ile 'Reference:C:\Program Files\dotnet\packs\Microsoft.WindowsDesktop.App.Ref\8.0.22\ref/net8.0/WindowsBase.dll' arasında çakışmayla karşılaşıldı. '8.0.0.0' AssemblyVersion değeri '4.0.0.0' değerinden büyük olduğundan 'Reference:C:\Program Files\dotnet\packs\Microsoft.WindowsDesktop.App.Ref\8.0.22\ref/net8.0/WindowsBase.dll' seçiliyor.
         'Platform:Microsoft.VisualBasic.dll' ile 'Platform:Microsoft.VisualBasic.dll' arasında çakışmayla karşılaşıldı. '10.1.0.0' AssemblyVersion değeri '10.0.0.0' değerinden büyük olduğundan 'Platform:Microsoft.VisualBasic.dll' seçiliyor.
         'Platform:Microsoft.VisualBasic.dll' ile 'Platform:Microsoft.VisualBasic.dll' arasında çakışmayla karşılaşıldı. '10.1.0.0' AssemblyVersion değeri '10.0.0.0' değerinden büyük olduğundan 'Platform:Microsoft.VisualBasic.dll' seçiliyor.
         'Platform:System.Drawing.dll' ile 'Platform:System.Drawing.dll' arasında çakışmayla karşılaşıldı. '8.0.0.0' AssemblyVersion değeri '4.0.0.0' değerinden büyük olduğundan 'Platform:System.Drawing.dll' seçiliyor.
         'Platform:System.Drawing.dll' ile 'Platform:System.Drawing.dll' arasında çakışmayla karşılaşıldı. '8.0.0.0' AssemblyVersion değeri '4.0.0.0' değerinden büyük olduğundan 'Platform:System.Drawing.dll' seçiliyor.
         'Platform:WindowsBase.dll' ile 'Platform:WindowsBase.dll' arasında çakışmayla karşılaşıldı. '8.0.0.0' AssemblyVersion değeri '4.0.0.0' değerinden büyük olduğundan 'Platform:WindowsBase.dll' seçiliyor.
         'Platform:WindowsBase.dll' ile 'Platform:WindowsBase.dll' arasında çakışmayla karşılaşıldı. '8.0.0.0' AssemblyVersion değeri '4.0.0.0' değerinden büyük olduğundan 'Platform:WindowsBase.dll' seçiliyor.
         'Platform:Microsoft.Win32.Registry.dll' ile 'CopyLocal:C:\Users\Atakan\.nuget\packages\microsoft.win32.registry\4.7.0\lib\netstandard2.0\Microsoft.Win32.Registry.dll' arasında çakışmayla karşılaşıldı. '8.0.0.0' AssemblyVersion değeri '4.1.3.0' değerinden büyük olduğundan 'Platform:Microsoft.Win32.Registry.dll' seçiliyor.
         'Platform:Microsoft.Win32.SystemEvents.dll' ile 'CopyLocal:C:\Users\Atakan\.nuget\packages\microsoft.win32.systemevents\8.0.0\lib\net8.0\Microsoft.Win32.SystemEvents.dll' arasında çakışmayla karşılaşıldı. Tercih edilen bir paketten geldiğinden 'Platform:Microsoft.Win32.SystemEvents.dll' seçiliyor.
         'Platform:System.CodeDom.dll' ile 'CopyLocal:C:\Users\Atakan\.nuget\packages\system.codedom\4.4.0\lib\netstandard2.0\System.CodeDom.dll' arasında çakışmayla karşılaşıldı. '8.0.0.0' AssemblyVersion değeri '4.0.0.0' değerinden büyük olduğundan 'Platform:System.CodeDom.dll' seçiliyor.
         'Platform:System.Configuration.ConfigurationManager.dll' ile 'CopyLocal:C:\Users\Atakan\.nuget\packages\system.configuration.configurationmanager\8.0.1\lib\net8.0\System.Configuration.ConfigurationManager.dll' arasında çakışmayla karşılaşıldı. '8.0.1024.46610' dosya sürümü '8.0.23.53103' değerinden büyük olduğundan 'CopyLocal:C:\Users\Atakan\.nuget\packages\system.configuration.configurationmanager\8.0.1\lib\net8.0\System.Configuration.ConfigurationManager.dll' seçiliyor.
         'Platform:System.Diagnostics.EventLog.dll' ile 'CopyLocal:C:\Users\Atakan\.nuget\packages\system.diagnostics.eventlog\8.0.1\lib\net8.0\System.Diagnostics.EventLog.dll' arasında çakışmayla karşılaşıldı. '8.0.1024.46610' dosya sürümü '8.0.23.53103' değerinden büyük olduğundan 'CopyLocal:C:\Users\Atakan\.nuget\packages\system.diagnostics.eventlog\8.0.1\lib\net8.0\System.Diagnostics.EventLog.dll' seçiliyor.
         'Platform:System.Diagnostics.PerformanceCounter.dll' ile 'CopyLocal:C:\Users\Atakan\.nuget\packages\system.diagnostics.performancecounter\8.0.1\lib\net8.0\System.Diagnostics.PerformanceCounter.dll' arasında çakışmayla karşılaşıldı. '8.0.1024.46610' dosya sürümü '8.0.23.53103' değerinden büyük olduğundan 'CopyLocal:C:\Users\Atakan\.nuget\packages\system.diagnostics.performancecounter\8.0.1\lib\net8.0\System.Diagnostics.PerformanceCounter.dll' seçiliyor.
         'Platform:System.Drawing.Common.dll' ile 'CopyLocal:C:\Users\Atakan\.nuget\packages\system.drawing.common\8.0.15\lib\net8.0\System.Drawing.Common.dll' arasında çakışmayla karşılaşıldı. '8.0.1525.16501' dosya sürümü '8.0.23.53105' değerinden büyük olduğundan 'CopyLocal:C:\Users\Atakan\.nuget\packages\system.drawing.common\8.0.15\lib\net8.0\System.Drawing.Common.dll' seçiliyor.
         'Platform:System.Security.AccessControl.dll' ile 'CopyLocal:C:\Users\Atakan\.nuget\packages\system.security.accesscontrol\4.7.0\lib\netstandard2.0\System.Security.AccessControl.dll' arasında çakışmayla karşılaşıldı. '8.0.0.0' AssemblyVersion değeri '4.1.3.0' değerinden büyük olduğundan 'Platform:System.Security.AccessControl.dll' seçiliyor.
         'Platform:System.Security.Cryptography.Pkcs.dll' ile 'CopyLocal:C:\Users\Atakan\.nuget\packages\system.security.cryptography.pkcs\8.0.1\lib\net8.0\System.Security.Cryptography.Pkcs.dll' arasında çakışmayla karşılaşıldı. '8.0.1024.46610' dosya sürümü '8.0.23.53103' değerinden büyük olduğundan 'CopyLocal:C:\Users\Atakan\.nuget\packages\system.security.cryptography.pkcs\8.0.1\lib\net8.0\System.Security.Cryptography.Pkcs.dll' seçiliyor.
         'Platform:System.Security.Cryptography.ProtectedData.dll' ile 'CopyLocal:C:\Users\Atakan\.nuget\packages\system.security.cryptography.protecteddata\8.0.0\lib\net8.0\System.Security.Cryptography.ProtectedData.dll' arasında çakışmayla karşılaşıldı. Tercih edilen bir paketten geldiğinden 'Platform:System.Security.Cryptography.ProtectedData.dll' seçiliyor.
         'Platform:System.Security.Cryptography.Xml.dll' ile 'CopyLocal:C:\Users\Atakan\.nuget\packages\system.security.cryptography.xml\8.0.2\lib\net8.0\System.Security.Cryptography.Xml.dll' arasında çakışmayla karşılaşıldı. '8.0.1024.46610' dosya sürümü '8.0.23.53103' değerinden büyük olduğundan 'CopyLocal:C:\Users\Atakan\.nuget\packages\system.security.cryptography.xml\8.0.2\lib\net8.0\System.Security.Cryptography.Xml.dll' seçiliyor.
         'Platform:System.Security.Principal.Windows.dll' ile 'CopyLocal:C:\Users\Atakan\.nuget\packages\system.security.principal.windows\4.7.0\lib\netstandard2.0\System.Security.Principal.Windows.dll' arasında çakışmayla karşılaşıldı. '8.0.0.0' AssemblyVersion değeri '4.1.3.0' değerinden büyük olduğundan 'Platform:System.Security.Principal.Windows.dll' seçiliyor.
         'Platform:Microsoft.Win32.Registry.dll' ile 'CopyLocal:C:\Users\Atakan\.nuget\packages\microsoft.win32.registry\4.7.0\runtimes\unix\lib\netstandard2.0\Microsoft.Win32.Registry.dll' arasında çakışmayla karşılaşıldı. '8.0.0.0' AssemblyVersion değeri '4.1.3.0' değerinden büyük olduğundan 'Platform:Microsoft.Win32.Registry.dll' seçiliyor.
         'Platform:Microsoft.Win32.Registry.dll' ile 'CopyLocal:C:\Users\Atakan\.nuget\packages\microsoft.win32.registry\4.7.0\runtimes\win\lib\netstandard2.0\Microsoft.Win32.Registry.dll' arasında çakışmayla karşılaşıldı. '8.0.0.0' AssemblyVersion değeri '4.1.3.0' değerinden büyük olduğundan 'Platform:Microsoft.Win32.Registry.dll' seçiliyor.
         'Platform:Microsoft.Win32.SystemEvents.dll' ile 'CopyLocal:C:\Users\Atakan\.nuget\packages\microsoft.win32.systemevents\8.0.0\runtimes\win\lib\net8.0\Microsoft.Win32.SystemEvents.dll' arasında çakışmayla karşılaşıldı. Tercih edilen bir paketten geldiğinden 'Platform:Microsoft.Win32.SystemEvents.dll' seçiliyor.
         'Platform:System.Diagnostics.EventLog.Messages.dll' ile 'CopyLocal:C:\Users\Atakan\.nuget\packages\system.diagnostics.eventlog\8.0.1\runtimes\win\lib\net8.0\System.Diagnostics.EventLog.Messages.dll' arasında çakışmayla karşılaşıldı. Tercih edilen bir paketten geldiğinden 'Platform:System.Diagnostics.EventLog.Messages.dll' seçiliyor.
         'Platform:System.Security.AccessControl.dll' ile 'CopyLocal:C:\Users\Atakan\.nuget\packages\system.security.accesscontrol\4.7.0\runtimes\win\lib\netcoreapp2.0\System.Security.AccessControl.dll' arasında çakışmayla karşılaşıldı. '8.0.0.0' AssemblyVersion değeri '4.1.3.0' değerinden büyük olduğundan 'Platform:System.Security.AccessControl.dll' seçiliyor.
         'Platform:System.Security.Principal.Windows.dll' ile 'CopyLocal:C:\Users\Atakan\.nuget\packages\system.security.principal.windows\4.7.0\runtimes\unix\lib\netcoreapp2.1\System.Security.Principal.Windows.dll' arasında çakışmayla karşılaşıldı. '8.0.0.0' AssemblyVersion değeri '4.1.3.0' değerinden büyük olduğundan 'Platform:System.Security.Principal.Windows.dll' seçiliyor.
         'Platform:System.Security.Principal.Windows.dll' ile 'CopyLocal:C:\Users\Atakan\.nuget\packages\system.security.principal.windows\4.7.0\runtimes\win\lib\netcoreapp2.1\System.Security.Principal.Windows.dll' arasında çakışmayla karşılaşıldı. '8.0.0.0' AssemblyVersion değeri '4.1.3.0' değerinden büyük olduğundan 'Platform:System.Security.Principal.Windows.dll' seçiliyor.
         'Platform:mscorlib.dll' ile 'Platform:mscorlib.dll' arasında çakışmayla karşılaşıldı. Eşit dosya ve bütünleştirilmiş kod sürümleri nedeniyle kazanan belirlenemedi.
         'Platform:System.dll' ile 'Platform:System.dll' arasında çakışmayla karşılaşıldı. Eşit dosya ve bütünleştirilmiş kod sürümleri nedeniyle kazanan belirlenemedi.
         'Platform:System.ComponentModel.DataAnnotations.dll' ile 'Platform:System.ComponentModel.DataAnnotations.dll' arasında çakışmayla karşılaşıldı. Eşit dosya ve bütünleştirilmiş kod sürümleri nedeniyle kazanan belirlenemedi.
         'Platform:System.Configuration.dll' ile 'Platform:System.Configuration.dll' arasında çakışmayla karşılaşıldı. Eşit dosya ve bütünleştirilmiş kod sürümleri nedeniyle kazanan belirlenemedi.
         'Platform:System.Core.dll' ile 'Platform:System.Core.dll' arasında çakışmayla karşılaşıldı. Eşit dosya ve bütünleştirilmiş kod sürümleri nedeniyle kazanan belirlenemedi.
         'Platform:System.Data.dll' ile 'Platform:System.Data.dll' arasında çakışmayla karşılaşıldı. Eşit dosya ve bütünleştirilmiş kod sürümleri nedeniyle kazanan belirlenemedi.
         'Platform:System.IO.Compression.FileSystem.dll' ile 'Platform:System.IO.Compression.FileSystem.dll' arasında çakışmayla karşılaşıldı. Eşit dosya ve bütünleştirilmiş kod sürümleri nedeniyle kazanan belirlenemedi.
         'Platform:System.Net.dll' ile 'Platform:System.Net.dll' arasında çakışmayla karşılaşıldı. Eşit dosya ve bütünleştirilmiş kod sürümleri nedeniyle kazanan belirlenemedi.
         'Platform:System.Numerics.dll' ile 'Platform:System.Numerics.dll' arasında çakışmayla karşılaşıldı. Eşit dosya ve bütünleştirilmiş kod sürümleri nedeniyle kazanan belirlenemedi.
         'Platform:System.Runtime.Serialization.dll' ile 'Platform:System.Runtime.Serialization.dll' arasında çakışmayla karşılaşıldı. Eşit dosya ve bütünleştirilmiş kod sürümleri nedeniyle kazanan belirlenemedi.
         'Platform:System.Security.dll' ile 'Platform:System.Security.dll' arasında çakışmayla karşılaşıldı. Eşit dosya ve bütünleştirilmiş kod sürümleri nedeniyle kazanan belirlenemedi.
         'Platform:System.ServiceProcess.dll' ile 'Platform:System.ServiceProcess.dll' arasında çakışmayla karşılaşıldı. Eşit dosya ve bütünleştirilmiş kod sürümleri nedeniyle kazanan belirlenemedi.
         'Platform:System.ServiceModel.Web.dll' ile 'Platform:System.ServiceModel.Web.dll' arasında çakışmayla karşılaşıldı. Eşit dosya ve bütünleştirilmiş kod sürümleri nedeniyle kazanan belirlenemedi.
         'Platform:System.Transactions.dll' ile 'Platform:System.Transactions.dll' arasında çakışmayla karşılaşıldı. Eşit dosya ve bütünleştirilmiş kod sürümleri nedeniyle kazanan belirlenemedi.
         'Platform:System.Web.dll' ile 'Platform:System.Web.dll' arasında çakışmayla karşılaşıldı. Eşit dosya ve bütünleştirilmiş kod sürümleri nedeniyle kazanan belirlenemedi.
         'Platform:System.Windows.dll' ile 'Platform:System.Windows.dll' arasında çakışmayla karşılaşıldı. Eşit dosya ve bütünleştirilmiş kod sürümleri nedeniyle kazanan belirlenemedi.
         'Platform:System.Xml.dll' ile 'Platform:System.Xml.dll' arasında çakışmayla karşılaşıldı. Eşit dosya ve bütünleştirilmiş kod sürümleri nedeniyle kazanan belirlenemedi.
         'Platform:System.Xml.Serialization.dll' ile 'Platform:System.Xml.Serialization.dll' arasında çakışmayla karşılaşıldı. Eşit dosya ve bütünleştirilmiş kod sürümleri nedeniyle kazanan belirlenemedi.
         'Platform:System.Xml.Linq.dll' ile 'Platform:System.Xml.Linq.dll' arasında çakışmayla karşılaşıldı. Eşit dosya ve bütünleştirilmiş kod sürümleri nedeniyle kazanan belirlenemedi.
         'Platform:netstandard.dll' ile 'Platform:netstandard.dll' arasında çakışmayla karşılaşıldı. Eşit dosya ve bütünleştirilmiş kod sürümleri nedeniyle kazanan belirlenemedi.
         'Platform:System.Private.CoreLib.dll' ile 'Platform:System.Private.CoreLib.dll' arasında çakışmayla karşılaşıldı. Eşit dosya ve bütünleştirilmiş kod sürümleri nedeniyle kazanan belirlenemedi.
         'Platform:System.Private.DataContractSerialization.dll' ile 'Platform:System.Private.DataContractSerialization.dll' arasında çakışmayla karşılaşıldı. Eşit dosya ve bütünleştirilmiş kod sürümleri nedeniyle kazanan belirlenemedi.
         'Platform:System.Private.Uri.dll' ile 'Platform:System.Private.Uri.dll' arasında çakışmayla karşılaşıldı. Eşit dosya ve bütünleştirilmiş kod sürümleri nedeniyle kazanan belirlenemedi.
         'Platform:System.Private.Xml.dll' ile 'Platform:System.Private.Xml.dll' arasında çakışmayla karşılaşıldı. Eşit dosya ve bütünleştirilmiş kod sürümleri nedeniyle kazanan belirlenemedi.
         'Platform:System.Private.Xml.Linq.dll' ile 'Platform:System.Private.Xml.Linq.dll' arasında çakışmayla karşılaşıldı. Eşit dosya ve bütünleştirilmiş kod sürümleri nedeniyle kazanan belirlenemedi.
         'Platform:mscordaccore_amd64_amd64_8.0.2225.52707.dll' ile 'Platform:mscordaccore_amd64_amd64_8.0.2225.52707.dll' arasında çakışmayla karşılaşıldı. Eşit dosya ve bütünleştirilmiş kod sürümleri nedeniyle kazanan belirlenemedi.
       "ResolvePackageFileConflicts" görevini yürütme tamamlandı.
   1:7>"TurkMorph.csproj" projesinde "_HandlePackageFileConflicts" hedefini oluşturma tamamlandı.
       "ResolveTargetingPackAssets" hedefi atlandı. Önceden başarılı bir şekilde derlenmişti.
   1:7>"C:\Users\Atakan\OneDrive\Documents\GitHub\tokenizer-filter-machine\TurkMorph\TurkMorph.csproj" projesinin "C:\Program Files\dotnet\sdk\10.0.101\Microsoft.Common.CurrentVersion.targets" dosyasındaki "ResolveAssemblyReferences" hedefi ("ResolveReferences" hedefi buna bağımlı):
       "Microsoft.Build.Tasks.Core, Version=15.1.0.0, Culture=neutral, PublicKeyToken=b03f5f7f11d50a3a" derlemesindeki "ResolveAssemblyReference" görevi kullanılıyor.
       "ResolveAssemblyReference" görevi
         TargetFrameworkMoniker:
             .NETCoreApp,Version=v8.0
         TargetFrameworkMonikerDisplayName:
             .NET 8.0
         TargetedRuntimeVersion:
             
         Assemblies:
             C:\Users\Atakan\.nuget\packages\dapper\2.1.28\lib\net7.0\Dapper.dll
                 Private = 'false'
                 HintPath = 'C:\Users\Atakan\.nuget\packages\dapper\2.1.28\lib\net7.0\Dapper.dll'
             C:\Users\Atakan\.nuget\packages\devexpress.charts\25.1.3\lib\net8.0\DevExpress.XtraCharts.v25.1.dll
                 Private = 'false'
                 HintPath = 'C:\Users\Atakan\.nuget\packages\devexpress.charts\25.1.3\lib\net8.0\DevExpress.XtraCharts.v25.1.dll'
             C:\Users\Atakan\.nuget\packages\devexpress.charts.core\25.1.3\lib\net8.0\DevExpress.Charts.v25.1.Core.dll
                 Private = 'false'
                 HintPath = 'C:\Users\Atakan\.nuget\packages\devexpress.charts.core\25.1.3\lib\net8.0\DevExpress.Charts.v25.1.Core.dll'
             C:\Users\Atakan\.nuget\packages\devexpress.codeparser\25.1.3\lib\net8.0\DevExpress.CodeParser.v25.1.dll
                 Private = 'false'
                 HintPath = 'C:\Users\Atakan\.nuget\packages\devexpress.codeparser\25.1.3\lib\net8.0\DevExpress.CodeParser.v25.1.dll'
             C:\Users\Atakan\.nuget\packages\devexpress.data\25.1.3\lib\net8.0\DevExpress.Data.v25.1.dll
                 Private = 'false'
                 HintPath = 'C:\Users\Atakan\.nuget\packages\devexpress.data\25.1.3\lib\net8.0\DevExpress.Data.v25.1.dll'
             C:\Users\Atakan\.nuget\packages\devexpress.data.desktop\25.1.3\lib\net8.0-windows\DevExpress.Data.Desktop.v25.1.dll
                 Private = 'false'
                 HintPath = 'C:\Users\Atakan\.nuget\packages\devexpress.data.desktop\25.1.3\lib\net8.0-windows\DevExpress.Data.Desktop.v25.1.dll'
             C:\Users\Atakan\.nuget\packages\devexpress.dataaccess\25.1.3\lib\net8.0\DevExpress.DataAccess.v25.1.dll
                 Private = 'false'
                 HintPath = 'C:\Users\Atakan\.nuget\packages\devexpress.dataaccess\25.1.3\lib\net8.0\DevExpress.DataAccess.v25.1.dll'
             C:\Users\Atakan\.nuget\packages\devexpress.dataaccess.ui\25.1.3\lib\net8.0-windows\DevExpress.DataAccess.v25.1.UI.dll
                 Private = 'false'
                 HintPath = 'C:\Users\Atakan\.nuget\packages\devexpress.dataaccess.ui\25.1.3\lib\net8.0-windows\DevExpress.DataAccess.v25.1.UI.dll'
             C:\Users\Atakan\.nuget\packages\devexpress.datavisualization.core\25.1.3\lib\net8.0\DevExpress.DataVisualization.v25.1.Core.dll
                 Private = 'false'
                 HintPath = 'C:\Users\Atakan\.nuget\packages\devexpress.datavisualization.core\25.1.3\lib\net8.0\DevExpress.DataVisualization.v25.1.Core.dll'
             C:\Users\Atakan\.nuget\packages\devexpress.diagram.core\25.1.3\lib\net8.0-windows\DevExpress.Diagram.v25.1.Core.dll
                 Private = 'false'
                 HintPath = 'C:\Users\Atakan\.nuget\packages\devexpress.diagram.core\25.1.3\lib\net8.0-windows\DevExpress.Diagram.v25.1.Core.dll'
             C:\Users\Atakan\.nuget\packages\devexpress.drawing\25.1.3\lib\net8.0\DevExpress.Drawing.v25.1.dll
                 Private = 'false'
                 HintPath = 'C:\Users\Atakan\.nuget\packages\devexpress.drawing\25.1.3\lib\net8.0\DevExpress.Drawing.v25.1.dll'
             C:\Users\Atakan\.nuget\packages\devexpress.gauges.core\25.1.3\lib\net8.0\DevExpress.XtraGauges.v25.1.Core.dll
                 Private = 'false'
                 HintPath = 'C:\Users\Atakan\.nuget\packages\devexpress.gauges.core\25.1.3\lib\net8.0\DevExpress.XtraGauges.v25.1.Core.dll'
             C:\Users\Atakan\.nuget\packages\devexpress.images\25.1.3\lib\net8.0\DevExpress.Images.v25.1.dll
                 Private = 'false'
                 HintPath = 'C:\Users\Atakan\.nuget\packages\devexpress.images\25.1.3\lib\net8.0\DevExpress.Images.v25.1.dll'
             C:\Users\Atakan\.nuget\packages\devexpress.map.core\25.1.3\lib\net8.0\DevExpress.Map.v25.1.Core.dll
                 Private = 'false'
                 HintPath = 'C:\Users\Atakan\.nuget\packages\devexpress.map.core\25.1.3\lib\net8.0\DevExpress.Map.v25.1.Core.dll'
             C:\Users\Atakan\.nuget\packages\devexpress.mvvm\25.1.3\lib\net8.0-windows\DevExpress.Mvvm.v25.1.dll
                 Private = 'false'
                 HintPath = 'C:\Users\Atakan\.nuget\packages\devexpress.mvvm\25.1.3\lib\net8.0-windows\DevExpress.Mvvm.v25.1.dll'
             C:\Users\Atakan\.nuget\packages\devexpress.office.core\25.1.3\lib\net8.0\DevExpress.Office.v25.1.Core.dll
                 Private = 'false'
                 HintPath = 'C:\Users\Atakan\.nuget\packages\devexpress.office.core\25.1.3\lib\net8.0\DevExpress.Office.v25.1.Core.dll'
             C:\Users\Atakan\.nuget\packages\devexpress.pdf.core\25.1.3\lib\net8.0\DevExpress.Pdf.v25.1.Core.dll
                 Private = 'false'
                 HintPath = 'C:\Users\Atakan\.nuget\packages\devexpress.pdf.core\25.1.3\lib\net8.0\DevExpress.Pdf.v25.1.Core.dll'
             C:\Users\Atakan\.nuget\packages\devexpress.pdf.drawing\25.1.3\lib\net8.0\DevExpress.Pdf.v25.1.Drawing.dll
                 Private = 'false'
                 HintPath = 'C:\Users\Atakan\.nuget\packages\devexpress.pdf.drawing\25.1.3\lib\net8.0\DevExpress.Pdf.v25.1.Drawing.dll'
             C:\Users\Atakan\.nuget\packages\devexpress.pivotgrid.core\25.1.3\lib\net8.0\DevExpress.PivotGrid.v25.1.Core.dll
                 Private = 'false'
                 HintPath = 'C:\Users\Atakan\.nuget\packages\devexpress.pivotgrid.core\25.1.3\lib\net8.0\DevExpress.PivotGrid.v25.1.Core.dll'
             C:\Users\Atakan\.nuget\packages\devexpress.printing.core\25.1.3\lib\net8.0\DevExpress.Printing.v25.1.Core.dll
                 Private = 'false'
                 HintPath = 'C:\Users\Atakan\.nuget\packages\devexpress.printing.core\25.1.3\lib\net8.0\DevExpress.Printing.v25.1.Core.dll'
             C:\Users\Atakan\.nuget\packages\devexpress.reporting.core\25.1.3\lib\net8.0\DevExpress.XtraReports.v25.1.dll
                 Private = 'false'
                 HintPath = 'C:\Users\Atakan\.nuget\packages\devexpress.reporting.core\25.1.3\lib\net8.0\DevExpress.XtraReports.v25.1.dll'
             C:\Users\Atakan\.nuget\packages\devexpress.richedit.core\25.1.3\lib\net8.0\DevExpress.RichEdit.v25.1.Core.dll
                 Private = 'false'
                 HintPath = 'C:\Users\Atakan\.nuget\packages\devexpress.richedit.core\25.1.3\lib\net8.0\DevExpress.RichEdit.v25.1.Core.dll'
             C:\Users\Atakan\.nuget\packages\devexpress.richedit.export\25.1.3\lib\net8.0\DevExpress.RichEdit.v25.1.Export.dll
                 Private = 'false'
                 HintPath = 'C:\Users\Atakan\.nuget\packages\devexpress.richedit.export\25.1.3\lib\net8.0\DevExpress.RichEdit.v25.1.Export.dll'
             C:\Users\Atakan\.nuget\packages\devexpress.scheduler.core\25.1.3\lib\net8.0\DevExpress.XtraScheduler.v25.1.Core.dll
                 Private = 'false'
                 HintPath = 'C:\Users\Atakan\.nuget\packages\devexpress.scheduler.core\25.1.3\lib\net8.0\DevExpress.XtraScheduler.v25.1.Core.dll'
             C:\Users\Atakan\.nuget\packages\devexpress.scheduler.coredesktop\25.1.3\lib\net8.0-windows\DevExpress.XtraScheduler.v25.1.Core.Desktop.dll
                 Private = 'false'
                 HintPath = 'C:\Users\Atakan\.nuget\packages\devexpress.scheduler.coredesktop\25.1.3\lib\net8.0-windows\DevExpress.XtraScheduler.v25.1.Core.Desktop.dll'
             C:\Users\Atakan\.nuget\packages\devexpress.sparkline.core\25.1.3\lib\net8.0\DevExpress.Sparkline.v25.1.Core.dll
                 Private = 'false'
                 HintPath = 'C:\Users\Atakan\.nuget\packages\devexpress.sparkline.core\25.1.3\lib\net8.0\DevExpress.Sparkline.v25.1.Core.dll'
             C:\Users\Atakan\.nuget\packages\devexpress.spellchecker.core\25.1.3\lib\net8.0\DevExpress.SpellChecker.v25.1.Core.dll
                 Private = 'false'
                 HintPath = 'C:\Users\Atakan\.nuget\packages\devexpress.spellchecker.core\25.1.3\lib\net8.0\DevExpress.SpellChecker.v25.1.Core.dll'
             C:\Users\Atakan\.nuget\packages\devexpress.spreadsheet.core\25.1.3\lib\net8.0\DevExpress.Spreadsheet.v25.1.Core.dll
                 Private = 'false'
                 HintPath = 'C:\Users\Atakan\.nuget\packages\devexpress.spreadsheet.core\25.1.3\lib\net8.0\DevExpress.Spreadsheet.v25.1.Core.dll'
             C:\Users\Atakan\.nuget\packages\devexpress.treemap\25.1.3\lib\net8.0\DevExpress.XtraTreeMap.v25.1.dll
                 Private = 'false'
                 HintPath = 'C:\Users\Atakan\.nuget\packages\devexpress.treemap\25.1.3\lib\net8.0\DevExpress.XtraTreeMap.v25.1.dll'
             C:\Users\Atakan\.nuget\packages\devexpress.treemap.core\25.1.3\lib\net8.0\DevExpress.TreeMap.v25.1.Core.dll
                 Private = 'false'
                 HintPath = 'C:\Users\Atakan\.nuget\packages\devexpress.treemap.core\25.1.3\lib\net8.0\DevExpress.TreeMap.v25.1.Core.dll'
             C:\Users\Atakan\.nuget\packages\devexpress.utils\25.1.3\lib\net8.0-windows\DevExpress.Utils.v25.1.dll
                 Private = 'false'
                 HintPath = 'C:\Users\Atakan\.nuget\packages\devexpress.utils\25.1.3\lib\net8.0-windows\DevExpress.Utils.v25.1.dll'
             C:\Users\Atakan\.nuget\packages\devexpress.utils.ui\25.1.3\lib\net8.0-windows\DevExpress.Utils.v25.1.UI.dll
                 Private = 'false'
                 HintPath = 'C:\Users\Atakan\.nuget\packages\devexpress.utils.ui\25.1.3\lib\net8.0-windows\DevExpress.Utils.v25.1.UI.dll'
             C:\Users\Atakan\.nuget\packages\devexpress.win\25.1.3\lib\net8.0-windows\DevExpress.XtraNavBar.v25.1.dll
                 Private = 'false'
                 HintPath = 'C:\Users\Atakan\.nuget\packages\devexpress.win\25.1.3\lib\net8.0-windows\DevExpress.XtraNavBar.v25.1.dll'
             C:\Users\Atakan\.nuget\packages\devexpress.win\25.1.3\lib\net8.0-windows\DevExpress.XtraWizard.v25.1.dll
                 Private = 'false'
                 HintPath = 'C:\Users\Atakan\.nuget\packages\devexpress.win\25.1.3\lib\net8.0-windows\DevExpress.XtraWizard.v25.1.dll'
             C:\Users\Atakan\.nuget\packages\devexpress.win.charts\25.1.3\lib\net8.0-windows\DevExpress.XtraCharts.v25.1.Extensions.dll
                 Private = 'false'
                 HintPath = 'C:\Users\Atakan\.nuget\packages\devexpress.win.charts\25.1.3\lib\net8.0-windows\DevExpress.XtraCharts.v25.1.Extensions.dll'
             C:\Users\Atakan\.nuget\packages\devexpress.win.charts\25.1.3\lib\net8.0-windows\DevExpress.XtraCharts.v25.1.UI.dll
                 Private = 'false'
                 HintPath = 'C:\Users\Atakan\.nuget\packages\devexpress.win.charts\25.1.3\lib\net8.0-windows\DevExpress.XtraCharts.v25.1.UI.dll'
             C:\Users\Atakan\.nuget\packages\devexpress.win.charts\25.1.3\lib\net8.0-windows\DevExpress.XtraCharts.v25.1.Wizard.dll
                 Private = 'false'
                 HintPath = 'C:\Users\Atakan\.nuget\packages\devexpress.win.charts\25.1.3\lib\net8.0-windows\DevExpress.XtraCharts.v25.1.Wizard.dll'
             C:\Users\Atakan\.nuget\packages\devexpress.win.diagram\25.1.3\lib\net8.0-windows\DevExpress.XtraDiagram.v25.1.dll
                 Private = 'false'
                 HintPath = 'C:\Users\Atakan\.nuget\packages\devexpress.win.diagram\25.1.3\lib\net8.0-windows\DevExpress.XtraDiagram.v25.1.dll'
             C:\Users\Atakan\.nuget\packages\devexpress.win.dialogs\25.1.3\lib\net8.0-windows\DevExpress.XtraDialogs.v25.1.dll
                 Private = 'false'
                 HintPath = 'C:\Users\Atakan\.nuget\packages\devexpress.win.dialogs\25.1.3\lib\net8.0-windows\DevExpress.XtraDialogs.v25.1.dll'
             C:\Users\Atakan\.nuget\packages\devexpress.win.dialogs.core\25.1.3\lib\net8.0-windows\DevExpress.Dialogs.v25.1.Core.dll
                 Private = 'false'
                 HintPath = 'C:\Users\Atakan\.nuget\packages\devexpress.win.dialogs.core\25.1.3\lib\net8.0-windows\DevExpress.Dialogs.v25.1.Core.dll'
             C:\Users\Atakan\.nuget\packages\devexpress.win.gantt\25.1.3\lib\net8.0-windows\DevExpress.XtraGantt.v25.1.dll
                 Private = 'false'
                 HintPath = 'C:\Users\Atakan\.nuget\packages\devexpress.win.gantt\25.1.3\lib\net8.0-windows\DevExpress.XtraGantt.v25.1.dll'
             C:\Users\Atakan\.nuget\packages\devexpress.win.gauges\25.1.3\lib\net8.0-windows\DevExpress.XtraGauges.v25.1.Presets.dll
                 Private = 'false'
                 HintPath = 'C:\Users\Atakan\.nuget\packages\devexpress.win.gauges\25.1.3\lib\net8.0-windows\DevExpress.XtraGauges.v25.1.Presets.dll'
             C:\Users\Atakan\.nuget\packages\devexpress.win.gauges\25.1.3\lib\net8.0-windows\DevExpress.XtraGauges.v25.1.Win.dll
                 Private = 'false'
                 HintPath = 'C:\Users\Atakan\.nuget\packages\devexpress.win.gauges\25.1.3\lib\net8.0-windows\DevExpress.XtraGauges.v25.1.Win.dll'
             C:\Users\Atakan\.nuget\packages\devexpress.win.grid\25.1.3\lib\net8.0-windows\DevExpress.XtraGrid.v25.1.dll
                 Private = 'false'
                 HintPath = 'C:\Users\Atakan\.nuget\packages\devexpress.win.grid\25.1.3\lib\net8.0-windows\DevExpress.XtraGrid.v25.1.dll'
             C:\Users\Atakan\.nuget\packages\devexpress.win.map\25.1.3\lib\net8.0-windows\DevExpress.XtraMap.v25.1.dll
                 Private = 'false'
                 HintPath = 'C:\Users\Atakan\.nuget\packages\devexpress.win.map\25.1.3\lib\net8.0-windows\DevExpress.XtraMap.v25.1.dll'
             C:\Users\Atakan\.nuget\packages\devexpress.win.navigation\25.1.3\lib\net8.0-windows\DevExpress.XtraBars.v25.1.dll
                 Private = 'false'
                 HintPath = 'C:\Users\Atakan\.nuget\packages\devexpress.win.navigation\25.1.3\lib\net8.0-windows\DevExpress.XtraBars.v25.1.dll'
             C:\Users\Atakan\.nuget\packages\devexpress.win.navigation\25.1.3\lib\net8.0-windows\DevExpress.XtraEditors.v25.1.dll
                 Private = 'false'
                 HintPath = 'C:\Users\Atakan\.nuget\packages\devexpress.win.navigation\25.1.3\lib\net8.0-windows\DevExpress.XtraEditors.v25.1.dll'
             C:\Users\Atakan\.nuget\packages\devexpress.win.navigation\25.1.3\lib\net8.0-windows\DevExpress.XtraLayout.v25.1.dll
                 Private = 'false'
                 HintPath = 'C:\Users\Atakan\.nuget\packages\devexpress.win.navigation\25.1.3\lib\net8.0-windows\DevExpress.XtraLayout.v25.1.dll'
             C:\Users\Atakan\.nuget\packages\devexpress.win.pdfviewer\25.1.3\lib\net8.0-windows\DevExpress.XtraPdfViewer.v25.1.dll
                 Private = 'false'
                 HintPath = 'C:\Users\Atakan\.nuget\packages\devexpress.win.pdfviewer\25.1.3\lib\net8.0-windows\DevExpress.XtraPdfViewer.v25.1.dll'
             C:\Users\Atakan\.nuget\packages\devexpress.win.pivotgrid\25.1.3\lib\net8.0-windows\DevExpress.XtraPivotGrid.v25.1.dll
                 Private = 'false'
                 HintPath = 'C:\Users\Atakan\.nuget\packages\devexpress.win.pivotgrid\25.1.3\lib\net8.0-windows\DevExpress.XtraPivotGrid.v25.1.dll'
             C:\Users\Atakan\.nuget\packages\devexpress.win.printing\25.1.3\lib\net8.0-windows\DevExpress.XtraPrinting.v25.1.dll
                 Private = 'false'
                 HintPath = 'C:\Users\Atakan\.nuget\packages\devexpress.win.printing\25.1.3\lib\net8.0-windows\DevExpress.XtraPrinting.v25.1.dll'
             C:\Users\Atakan\.nuget\packages\devexpress.win.reporting\25.1.3\lib\net8.0-windows\DevExpress.XtraReports.v25.1.Extensions.dll
                 Private = 'false'
                 HintPath = 'C:\Users\Atakan\.nuget\packages\devexpress.win.reporting\25.1.3\lib\net8.0-windows\DevExpress.XtraReports.v25.1.Extensions.dll'
             C:\Users\Atakan\.nuget\packages\devexpress.win.richedit\25.1.3\lib\net8.0-windows\DevExpress.XtraRichEdit.v25.1.dll
                 Private = 'false'
                 HintPath = 'C:\Users\Atakan\.nuget\packages\devexpress.win.richedit\25.1.3\lib\net8.0-windows\DevExpress.XtraRichEdit.v25.1.dll'
             C:\Users\Atakan\.nuget\packages\devexpress.win.scheduler\25.1.3\lib\net8.0-windows\DevExpress.XtraScheduler.v25.1.dll
                 Private = 'false'
                 HintPath = 'C:\Users\Atakan\.nuget\packages\devexpress.win.scheduler\25.1.3\lib\net8.0-windows\DevExpress.XtraScheduler.v25.1.dll'
             C:\Users\Atakan\.nuget\packages\devexpress.win.schedulerextensions\25.1.3\lib\net8.0-windows\DevExpress.XtraScheduler.v25.1.Extensions.dll
                 Private = 'false'
                 HintPath = 'C:\Users\Atakan\.nuget\packages\devexpress.win.schedulerextensions\25.1.3\lib\net8.0-windows\DevExpress.XtraScheduler.v25.1.Extensions.dll'
             C:\Users\Atakan\.nuget\packages\devexpress.win.schedulerextensions\25.1.3\lib\net8.0-windows\DevExpress.XtraScheduler.v25.1.Reporting.Extensions.dll
                 Private = 'false'
                 HintPath = 'C:\Users\Atakan\.nuget\packages\devexpress.win.schedulerextensions\25.1.3\lib\net8.0-windows\DevExpress.XtraScheduler.v25.1.Reporting.Extensions.dll'
             C:\Users\Atakan\.nuget\packages\devexpress.win.schedulerreporting\25.1.3\lib\net8.0-windows\DevExpress.XtraScheduler.v25.1.Reporting.dll
                 Private = 'false'
                 HintPath = 'C:\Users\Atakan\.nuget\packages\devexpress.win.schedulerreporting\25.1.3\lib\net8.0-windows\DevExpress.XtraScheduler.v25.1.Reporting.dll'
             C:\Users\Atakan\.nuget\packages\devexpress.win.spellchecker\25.1.3\lib\net8.0-windows\DevExpress.XtraSpellChecker.v25.1.dll
                 Private = 'false'
                 HintPath = 'C:\Users\Atakan\.nuget\packages\devexpress.win.spellchecker\25.1.3\lib\net8.0-windows\DevExpress.XtraSpellChecker.v25.1.dll'
             C:\Users\Atakan\.nuget\packages\devexpress.win.spreadsheet\25.1.3\lib\net8.0-windows\DevExpress.XtraSpreadsheet.v25.1.dll
                 Private = 'false'
                 HintPath = 'C:\Users\Atakan\.nuget\packages\devexpress.win.spreadsheet\25.1.3\lib\net8.0-windows\DevExpress.XtraSpreadsheet.v25.1.dll'
             C:\Users\Atakan\.nuget\packages\devexpress.win.treelist\25.1.3\lib\net8.0-windows\DevExpress.XtraTreeList.v25.1.dll
                 Private = 'false'
                 HintPath = 'C:\Users\Atakan\.nuget\packages\devexpress.win.treelist\25.1.3\lib\net8.0-windows\DevExpress.XtraTreeList.v25.1.dll'
             C:\Users\Atakan\.nuget\packages\devexpress.win.treemap\25.1.3\lib\net8.0-windows\DevExpress.XtraTreeMap.v25.1.UI.dll
                 Private = 'false'
                 HintPath = 'C:\Users\Atakan\.nuget\packages\devexpress.win.treemap\25.1.3\lib\net8.0-windows\DevExpress.XtraTreeMap.v25.1.UI.dll'
             C:\Users\Atakan\.nuget\packages\devexpress.win.verticalgrid\25.1.3\lib\net8.0-windows\DevExpress.XtraVerticalGrid.v25.1.dll
                 Private = 'false'
                 HintPath = 'C:\Users\Atakan\.nuget\packages\devexpress.win.verticalgrid\25.1.3\lib\net8.0-windows\DevExpress.XtraVerticalGrid.v25.1.dll'
             C:\Users\Atakan\.nuget\packages\devexpress.xpo\25.1.3\lib\net8.0\DevExpress.Xpo.v25.1.dll
                 Private = 'false'
                 HintPath = 'C:\Users\Atakan\.nuget\packages\devexpress.xpo\25.1.3\lib\net8.0\DevExpress.Xpo.v25.1.dll'
             C:\Users\Atakan\.nuget\packages\microsoft.extensions.dependencyinjection\8.0.1\lib\net8.0\Microsoft.Extensions.DependencyInjection.dll
                 Private = 'false'
                 HintPath = 'C:\Users\Atakan\.nuget\packages\microsoft.extensions.dependencyinjection\8.0.1\lib\net8.0\Microsoft.Extensions.DependencyInjection.dll'
             C:\Users\Atakan\.nuget\packages\microsoft.extensions.dependencyinjection.abstractions\8.0.2\lib\net8.0\Microsoft.Extensions.DependencyInjection.Abstractions.dll
                 Private = 'false'
                 HintPath = 'C:\Users\Atakan\.nuget\packages\microsoft.extensions.dependencyinjection.abstractions\8.0.2\lib\net8.0\Microsoft.Extensions.DependencyInjection.Abstractions.dll'
             C:\Users\Atakan\.nuget\packages\microsoft.extensions.objectpool\8.0.10\lib\net8.0\Microsoft.Extensions.ObjectPool.dll
                 Private = 'false'
                 HintPath = 'C:\Users\Atakan\.nuget\packages\microsoft.extensions.objectpool\8.0.10\lib\net8.0\Microsoft.Extensions.ObjectPool.dll'
             C:\Users\Atakan\.nuget\packages\newtonsoft.json\13.0.3\lib\net6.0\Newtonsoft.Json.dll
                 Private = 'false'
                 HintPath = 'C:\Users\Atakan\.nuget\packages\newtonsoft.json\13.0.3\lib\net6.0\Newtonsoft.Json.dll'
             C:\Users\Atakan\.nuget\packages\stub.system.data.sqlite.core.netstandard\1.0.118\lib\netstandard2.1\System.Data.SQLite.dll
                 Private = 'false'
                 HintPath = 'C:\Users\Atakan\.nuget\packages\stub.system.data.sqlite.core.netstandard\1.0.118\lib\netstandard2.1\System.Data.SQLite.dll'
             C:\Users\Atakan\.nuget\packages\system.data.oledb\8.0.1\lib\net8.0\System.Data.OleDb.dll
                 Private = 'false'
                 HintPath = 'C:\Users\Atakan\.nuget\packages\system.data.oledb\8.0.1\lib\net8.0\System.Data.OleDb.dll'
             C:\Users\Atakan\.nuget\packages\system.data.sqlclient\4.8.6\ref\netcoreapp2.1\System.Data.SqlClient.dll
                 Private = 'false'
                 HintPath = 'C:\Users\Atakan\.nuget\packages\system.data.sqlclient\4.8.6\ref\netcoreapp2.1\System.Data.SqlClient.dll'
             C:\Users\Atakan\.nuget\packages\system.servicemodel.http\8.1.2\ref\net8.0\System.ServiceModel.Http.dll
                 Private = 'false'
                 HintPath = 'C:\Users\Atakan\.nuget\packages\system.servicemodel.http\8.1.2\ref\net8.0\System.ServiceModel.Http.dll'
             C:\Users\Atakan\.nuget\packages\system.servicemodel.netframingbase\8.1.2\ref\net8.0\System.ServiceModel.NetFramingBase.dll
                 Private = 'false'
                 HintPath = 'C:\Users\Atakan\.nuget\packages\system.servicemodel.netframingbase\8.1.2\ref\net8.0\System.ServiceModel.NetFramingBase.dll'
             C:\Users\Atakan\.nuget\packages\system.servicemodel.nettcp\8.1.2\ref\net8.0\System.ServiceModel.NetTcp.dll
                 Private = 'false'
                 HintPath = 'C:\Users\Atakan\.nuget\packages\system.servicemodel.nettcp\8.1.2\ref\net8.0\System.ServiceModel.NetTcp.dll'
             C:\Users\Atakan\.nuget\packages\system.servicemodel.primitives\8.1.2\ref\net8.0\System.ServiceModel.Duplex.dll
                 Private = 'false'
                 HintPath = 'C:\Users\Atakan\.nuget\packages\system.servicemodel.primitives\8.1.2\ref\net8.0\System.ServiceModel.Duplex.dll'
             C:\Users\Atakan\.nuget\packages\system.servicemodel.primitives\8.1.2\ref\net8.0\System.ServiceModel.Primitives.dll
                 Private = 'false'
                 HintPath = 'C:\Users\Atakan\.nuget\packages\system.servicemodel.primitives\8.1.2\ref\net8.0\System.ServiceModel.Primitives.dll'
             C:\Users\Atakan\.nuget\packages\system.servicemodel.primitives\8.1.2\ref\net8.0\System.ServiceModel.Security.dll
                 Private = 'false'
                 HintPath = 'C:\Users\Atakan\.nuget\packages\system.servicemodel.primitives\8.1.2\ref\net8.0\System.ServiceModel.Security.dll'
             C:\Users\Atakan\.nuget\packages\system.servicemodel.primitives\8.1.2\ref\net8.0\System.ServiceModel.dll
                 Private = 'false'
                 HintPath = 'C:\Users\Atakan\.nuget\packages\system.servicemodel.primitives\8.1.2\ref\net8.0\System.ServiceModel.dll'
             C:\Program Files\dotnet\packs\Microsoft.NETCore.App.Ref\8.0.22\ref/net8.0/Microsoft.CSharp.dll
                 Private = 'false'
             C:\Program Files\dotnet\packs\Microsoft.NETCore.App.Ref\8.0.22\ref/net8.0/Microsoft.VisualBasic.Core.dll
                 Private = 'false'
             C:\Program Files\dotnet\packs\Microsoft.NETCore.App.Ref\8.0.22\ref/net8.0/Microsoft.Win32.Primitives.dll
                 Private = 'false'
             C:\Program Files\dotnet\packs\Microsoft.NETCore.App.Ref\8.0.22\ref/net8.0/Microsoft.Win32.Registry.dll
                 Private = 'false'
             C:\Program Files\dotnet\packs\Microsoft.NETCore.App.Ref\8.0.22\ref/net8.0/System.AppContext.dll
                 Private = 'false'
             C:\Program Files\dotnet\packs\Microsoft.NETCore.App.Ref\8.0.22\ref/net8.0/System.Buffers.dll
                 Private = 'false'
             C:\Program Files\dotnet\packs\Microsoft.NETCore.App.Ref\8.0.22\ref/net8.0/System.Collections.Concurrent.dll
                 Private = 'false'
             C:\Program Files\dotnet\packs\Microsoft.NETCore.App.Ref\8.0.22\ref/net8.0/System.Collections.Immutable.dll
                 Private = 'false'
             C:\Program Files\dotnet\packs\Microsoft.NETCore.App.Ref\8.0.22\ref/net8.0/System.Collections.NonGeneric.dll
                 Private = 'false'
             C:\Program Files\dotnet\packs\Microsoft.NETCore.App.Ref\8.0.22\ref/net8.0/System.Collections.Specialized.dll
                 Private = 'false'
             C:\Program Files\dotnet\packs\Microsoft.NETCore.App.Ref\8.0.22\ref/net8.0/System.Collections.dll
                 Private = 'false'
             C:\Program Files\dotnet\packs\Microsoft.NETCore.App.Ref\8.0.22\ref/net8.0/System.ComponentModel.Annotations.dll
                 Private = 'false'
             C:\Program Files\dotnet\packs\Microsoft.NETCore.App.Ref\8.0.22\ref/net8.0/System.ComponentModel.DataAnnotations.dll
                 Private = 'false'
             C:\Program Files\dotnet\packs\Microsoft.NETCore.App.Ref\8.0.22\ref/net8.0/System.ComponentModel.EventBasedAsync.dll
                 Private = 'false'
             C:\Program Files\dotnet\packs\Microsoft.NETCore.App.Ref\8.0.22\ref/net8.0/System.ComponentModel.Primitives.dll
                 Private = 'false'
             C:\Program Files\dotnet\packs\Microsoft.NETCore.App.Ref\8.0.22\ref/net8.0/System.ComponentModel.TypeConverter.dll
                 Private = 'false'
             C:\Program Files\dotnet\packs\Microsoft.NETCore.App.Ref\8.0.22\ref/net8.0/System.ComponentModel.dll
                 Private = 'false'
             C:\Program Files\dotnet\packs\Microsoft.NETCore.App.Ref\8.0.22\ref/net8.0/System.Configuration.dll
                 Private = 'false'
             C:\Program Files\dotnet\packs\Microsoft.NETCore.App.Ref\8.0.22\ref/net8.0/System.Console.dll
                 Private = 'false'
             C:\Program Files\dotnet\packs\Microsoft.NETCore.App.Ref\8.0.22\ref/net8.0/System.Core.dll
                 Private = 'false'
             C:\Program Files\dotnet\packs\Microsoft.NETCore.App.Ref\8.0.22\ref/net8.0/System.Data.Common.dll
                 Private = 'false'
             C:\Program Files\dotnet\packs\Microsoft.NETCore.App.Ref\8.0.22\ref/net8.0/System.Data.DataSetExtensions.dll
                 Private = 'false'
             C:\Program Files\dotnet\packs\Microsoft.NETCore.App.Ref\8.0.22\ref/net8.0/System.Data.dll
                 Private = 'false'
             C:\Program Files\dotnet\packs\Microsoft.NETCore.App.Ref\8.0.22\ref/net8.0/System.Diagnostics.Contracts.dll
                 Private = 'false'
             C:\Program Files\dotnet\packs\Microsoft.NETCore.App.Ref\8.0.22\ref/net8.0/System.Diagnostics.Debug.dll
                 Private = 'false'
             C:\Program Files\dotnet\packs\Microsoft.NETCore.App.Ref\8.0.22\ref/net8.0/System.Diagnostics.DiagnosticSource.dll
                 Private = 'false'
             C:\Program Files\dotnet\packs\Microsoft.NETCore.App.Ref\8.0.22\ref/net8.0/System.Diagnostics.FileVersionInfo.dll
                 Private = 'false'
             C:\Program Files\dotnet\packs\Microsoft.NETCore.App.Ref\8.0.22\ref/net8.0/System.Diagnostics.Process.dll
                 Private = 'false'
             C:\Program Files\dotnet\packs\Microsoft.NETCore.App.Ref\8.0.22\ref/net8.0/System.Diagnostics.StackTrace.dll
                 Private = 'false'
             C:\Program Files\dotnet\packs\Microsoft.NETCore.App.Ref\8.0.22\ref/net8.0/System.Diagnostics.TextWriterTraceListener.dll
                 Private = 'false'
             C:\Program Files\dotnet\packs\Microsoft.NETCore.App.Ref\8.0.22\ref/net8.0/System.Diagnostics.Tools.dll
                 Private = 'false'
             C:\Program Files\dotnet\packs\Microsoft.NETCore.App.Ref\8.0.22\ref/net8.0/System.Diagnostics.TraceSource.dll
                 Private = 'false'
             C:\Program Files\dotnet\packs\Microsoft.NETCore.App.Ref\8.0.22\ref/net8.0/System.Diagnostics.Tracing.dll
                 Private = 'false'
             C:\Program Files\dotnet\packs\Microsoft.NETCore.App.Ref\8.0.22\ref/net8.0/System.Drawing.Primitives.dll
                 Private = 'false'
             C:\Program Files\dotnet\packs\Microsoft.NETCore.App.Ref\8.0.22\ref/net8.0/System.Dynamic.Runtime.dll
                 Private = 'false'
             C:\Program Files\dotnet\packs\Microsoft.NETCore.App.Ref\8.0.22\ref/net8.0/System.Formats.Asn1.dll
                 Private = 'false'
             C:\Program Files\dotnet\packs\Microsoft.NETCore.App.Ref\8.0.22\ref/net8.0/System.Formats.Tar.dll
                 Private = 'false'
             C:\Program Files\dotnet\packs\Microsoft.NETCore.App.Ref\8.0.22\ref/net8.0/System.Globalization.Calendars.dll
                 Private = 'false'
             C:\Program Files\dotnet\packs\Microsoft.NETCore.App.Ref\8.0.22\ref/net8.0/System.Globalization.Extensions.dll
                 Private = 'false'
             C:\Program Files\dotnet\packs\Microsoft.NETCore.App.Ref\8.0.22\ref/net8.0/System.Globalization.dll
                 Private = 'false'
             C:\Program Files\dotnet\packs\Microsoft.NETCore.App.Ref\8.0.22\ref/net8.0/System.IO.Compression.Brotli.dll
                 Private = 'false'
             C:\Program Files\dotnet\packs\Microsoft.NETCore.App.Ref\8.0.22\ref/net8.0/System.IO.Compression.FileSystem.dll
                 Private = 'false'
             C:\Program Files\dotnet\packs\Microsoft.NETCore.App.Ref\8.0.22\ref/net8.0/System.IO.Compression.ZipFile.dll
                 Private = 'false'
             C:\Program Files\dotnet\packs\Microsoft.NETCore.App.Ref\8.0.22\ref/net8.0/System.IO.Compression.dll
                 Private = 'false'
             C:\Program Files\dotnet\packs\Microsoft.NETCore.App.Ref\8.0.22\ref/net8.0/System.IO.FileSystem.AccessControl.dll
                 Private = 'false'
             C:\Program Files\dotnet\packs\Microsoft.NETCore.App.Ref\8.0.22\ref/net8.0/System.IO.FileSystem.DriveInfo.dll
                 Private = 'false'
             C:\Program Files\dotnet\packs\Microsoft.NETCore.App.Ref\8.0.22\ref/net8.0/System.IO.FileSystem.Primitives.dll
                 Private = 'false'
             C:\Program Files\dotnet\packs\Microsoft.NETCore.App.Ref\8.0.22\ref/net8.0/System.IO.FileSystem.Watcher.dll
                 Private = 'false'
             C:\Program Files\dotnet\packs\Microsoft.NETCore.App.Ref\8.0.22\ref/net8.0/System.IO.FileSystem.dll
                 Private = 'false'
             C:\Program Files\dotnet\packs\Microsoft.NETCore.App.Ref\8.0.22\ref/net8.0/System.IO.IsolatedStorage.dll
                 Private = 'false'
             C:\Program Files\dotnet\packs\Microsoft.NETCore.App.Ref\8.0.22\ref/net8.0/System.IO.MemoryMappedFiles.dll
                 Private = 'false'
             C:\Program Files\dotnet\packs\Microsoft.NETCore.App.Ref\8.0.22\ref/net8.0/System.IO.Pipes.AccessControl.dll
                 Private = 'false'
             C:\Program Files\dotnet\packs\Microsoft.NETCore.App.Ref\8.0.22\ref/net8.0/System.IO.Pipes.dll
                 Private = 'false'
             C:\Program Files\dotnet\packs\Microsoft.NETCore.App.Ref\8.0.22\ref/net8.0/System.IO.UnmanagedMemoryStream.dll
                 Private = 'false'
             C:\Program Files\dotnet\packs\Microsoft.NETCore.App.Ref\8.0.22\ref/net8.0/System.IO.dll
                 Private = 'false'
             C:\Program Files\dotnet\packs\Microsoft.NETCore.App.Ref\8.0.22\ref/net8.0/System.Linq.Expressions.dll
                 Private = 'false'
             C:\Program Files\dotnet\packs\Microsoft.NETCore.App.Ref\8.0.22\ref/net8.0/System.Linq.Parallel.dll
                 Private = 'false'
             C:\Program Files\dotnet\packs\Microsoft.NETCore.App.Ref\8.0.22\ref/net8.0/System.Linq.Queryable.dll
                 Private = 'false'
             C:\Program Files\dotnet\packs\Microsoft.NETCore.App.Ref\8.0.22\ref/net8.0/System.Linq.dll
                 Private = 'false'
             C:\Program Files\dotnet\packs\Microsoft.NETCore.App.Ref\8.0.22\ref/net8.0/System.Memory.dll
                 Private = 'false'
             C:\Program Files\dotnet\packs\Microsoft.NETCore.App.Ref\8.0.22\ref/net8.0/System.Net.Http.Json.dll
                 Private = 'false'
             C:\Program Files\dotnet\packs\Microsoft.NETCore.App.Ref\8.0.22\ref/net8.0/System.Net.Http.dll
                 Private = 'false'
             C:\Program Files\dotnet\packs\Microsoft.NETCore.App.Ref\8.0.22\ref/net8.0/System.Net.HttpListener.dll
                 Private = 'false'
             C:\Program Files\dotnet\packs\Microsoft.NETCore.App.Ref\8.0.22\ref/net8.0/System.Net.Mail.dll
                 Private = 'false'
             C:\Program Files\dotnet\packs\Microsoft.NETCore.App.Ref\8.0.22\ref/net8.0/System.Net.NameResolution.dll
                 Private = 'false'
             C:\Program Files\dotnet\packs\Microsoft.NETCore.App.Ref\8.0.22\ref/net8.0/System.Net.NetworkInformation.dll
                 Private = 'false'
             C:\Program Files\dotnet\packs\Microsoft.NETCore.App.Ref\8.0.22\ref/net8.0/System.Net.Ping.dll
                 Private = 'false'
             C:\Program Files\dotnet\packs\Microsoft.NETCore.App.Ref\8.0.22\ref/net8.0/System.Net.Primitives.dll
                 Private = 'false'
             C:\Program Files\dotnet\packs\Microsoft.NETCore.App.Ref\8.0.22\ref/net8.0/System.Net.Quic.dll
                 Private = 'false'
             C:\Program Files\dotnet\packs\Microsoft.NETCore.App.Ref\8.0.22\ref/net8.0/System.Net.Requests.dll
                 Private = 'false'
             C:\Program Files\dotnet\packs\Microsoft.NETCore.App.Ref\8.0.22\ref/net8.0/System.Net.Security.dll
                 Private = 'false'
             C:\Program Files\dotnet\packs\Microsoft.NETCore.App.Ref\8.0.22\ref/net8.0/System.Net.ServicePoint.dll
                 Private = 'false'
             C:\Program Files\dotnet\packs\Microsoft.NETCore.App.Ref\8.0.22\ref/net8.0/System.Net.Sockets.dll
                 Private = 'false'
             C:\Program Files\dotnet\packs\Microsoft.NETCore.App.Ref\8.0.22\ref/net8.0/System.Net.WebClient.dll
                 Private = 'false'
             C:\Program Files\dotnet\packs\Microsoft.NETCore.App.Ref\8.0.22\ref/net8.0/System.Net.WebHeaderCollection.dll
                 Private = 'false'
             C:\Program Files\dotnet\packs\Microsoft.NETCore.App.Ref\8.0.22\ref/net8.0/System.Net.WebProxy.dll
                 Private = 'false'
             C:\Program Files\dotnet\packs\Microsoft.NETCore.App.Ref\8.0.22\ref/net8.0/System.Net.WebSockets.Client.dll
                 Private = 'false'
             C:\Program Files\dotnet\packs\Microsoft.NETCore.App.Ref\8.0.22\ref/net8.0/System.Net.WebSockets.dll
                 Private = 'false'
             C:\Program Files\dotnet\packs\Microsoft.NETCore.App.Ref\8.0.22\ref/net8.0/System.Net.dll
                 Private = 'false'
             C:\Program Files\dotnet\packs\Microsoft.NETCore.App.Ref\8.0.22\ref/net8.0/System.Numerics.Vectors.dll
                 Private = 'false'
             C:\Program Files\dotnet\packs\Microsoft.NETCore.App.Ref\8.0.22\ref/net8.0/System.Numerics.dll
                 Private = 'false'
             C:\Program Files\dotnet\packs\Microsoft.NETCore.App.Ref\8.0.22\ref/net8.0/System.ObjectModel.dll
                 Private = 'false'
             C:\Program Files\dotnet\packs\Microsoft.NETCore.App.Ref\8.0.22\ref/net8.0/System.Reflection.DispatchProxy.dll
                 Private = 'false'
             C:\Program Files\dotnet\packs\Microsoft.NETCore.App.Ref\8.0.22\ref/net8.0/System.Reflection.Emit.ILGeneration.dll
                 Private = 'false'
             C:\Program Files\dotnet\packs\Microsoft.NETCore.App.Ref\8.0.22\ref/net8.0/System.Reflection.Emit.Lightweight.dll
                 Private = 'false'
             C:\Program Files\dotnet\packs\Microsoft.NETCore.App.Ref\8.0.22\ref/net8.0/System.Reflection.Emit.dll
                 Private = 'false'
             C:\Program Files\dotnet\packs\Microsoft.NETCore.App.Ref\8.0.22\ref/net8.0/System.Reflection.Extensions.dll
                 Private = 'false'
             C:\Program Files\dotnet\packs\Microsoft.NETCore.App.Ref\8.0.22\ref/net8.0/System.Reflection.Metadata.dll
                 Private = 'false'
             C:\Program Files\dotnet\packs\Microsoft.NETCore.App.Ref\8.0.22\ref/net8.0/System.Reflection.Primitives.dll
                 Private = 'false'
             C:\Program Files\dotnet\packs\Microsoft.NETCore.App.Ref\8.0.22\ref/net8.0/System.Reflection.TypeExtensions.dll
                 Private = 'false'
             C:\Program Files\dotnet\packs\Microsoft.NETCore.App.Ref\8.0.22\ref/net8.0/System.Reflection.dll
                 Private = 'false'
             C:\Program Files\dotnet\packs\Microsoft.NETCore.App.Ref\8.0.22\ref/net8.0/System.Resources.Reader.dll
                 Private = 'false'
             C:\Program Files\dotnet\packs\Microsoft.NETCore.App.Ref\8.0.22\ref/net8.0/System.Resources.ResourceManager.dll
                 Private = 'false'
             C:\Program Files\dotnet\packs\Microsoft.NETCore.App.Ref\8.0.22\ref/net8.0/System.Resources.Writer.dll
                 Private = 'false'
             C:\Program Files\dotnet\packs\Microsoft.NETCore.App.Ref\8.0.22\ref/net8.0/System.Runtime.CompilerServices.Unsafe.dll
                 Private = 'false'
             C:\Program Files\dotnet\packs\Microsoft.NETCore.App.Ref\8.0.22\ref/net8.0/System.Runtime.CompilerServices.VisualC.dll
                 Private = 'false'
             C:\Program Files\dotnet\packs\Microsoft.NETCore.App.Ref\8.0.22\ref/net8.0/System.Runtime.Extensions.dll
                 Private = 'false'
             C:\Program Files\dotnet\packs\Microsoft.NETCore.App.Ref\8.0.22\ref/net8.0/System.Runtime.Handles.dll
                 Private = 'false'
             C:\Program Files\dotnet\packs\Microsoft.NETCore.App.Ref\8.0.22\ref/net8.0/System.Runtime.InteropServices.JavaScript.dll
                 Private = 'false'
             C:\Program Files\dotnet\packs\Microsoft.NETCore.App.Ref\8.0.22\ref/net8.0/System.Runtime.InteropServices.RuntimeInformation.dll
                 Private = 'false'
             C:\Program Files\dotnet\packs\Microsoft.NETCore.App.Ref\8.0.22\ref/net8.0/System.Runtime.InteropServices.dll
                 Private = 'false'
             C:\Program Files\dotnet\packs\Microsoft.NETCore.App.Ref\8.0.22\ref/net8.0/System.Runtime.Intrinsics.dll
                 Private = 'false'
             C:\Program Files\dotnet\packs\Microsoft.NETCore.App.Ref\8.0.22\ref/net8.0/System.Runtime.Loader.dll
                 Private = 'false'
             C:\Program Files\dotnet\packs\Microsoft.NETCore.App.Ref\8.0.22\ref/net8.0/System.Runtime.Numerics.dll
                 Private = 'false'
             C:\Program Files\dotnet\packs\Microsoft.NETCore.App.Ref\8.0.22\ref/net8.0/System.Runtime.Serialization.Formatters.dll
                 Private = 'false'
             C:\Program Files\dotnet\packs\Microsoft.NETCore.App.Ref\8.0.22\ref/net8.0/System.Runtime.Serialization.Json.dll
                 Private = 'false'
             C:\Program Files\dotnet\packs\Microsoft.NETCore.App.Ref\8.0.22\ref/net8.0/System.Runtime.Serialization.Primitives.dll
                 Private = 'false'
             C:\Program Files\dotnet\packs\Microsoft.NETCore.App.Ref\8.0.22\ref/net8.0/System.Runtime.Serialization.Xml.dll
                 Private = 'false'
             C:\Program Files\dotnet\packs\Microsoft.NETCore.App.Ref\8.0.22\ref/net8.0/System.Runtime.Serialization.dll
                 Private = 'false'
             C:\Program Files\dotnet\packs\Microsoft.NETCore.App.Ref\8.0.22\ref/net8.0/System.Runtime.dll
                 Private = 'false'
             C:\Program Files\dotnet\packs\Microsoft.NETCore.App.Ref\8.0.22\ref/net8.0/System.Security.AccessControl.dll
                 Private = 'false'
             C:\Program Files\dotnet\packs\Microsoft.NETCore.App.Ref\8.0.22\ref/net8.0/System.Security.Claims.dll
                 Private = 'false'
             C:\Program Files\dotnet\packs\Microsoft.NETCore.App.Ref\8.0.22\ref/net8.0/System.Security.Cryptography.Algorithms.dll
                 Private = 'false'
             C:\Program Files\dotnet\packs\Microsoft.NETCore.App.Ref\8.0.22\ref/net8.0/System.Security.Cryptography.Cng.dll
                 Private = 'false'
             C:\Program Files\dotnet\packs\Microsoft.NETCore.App.Ref\8.0.22\ref/net8.0/System.Security.Cryptography.Csp.dll
                 Private = 'false'
             C:\Program Files\dotnet\packs\Microsoft.NETCore.App.Ref\8.0.22\ref/net8.0/System.Security.Cryptography.Encoding.dll
                 Private = 'false'
             C:\Program Files\dotnet\packs\Microsoft.NETCore.App.Ref\8.0.22\ref/net8.0/System.Security.Cryptography.OpenSsl.dll
                 Private = 'false'
             C:\Program Files\dotnet\packs\Microsoft.NETCore.App.Ref\8.0.22\ref/net8.0/System.Security.Cryptography.Primitives.dll
                 Private = 'false'
             C:\Program Files\dotnet\packs\Microsoft.NETCore.App.Ref\8.0.22\ref/net8.0/System.Security.Cryptography.X509Certificates.dll
                 Private = 'false'
             C:\Program Files\dotnet\packs\Microsoft.NETCore.App.Ref\8.0.22\ref/net8.0/System.Security.Cryptography.dll
                 Private = 'false'
             C:\Program Files\dotnet\packs\Microsoft.NETCore.App.Ref\8.0.22\ref/net8.0/System.Security.Principal.Windows.dll
                 Private = 'false'
             C:\Program Files\dotnet\packs\Microsoft.NETCore.App.Ref\8.0.22\ref/net8.0/System.Security.Principal.dll
                 Private = 'false'
             C:\Program Files\dotnet\packs\Microsoft.NETCore.App.Ref\8.0.22\ref/net8.0/System.Security.SecureString.dll
                 Private = 'false'
             C:\Program Files\dotnet\packs\Microsoft.NETCore.App.Ref\8.0.22\ref/net8.0/System.Security.dll
                 Private = 'false'
             C:\Program Files\dotnet\packs\Microsoft.NETCore.App.Ref\8.0.22\ref/net8.0/System.ServiceModel.Web.dll
                 Private = 'false'
             C:\Program Files\dotnet\packs\Microsoft.NETCore.App.Ref\8.0.22\ref/net8.0/System.ServiceProcess.dll
                 Private = 'false'
             C:\Program Files\dotnet\packs\Microsoft.NETCore.App.Ref\8.0.22\ref/net8.0/System.Text.Encoding.CodePages.dll
                 Private = 'false'
             C:\Program Files\dotnet\packs\Microsoft.NETCore.App.Ref\8.0.22\ref/net8.0/System.Text.Encoding.Extensions.dll
                 Private = 'false'
             C:\Program Files\dotnet\packs\Microsoft.NETCore.App.Ref\8.0.22\ref/net8.0/System.Text.Encoding.dll
                 Private = 'false'
             C:\Program Files\dotnet\packs\Microsoft.NETCore.App.Ref\8.0.22\ref/net8.0/System.Text.Encodings.Web.dll
                 Private = 'false'
             C:\Program Files\dotnet\packs\Microsoft.NETCore.App.Ref\8.0.22\ref/net8.0/System.Text.Json.dll
                 Private = 'false'
             C:\Program Files\dotnet\packs\Microsoft.NETCore.App.Ref\8.0.22\ref/net8.0/System.Text.RegularExpressions.dll
                 Private = 'false'
             C:\Program Files\dotnet\packs\Microsoft.NETCore.App.Ref\8.0.22\ref/net8.0/System.Threading.Channels.dll
                 Private = 'false'
             C:\Program Files\dotnet\packs\Microsoft.NETCore.App.Ref\8.0.22\ref/net8.0/System.Threading.Overlapped.dll
                 Private = 'false'
             C:\Program Files\dotnet\packs\Microsoft.NETCore.App.Ref\8.0.22\ref/net8.0/System.Threading.Tasks.Dataflow.dll
                 Private = 'false'
             C:\Program Files\dotnet\packs\Microsoft.NETCore.App.Ref\8.0.22\ref/net8.0/System.Threading.Tasks.Extensions.dll
                 Private = 'false'
             C:\Program Files\dotnet\packs\Microsoft.NETCore.App.Ref\8.0.22\ref/net8.0/System.Threading.Tasks.Parallel.dll
                 Private = 'false'
             C:\Program Files\dotnet\packs\Microsoft.NETCore.App.Ref\8.0.22\ref/net8.0/System.Threading.Tasks.dll
                 Private = 'false'
             C:\Program Files\dotnet\packs\Microsoft.NETCore.App.Ref\8.0.22\ref/net8.0/System.Threading.Thread.dll
                 Private = 'false'
             C:\Program Files\dotnet\packs\Microsoft.NETCore.App.Ref\8.0.22\ref/net8.0/System.Threading.ThreadPool.dll
                 Private = 'false'
             C:\Program Files\dotnet\packs\Microsoft.NETCore.App.Ref\8.0.22\ref/net8.0/System.Threading.Timer.dll
                 Private = 'false'
             C:\Program Files\dotnet\packs\Microsoft.NETCore.App.Ref\8.0.22\ref/net8.0/System.Threading.dll
                 Private = 'false'
             C:\Program Files\dotnet\packs\Microsoft.NETCore.App.Ref\8.0.22\ref/net8.0/System.Transactions.Local.dll
                 Private = 'false'
             C:\Program Files\dotnet\packs\Microsoft.NETCore.App.Ref\8.0.22\ref/net8.0/System.Transactions.dll
                 Private = 'false'
             C:\Program Files\dotnet\packs\Microsoft.NETCore.App.Ref\8.0.22\ref/net8.0/System.ValueTuple.dll
                 Private = 'false'
             C:\Program Files\dotnet\packs\Microsoft.NETCore.App.Ref\8.0.22\ref/net8.0/System.Web.HttpUtility.dll
                 Private = 'false'
             C:\Program Files\dotnet\packs\Microsoft.NETCore.App.Ref\8.0.22\ref/net8.0/System.Web.dll
                 Private = 'false'
             C:\Program Files\dotnet\packs\Microsoft.NETCore.App.Ref\8.0.22\ref/net8.0/System.Windows.dll
                 Private = 'false'
             C:\Program Files\dotnet\packs\Microsoft.NETCore.App.Ref\8.0.22\ref/net8.0/System.Xml.Linq.dll
                 Private = 'false'
             C:\Program Files\dotnet\packs\Microsoft.NETCore.App.Ref\8.0.22\ref/net8.0/System.Xml.ReaderWriter.dll
                 Private = 'false'
             C:\Program Files\dotnet\packs\Microsoft.NETCore.App.Ref\8.0.22\ref/net8.0/System.Xml.Serialization.dll
                 Private = 'false'
             C:\Program Files\dotnet\packs\Microsoft.NETCore.App.Ref\8.0.22\ref/net8.0/System.Xml.XDocument.dll
                 Private = 'false'
             C:\Program Files\dotnet\packs\Microsoft.NETCore.App.Ref\8.0.22\ref/net8.0/System.Xml.XPath.XDocument.dll
                 Private = 'false'
             C:\Program Files\dotnet\packs\Microsoft.NETCore.App.Ref\8.0.22\ref/net8.0/System.Xml.XPath.dll
                 Private = 'false'
             C:\Program Files\dotnet\packs\Microsoft.NETCore.App.Ref\8.0.22\ref/net8.0/System.Xml.XmlDocument.dll
                 Private = 'false'
             C:\Program Files\dotnet\packs\Microsoft.NETCore.App.Ref\8.0.22\ref/net8.0/System.Xml.XmlSerializer.dll
                 Private = 'false'
             C:\Program Files\dotnet\packs\Microsoft.NETCore.App.Ref\8.0.22\ref/net8.0/System.Xml.dll
                 Private = 'false'
             C:\Program Files\dotnet\packs\Microsoft.NETCore.App.Ref\8.0.22\ref/net8.0/System.dll
                 Private = 'false'
             C:\Program Files\dotnet\packs\Microsoft.NETCore.App.Ref\8.0.22\ref/net8.0/mscorlib.dll
                 Private = 'false'
             C:\Program Files\dotnet\packs\Microsoft.NETCore.App.Ref\8.0.22\ref/net8.0/netstandard.dll
                 Private = 'false'
             C:\Program Files\dotnet\packs\Microsoft.WindowsDesktop.App.Ref\8.0.22\ref/net8.0/Accessibility.dll
                 Private = 'false'
             C:\Program Files\dotnet\packs\Microsoft.WindowsDesktop.App.Ref\8.0.22\ref/net8.0/Microsoft.VisualBasic.Forms.dll
                 Private = 'false'
             C:\Program Files\dotnet\packs\Microsoft.WindowsDesktop.App.Ref\8.0.22\ref/net8.0/Microsoft.VisualBasic.dll
                 Private = 'false'
             C:\Program Files\dotnet\packs\Microsoft.WindowsDesktop.App.Ref\8.0.22\ref/net8.0/Microsoft.Win32.Registry.AccessControl.dll
                 Private = 'false'
             C:\Program Files\dotnet\packs\Microsoft.WindowsDesktop.App.Ref\8.0.22\ref/net8.0/Microsoft.Win32.SystemEvents.dll
                 Private = 'false'
             C:\Program Files\dotnet\packs\Microsoft.WindowsDesktop.App.Ref\8.0.22\ref/net8.0/PresentationCore.dll
                 Private = 'false'
             C:\Program Files\dotnet\packs\Microsoft.WindowsDesktop.App.Ref\8.0.22\ref/net8.0/PresentationFramework.Aero.dll
                 Private = 'false'
             C:\Program Files\dotnet\packs\Microsoft.WindowsDesktop.App.Ref\8.0.22\ref/net8.0/PresentationFramework.Aero2.dll
                 Private = 'false'
             C:\Program Files\dotnet\packs\Microsoft.WindowsDesktop.App.Ref\8.0.22\ref/net8.0/PresentationFramework.AeroLite.dll
                 Private = 'false'
             C:\Program Files\dotnet\packs\Microsoft.WindowsDesktop.App.Ref\8.0.22\ref/net8.0/PresentationFramework.Classic.dll
                 Private = 'false'
             C:\Program Files\dotnet\packs\Microsoft.WindowsDesktop.App.Ref\8.0.22\ref/net8.0/PresentationFramework.Luna.dll
                 Private = 'false'
             C:\Program Files\dotnet\packs\Microsoft.WindowsDesktop.App.Ref\8.0.22\ref/net8.0/PresentationFramework.Royale.dll
                 Private = 'false'
             C:\Program Files\dotnet\packs\Microsoft.WindowsDesktop.App.Ref\8.0.22\ref/net8.0/PresentationFramework.dll
                 Private = 'false'
             C:\Program Files\dotnet\packs\Microsoft.WindowsDesktop.App.Ref\8.0.22\ref/net8.0/PresentationUI.dll
                 Private = 'false'
             C:\Program Files\dotnet\packs\Microsoft.WindowsDesktop.App.Ref\8.0.22\ref/net8.0/ReachFramework.dll
                 Private = 'false'
             C:\Program Files\dotnet\packs\Microsoft.WindowsDesktop.App.Ref\8.0.22\ref/net8.0/System.CodeDom.dll
                 Private = 'false'
             C:\Program Files\dotnet\packs\Microsoft.WindowsDesktop.App.Ref\8.0.22\ref/net8.0/System.Configuration.ConfigurationManager.dll
                 Private = 'false'
             C:\Program Files\dotnet\packs\Microsoft.WindowsDesktop.App.Ref\8.0.22\ref/net8.0/System.Design.dll
                 Private = 'false'
             C:\Program Files\dotnet\packs\Microsoft.WindowsDesktop.App.Ref\8.0.22\ref/net8.0/System.Diagnostics.EventLog.dll
                 Private = 'false'
             C:\Program Files\dotnet\packs\Microsoft.WindowsDesktop.App.Ref\8.0.22\ref/net8.0/System.Diagnostics.PerformanceCounter.dll
                 Private = 'false'
             C:\Program Files\dotnet\packs\Microsoft.WindowsDesktop.App.Ref\8.0.22\ref/net8.0/System.DirectoryServices.dll
                 Private = 'false'
             C:\Program Files\dotnet\packs\Microsoft.WindowsDesktop.App.Ref\8.0.22\ref/net8.0/System.Drawing.Common.dll
                 Private = 'false'
             C:\Program Files\dotnet\packs\Microsoft.WindowsDesktop.App.Ref\8.0.22\ref/net8.0/System.Drawing.Design.dll
                 Private = 'false'
             C:\Program Files\dotnet\packs\Microsoft.WindowsDesktop.App.Ref\8.0.22\ref/net8.0/System.Drawing.dll
                 Private = 'false'
             C:\Program Files\dotnet\packs\Microsoft.WindowsDesktop.App.Ref\8.0.22\ref/net8.0/System.IO.Packaging.dll
                 Private = 'false'
             C:\Program Files\dotnet\packs\Microsoft.WindowsDesktop.App.Ref\8.0.22\ref/net8.0/System.Printing.dll
                 Private = 'false'
             C:\Program Files\dotnet\packs\Microsoft.WindowsDesktop.App.Ref\8.0.22\ref/net8.0/System.Resources.Extensions.dll
                 Private = 'false'
             C:\Program Files\dotnet\packs\Microsoft.WindowsDesktop.App.Ref\8.0.22\ref/net8.0/System.Security.Cryptography.Pkcs.dll
                 Private = 'false'
             C:\Program Files\dotnet\packs\Microsoft.WindowsDesktop.App.Ref\8.0.22\ref/net8.0/System.Security.Cryptography.ProtectedData.dll
                 Private = 'false'
             C:\Program Files\dotnet\packs\Microsoft.WindowsDesktop.App.Ref\8.0.22\ref/net8.0/System.Security.Cryptography.Xml.dll
                 Private = 'false'
             C:\Program Files\dotnet\packs\Microsoft.WindowsDesktop.App.Ref\8.0.22\ref/net8.0/System.Security.Permissions.dll
                 Private = 'false'
             C:\Program Files\dotnet\packs\Microsoft.WindowsDesktop.App.Ref\8.0.22\ref/net8.0/System.Threading.AccessControl.dll
                 Private = 'false'
             C:\Program Files\dotnet\packs\Microsoft.WindowsDesktop.App.Ref\8.0.22\ref/net8.0/System.Windows.Controls.Ribbon.dll
                 Private = 'false'
             C:\Program Files\dotnet\packs\Microsoft.WindowsDesktop.App.Ref\8.0.22\ref/net8.0/System.Windows.Extensions.dll
                 Private = 'false'
             C:\Program Files\dotnet\packs\Microsoft.WindowsDesktop.App.Ref\8.0.22\ref/net8.0/System.Windows.Forms.Design.Editors.dll
                 Private = 'false'
             C:\Program Files\dotnet\packs\Microsoft.WindowsDesktop.App.Ref\8.0.22\ref/net8.0/System.Windows.Forms.Design.dll
                 Private = 'false'
             C:\Program Files\dotnet\packs\Microsoft.WindowsDesktop.App.Ref\8.0.22\ref/net8.0/System.Windows.Forms.Primitives.dll
                 Private = 'false'
             C:\Program Files\dotnet\packs\Microsoft.WindowsDesktop.App.Ref\8.0.22\ref/net8.0/System.Windows.Forms.dll
                 Private = 'false'
             C:\Program Files\dotnet\packs\Microsoft.WindowsDesktop.App.Ref\8.0.22\ref/net8.0/System.Windows.Input.Manipulations.dll
                 Private = 'false'
             C:\Program Files\dotnet\packs\Microsoft.WindowsDesktop.App.Ref\8.0.22\ref/net8.0/System.Windows.Presentation.dll
                 Private = 'false'
             C:\Program Files\dotnet\packs\Microsoft.WindowsDesktop.App.Ref\8.0.22\ref/net8.0/System.Xaml.dll
                 Private = 'false'
             C:\Program Files\dotnet\packs\Microsoft.WindowsDesktop.App.Ref\8.0.22\ref/net8.0/UIAutomationClient.dll
                 Private = 'false'
             C:\Program Files\dotnet\packs\Microsoft.WindowsDesktop.App.Ref\8.0.22\ref/net8.0/UIAutomationClientSideProviders.dll
                 Private = 'false'
             C:\Program Files\dotnet\packs\Microsoft.WindowsDesktop.App.Ref\8.0.22\ref/net8.0/UIAutomationProvider.dll
                 Private = 'false'
             C:\Program Files\dotnet\packs\Microsoft.WindowsDesktop.App.Ref\8.0.22\ref/net8.0/UIAutomationTypes.dll
                 Private = 'false'
             C:\Program Files\dotnet\packs\Microsoft.WindowsDesktop.App.Ref\8.0.22\ref/net8.0/WindowsBase.dll
                 Private = 'false'
             C:\Program Files\dotnet\packs\Microsoft.WindowsDesktop.App.Ref\8.0.22\ref/net8.0/WindowsFormsIntegration.dll
                 Private = 'false'
         AssemblyFiles:
         CandidateAssemblyFiles:
         TargetFrameworkDirectories:
             
         NonCultureResourceDirectories:
             
         InstalledAssemblyTables:
         IgnoreInstalledAssemblyTable:
             False
         SearchPaths:
             {CandidateAssemblyFiles}
             {HintPathFromItem}
             {TargetFrameworkDirectory}
             {RawFileName}
         AllowedAssemblyExtensions:
             .winmd
             .dll
             .exe
         AllowedRelatedFileExtensions:
             .pdb
             .xml
             .pri
             .dll.config
             .exe.config
         AppConfigFile:
             
         AutoUnify:
             True
         EnableCustomCulture:
             False
         EnableCustomCulture:
             False
         CopyLocalDependenciesWhenParentReferenceInGac:
             True
         FindDependencies:
             True
         TargetProcessorArchitecture:
             msil
         StateFile:
             obj\Debug\net8.0-windows\TurkMorph.csproj.AssemblyReference.cache
         InstalledAssemblySubsetTables:
         IgnoreInstalledAssemblySubsetTable:
             False
         TargetFrameworkSubsets:
         FullTargetFrameworkSubsetNames:
             Full
         ProfileName:
             
         FullFrameworkFolders:
         LatestTargetFrameworkDirectories:
         ProfileTablesLocation:
         Birincil başvuru: "Dapper, Version=2.0.0.0, Culture=neutral, PublicKeyToken=null".
             Çözümlenmiş dosya yolu: "C:\Users\Atakan\.nuget\packages\dapper\2.1.28\lib\net7.0\Dapper.dll".
             Başvuru, "{HintPathFromItem}" arama yolu konumunda bulundu.
             En az bir kaynak öğesi için "Private" "false" olarak ayarlanmış olduğundan ve "Private", herhangi bir kaynak öğesi için "true" olarak ayarlanmış olmadığından bu başvuru "CopyLocal" değildir.
         Birincil başvuru: "DevExpress.XtraCharts.v25.1, Version=25.1.3.0, Culture=neutral, PublicKeyToken=b88d1754d700e49a".
             Çözümlenmiş dosya yolu: "C:\Users\Atakan\.nuget\packages\devexpress.charts\25.1.3\lib\net8.0\DevExpress.XtraCharts.v25.1.dll".
             Başvuru, "{HintPathFromItem}" arama yolu konumunda bulundu.
             En az bir kaynak öğesi için "Private" "false" olarak ayarlanmış olduğundan ve "Private", herhangi bir kaynak öğesi için "true" olarak ayarlanmış olmadığından bu başvuru "CopyLocal" değildir.
         Birincil başvuru: "DevExpress.Charts.v25.1.Core, Version=25.1.3.0, Culture=neutral, PublicKeyToken=b88d1754d700e49a".
             Çözümlenmiş dosya yolu: "C:\Users\Atakan\.nuget\packages\devexpress.charts.core\25.1.3\lib\net8.0\DevExpress.Charts.v25.1.Core.dll".
             Başvuru, "{HintPathFromItem}" arama yolu konumunda bulundu.
             En az bir kaynak öğesi için "Private" "false" olarak ayarlanmış olduğundan ve "Private", herhangi bir kaynak öğesi için "true" olarak ayarlanmış olmadığından bu başvuru "CopyLocal" değildir.
         Birincil başvuru: "DevExpress.CodeParser.v25.1, Version=25.1.3.0, Culture=neutral, PublicKeyToken=b88d1754d700e49a".
             Çözümlenmiş dosya yolu: "C:\Users\Atakan\.nuget\packages\devexpress.codeparser\25.1.3\lib\net8.0\DevExpress.CodeParser.v25.1.dll".
             Başvuru, "{HintPathFromItem}" arama yolu konumunda bulundu.
             En az bir kaynak öğesi için "Private" "false" olarak ayarlanmış olduğundan ve "Private", herhangi bir kaynak öğesi için "true" olarak ayarlanmış olmadığından bu başvuru "CopyLocal" değildir.
         Birincil başvuru: "DevExpress.Data.v25.1, Version=25.1.3.0, Culture=neutral, PublicKeyToken=b88d1754d700e49a".
             Çözümlenmiş dosya yolu: "C:\Users\Atakan\.nuget\packages\devexpress.data\25.1.3\lib\net8.0\DevExpress.Data.v25.1.dll".
             Başvuru, "{HintPathFromItem}" arama yolu konumunda bulundu.
             En az bir kaynak öğesi için "Private" "false" olarak ayarlanmış olduğundan ve "Private", herhangi bir kaynak öğesi için "true" olarak ayarlanmış olmadığından bu başvuru "CopyLocal" değildir.
         Birincil başvuru: "DevExpress.Data.Desktop.v25.1, Version=25.1.3.0, Culture=neutral, PublicKeyToken=b88d1754d700e49a".
             Çözümlenmiş dosya yolu: "C:\Users\Atakan\.nuget\packages\devexpress.data.desktop\25.1.3\lib\net8.0-windows\DevExpress.Data.Desktop.v25.1.dll".
             Başvuru, "{HintPathFromItem}" arama yolu konumunda bulundu.
             En az bir kaynak öğesi için "Private" "false" olarak ayarlanmış olduğundan ve "Private", herhangi bir kaynak öğesi için "true" olarak ayarlanmış olmadığından bu başvuru "CopyLocal" değildir.
         Birincil başvuru: "DevExpress.DataAccess.v25.1, Version=25.1.3.0, Culture=neutral, PublicKeyToken=b88d1754d700e49a".
             Çözümlenmiş dosya yolu: "C:\Users\Atakan\.nuget\packages\devexpress.dataaccess\25.1.3\lib\net8.0\DevExpress.DataAccess.v25.1.dll".
             Başvuru, "{HintPathFromItem}" arama yolu konumunda bulundu.
             En az bir kaynak öğesi için "Private" "false" olarak ayarlanmış olduğundan ve "Private", herhangi bir kaynak öğesi için "true" olarak ayarlanmış olmadığından bu başvuru "CopyLocal" değildir.
         Birincil başvuru: "DevExpress.DataAccess.v25.1.UI, Version=25.1.3.0, Culture=neutral, PublicKeyToken=b88d1754d700e49a".
             Çözümlenmiş dosya yolu: "C:\Users\Atakan\.nuget\packages\devexpress.dataaccess.ui\25.1.3\lib\net8.0-windows\DevExpress.DataAccess.v25.1.UI.dll".
             Başvuru, "{HintPathFromItem}" arama yolu konumunda bulundu.
             En az bir kaynak öğesi için "Private" "false" olarak ayarlanmış olduğundan ve "Private", herhangi bir kaynak öğesi için "true" olarak ayarlanmış olmadığından bu başvuru "CopyLocal" değildir.
         Birincil başvuru: "DevExpress.DataVisualization.v25.1.Core, Version=25.1.3.0, Culture=neutral, PublicKeyToken=b88d1754d700e49a".
             Çözümlenmiş dosya yolu: "C:\Users\Atakan\.nuget\packages\devexpress.datavisualization.core\25.1.3\lib\net8.0\DevExpress.DataVisualization.v25.1.Core.dll".
             Başvuru, "{HintPathFromItem}" arama yolu konumunda bulundu.
             En az bir kaynak öğesi için "Private" "false" olarak ayarlanmış olduğundan ve "Private", herhangi bir kaynak öğesi için "true" olarak ayarlanmış olmadığından bu başvuru "CopyLocal" değildir.
         Birincil başvuru: "DevExpress.Diagram.v25.1.Core, Version=25.1.3.0, Culture=neutral, PublicKeyToken=b88d1754d700e49a".
             Çözümlenmiş dosya yolu: "C:\Users\Atakan\.nuget\packages\devexpress.diagram.core\25.1.3\lib\net8.0-windows\DevExpress.Diagram.v25.1.Core.dll".
             Başvuru, "{HintPathFromItem}" arama yolu konumunda bulundu.
             En az bir kaynak öğesi için "Private" "false" olarak ayarlanmış olduğundan ve "Private", herhangi bir kaynak öğesi için "true" olarak ayarlanmış olmadığından bu başvuru "CopyLocal" değildir.
         Birincil başvuru: "DevExpress.Drawing.v25.1, Version=25.1.3.0, Culture=neutral, PublicKeyToken=b88d1754d700e49a".
             Çözümlenmiş dosya yolu: "C:\Users\Atakan\.nuget\packages\devexpress.drawing\25.1.3\lib\net8.0\DevExpress.Drawing.v25.1.dll".
             Başvuru, "{HintPathFromItem}" arama yolu konumunda bulundu.
             En az bir kaynak öğesi için "Private" "false" olarak ayarlanmış olduğundan ve "Private", herhangi bir kaynak öğesi için "true" olarak ayarlanmış olmadığından bu başvuru "CopyLocal" değildir.
         Birincil başvuru: "DevExpress.XtraGauges.v25.1.Core, Version=25.1.3.0, Culture=neutral, PublicKeyToken=b88d1754d700e49a".
             Çözümlenmiş dosya yolu: "C:\Users\Atakan\.nuget\packages\devexpress.gauges.core\25.1.3\lib\net8.0\DevExpress.XtraGauges.v25.1.Core.dll".
             Başvuru, "{HintPathFromItem}" arama yolu konumunda bulundu.
             En az bir kaynak öğesi için "Private" "false" olarak ayarlanmış olduğundan ve "Private", herhangi bir kaynak öğesi için "true" olarak ayarlanmış olmadığından bu başvuru "CopyLocal" değildir.
         Birincil başvuru: "DevExpress.Images.v25.1, Version=25.1.3.0, Culture=neutral, PublicKeyToken=b88d1754d700e49a".
             Çözümlenmiş dosya yolu: "C:\Users\Atakan\.nuget\packages\devexpress.images\25.1.3\lib\net8.0\DevExpress.Images.v25.1.dll".
             Başvuru, "{HintPathFromItem}" arama yolu konumunda bulundu.
             En az bir kaynak öğesi için "Private" "false" olarak ayarlanmış olduğundan ve "Private", herhangi bir kaynak öğesi için "true" olarak ayarlanmış olmadığından bu başvuru "CopyLocal" değildir.
         Birincil başvuru: "DevExpress.Map.v25.1.Core, Version=25.1.3.0, Culture=neutral, PublicKeyToken=b88d1754d700e49a".
             Çözümlenmiş dosya yolu: "C:\Users\Atakan\.nuget\packages\devexpress.map.core\25.1.3\lib\net8.0\DevExpress.Map.v25.1.Core.dll".
             Başvuru, "{HintPathFromItem}" arama yolu konumunda bulundu.
             En az bir kaynak öğesi için "Private" "false" olarak ayarlanmış olduğundan ve "Private", herhangi bir kaynak öğesi için "true" olarak ayarlanmış olmadığından bu başvuru "CopyLocal" değildir.
         Birincil başvuru: "DevExpress.Mvvm.v25.1, Version=25.1.3.0, Culture=neutral, PublicKeyToken=b88d1754d700e49a".
             Çözümlenmiş dosya yolu: "C:\Users\Atakan\.nuget\packages\devexpress.mvvm\25.1.3\lib\net8.0-windows\DevExpress.Mvvm.v25.1.dll".
             Başvuru, "{HintPathFromItem}" arama yolu konumunda bulundu.
             En az bir kaynak öğesi için "Private" "false" olarak ayarlanmış olduğundan ve "Private", herhangi bir kaynak öğesi için "true" olarak ayarlanmış olmadığından bu başvuru "CopyLocal" değildir.
         Birincil başvuru: "DevExpress.Office.v25.1.Core, Version=25.1.3.0, Culture=neutral, PublicKeyToken=b88d1754d700e49a".
             Çözümlenmiş dosya yolu: "C:\Users\Atakan\.nuget\packages\devexpress.office.core\25.1.3\lib\net8.0\DevExpress.Office.v25.1.Core.dll".
             Başvuru, "{HintPathFromItem}" arama yolu konumunda bulundu.
             En az bir kaynak öğesi için "Private" "false" olarak ayarlanmış olduğundan ve "Private", herhangi bir kaynak öğesi için "true" olarak ayarlanmış olmadığından bu başvuru "CopyLocal" değildir.
         Birincil başvuru: "DevExpress.Pdf.v25.1.Core, Version=25.1.3.0, Culture=neutral, PublicKeyToken=b88d1754d700e49a".
             Çözümlenmiş dosya yolu: "C:\Users\Atakan\.nuget\packages\devexpress.pdf.core\25.1.3\lib\net8.0\DevExpress.Pdf.v25.1.Core.dll".
             Başvuru, "{HintPathFromItem}" arama yolu konumunda bulundu.
             En az bir kaynak öğesi için "Private" "false" olarak ayarlanmış olduğundan ve "Private", herhangi bir kaynak öğesi için "true" olarak ayarlanmış olmadığından bu başvuru "CopyLocal" değildir.
         Birincil başvuru: "DevExpress.Pdf.v25.1.Drawing, Version=25.1.3.0, Culture=neutral, PublicKeyToken=b88d1754d700e49a".
             Çözümlenmiş dosya yolu: "C:\Users\Atakan\.nuget\packages\devexpress.pdf.drawing\25.1.3\lib\net8.0\DevExpress.Pdf.v25.1.Drawing.dll".
             Başvuru, "{HintPathFromItem}" arama yolu konumunda bulundu.
             En az bir kaynak öğesi için "Private" "false" olarak ayarlanmış olduğundan ve "Private", herhangi bir kaynak öğesi için "true" olarak ayarlanmış olmadığından bu başvuru "CopyLocal" değildir.
         Birincil başvuru: "DevExpress.PivotGrid.v25.1.Core, Version=25.1.3.0, Culture=neutral, PublicKeyToken=b88d1754d700e49a".
             Çözümlenmiş dosya yolu: "C:\Users\Atakan\.nuget\packages\devexpress.pivotgrid.core\25.1.3\lib\net8.0\DevExpress.PivotGrid.v25.1.Core.dll".
             Başvuru, "{HintPathFromItem}" arama yolu konumunda bulundu.
             En az bir kaynak öğesi için "Private" "false" olarak ayarlanmış olduğundan ve "Private", herhangi bir kaynak öğesi için "true" olarak ayarlanmış olmadığından bu başvuru "CopyLocal" değildir.
         Birincil başvuru: "DevExpress.Printing.v25.1.Core, Version=25.1.3.0, Culture=neutral, PublicKeyToken=b88d1754d700e49a".
             Çözümlenmiş dosya yolu: "C:\Users\Atakan\.nuget\packages\devexpress.printing.core\25.1.3\lib\net8.0\DevExpress.Printing.v25.1.Core.dll".
             Başvuru, "{HintPathFromItem}" arama yolu konumunda bulundu.
             En az bir kaynak öğesi için "Private" "false" olarak ayarlanmış olduğundan ve "Private", herhangi bir kaynak öğesi için "true" olarak ayarlanmış olmadığından bu başvuru "CopyLocal" değildir.
         Birincil başvuru: "DevExpress.XtraReports.v25.1, Version=25.1.3.0, Culture=neutral, PublicKeyToken=b88d1754d700e49a".
             Çözümlenmiş dosya yolu: "C:\Users\Atakan\.nuget\packages\devexpress.reporting.core\25.1.3\lib\net8.0\DevExpress.XtraReports.v25.1.dll".
             Başvuru, "{HintPathFromItem}" arama yolu konumunda bulundu.
             En az bir kaynak öğesi için "Private" "false" olarak ayarlanmış olduğundan ve "Private", herhangi bir kaynak öğesi için "true" olarak ayarlanmış olmadığından bu başvuru "CopyLocal" değildir.
         Birincil başvuru: "DevExpress.RichEdit.v25.1.Core, Version=25.1.3.0, Culture=neutral, PublicKeyToken=b88d1754d700e49a".
             Çözümlenmiş dosya yolu: "C:\Users\Atakan\.nuget\packages\devexpress.richedit.core\25.1.3\lib\net8.0\DevExpress.RichEdit.v25.1.Core.dll".
             Başvuru, "{HintPathFromItem}" arama yolu konumunda bulundu.
             En az bir kaynak öğesi için "Private" "false" olarak ayarlanmış olduğundan ve "Private", herhangi bir kaynak öğesi için "true" olarak ayarlanmış olmadığından bu başvuru "CopyLocal" değildir.
         Birincil başvuru: "DevExpress.RichEdit.v25.1.Export, Version=25.1.3.0, Culture=neutral, PublicKeyToken=b88d1754d700e49a".
             Çözümlenmiş dosya yolu: "C:\Users\Atakan\.nuget\packages\devexpress.richedit.export\25.1.3\lib\net8.0\DevExpress.RichEdit.v25.1.Export.dll".
             Başvuru, "{HintPathFromItem}" arama yolu konumunda bulundu.
             En az bir kaynak öğesi için "Private" "false" olarak ayarlanmış olduğundan ve "Private", herhangi bir kaynak öğesi için "true" olarak ayarlanmış olmadığından bu başvuru "CopyLocal" değildir.
         Birincil başvuru: "DevExpress.XtraScheduler.v25.1.Core, Version=25.1.3.0, Culture=neutral, PublicKeyToken=b88d1754d700e49a".
             Çözümlenmiş dosya yolu: "C:\Users\Atakan\.nuget\packages\devexpress.scheduler.core\25.1.3\lib\net8.0\DevExpress.XtraScheduler.v25.1.Core.dll".
             Başvuru, "{HintPathFromItem}" arama yolu konumunda bulundu.
             En az bir kaynak öğesi için "Private" "false" olarak ayarlanmış olduğundan ve "Private", herhangi bir kaynak öğesi için "true" olarak ayarlanmış olmadığından bu başvuru "CopyLocal" değildir.
         Birincil başvuru: "DevExpress.XtraScheduler.v25.1.Core.Desktop, Version=25.1.3.0, Culture=neutral, PublicKeyToken=b88d1754d700e49a".
             Çözümlenmiş dosya yolu: "C:\Users\Atakan\.nuget\packages\devexpress.scheduler.coredesktop\25.1.3\lib\net8.0-windows\DevExpress.XtraScheduler.v25.1.Core.Desktop.dll".
             Başvuru, "{HintPathFromItem}" arama yolu konumunda bulundu.
             En az bir kaynak öğesi için "Private" "false" olarak ayarlanmış olduğundan ve "Private", herhangi bir kaynak öğesi için "true" olarak ayarlanmış olmadığından bu başvuru "CopyLocal" değildir.
         Birincil başvuru: "DevExpress.Sparkline.v25.1.Core, Version=25.1.3.0, Culture=neutral, PublicKeyToken=b88d1754d700e49a".
             Çözümlenmiş dosya yolu: "C:\Users\Atakan\.nuget\packages\devexpress.sparkline.core\25.1.3\lib\net8.0\DevExpress.Sparkline.v25.1.Core.dll".
             Başvuru, "{HintPathFromItem}" arama yolu konumunda bulundu.
             En az bir kaynak öğesi için "Private" "false" olarak ayarlanmış olduğundan ve "Private", herhangi bir kaynak öğesi için "true" olarak ayarlanmış olmadığından bu başvuru "CopyLocal" değildir.
         Birincil başvuru: "DevExpress.SpellChecker.v25.1.Core, Version=25.1.3.0, Culture=neutral, PublicKeyToken=b88d1754d700e49a".
             Çözümlenmiş dosya yolu: "C:\Users\Atakan\.nuget\packages\devexpress.spellchecker.core\25.1.3\lib\net8.0\DevExpress.SpellChecker.v25.1.Core.dll".
             Başvuru, "{HintPathFromItem}" arama yolu konumunda bulundu.
             En az bir kaynak öğesi için "Private" "false" olarak ayarlanmış olduğundan ve "Private", herhangi bir kaynak öğesi için "true" olarak ayarlanmış olmadığından bu başvuru "CopyLocal" değildir.
         Birincil başvuru: "DevExpress.Spreadsheet.v25.1.Core, Version=25.1.3.0, Culture=neutral, PublicKeyToken=b88d1754d700e49a".
             Çözümlenmiş dosya yolu: "C:\Users\Atakan\.nuget\packages\devexpress.spreadsheet.core\25.1.3\lib\net8.0\DevExpress.Spreadsheet.v25.1.Core.dll".
             Başvuru, "{HintPathFromItem}" arama yolu konumunda bulundu.
             En az bir kaynak öğesi için "Private" "false" olarak ayarlanmış olduğundan ve "Private", herhangi bir kaynak öğesi için "true" olarak ayarlanmış olmadığından bu başvuru "CopyLocal" değildir.
         Birincil başvuru: "DevExpress.XtraTreeMap.v25.1, Version=25.1.3.0, Culture=neutral, PublicKeyToken=b88d1754d700e49a".
             Çözümlenmiş dosya yolu: "C:\Users\Atakan\.nuget\packages\devexpress.treemap\25.1.3\lib\net8.0\DevExpress.XtraTreeMap.v25.1.dll".
             Başvuru, "{HintPathFromItem}" arama yolu konumunda bulundu.
             En az bir kaynak öğesi için "Private" "false" olarak ayarlanmış olduğundan ve "Private", herhangi bir kaynak öğesi için "true" olarak ayarlanmış olmadığından bu başvuru "CopyLocal" değildir.
         Birincil başvuru: "DevExpress.TreeMap.v25.1.Core, Version=25.1.3.0, Culture=neutral, PublicKeyToken=b88d1754d700e49a".
             Çözümlenmiş dosya yolu: "C:\Users\Atakan\.nuget\packages\devexpress.treemap.core\25.1.3\lib\net8.0\DevExpress.TreeMap.v25.1.Core.dll".
             Başvuru, "{HintPathFromItem}" arama yolu konumunda bulundu.
             En az bir kaynak öğesi için "Private" "false" olarak ayarlanmış olduğundan ve "Private", herhangi bir kaynak öğesi için "true" olarak ayarlanmış olmadığından bu başvuru "CopyLocal" değildir.
         Birincil başvuru: "DevExpress.Utils.v25.1, Version=25.1.3.0, Culture=neutral, PublicKeyToken=b88d1754d700e49a".
             Çözümlenmiş dosya yolu: "C:\Users\Atakan\.nuget\packages\devexpress.utils\25.1.3\lib\net8.0-windows\DevExpress.Utils.v25.1.dll".
             Başvuru, "{HintPathFromItem}" arama yolu konumunda bulundu.
             En az bir kaynak öğesi için "Private" "false" olarak ayarlanmış olduğundan ve "Private", herhangi bir kaynak öğesi için "true" olarak ayarlanmış olmadığından bu başvuru "CopyLocal" değildir.
         Birincil başvuru: "DevExpress.Utils.v25.1.UI, Version=25.1.3.0, Culture=neutral, PublicKeyToken=b88d1754d700e49a".
             Çözümlenmiş dosya yolu: "C:\Users\Atakan\.nuget\packages\devexpress.utils.ui\25.1.3\lib\net8.0-windows\DevExpress.Utils.v25.1.UI.dll".
             Başvuru, "{HintPathFromItem}" arama yolu konumunda bulundu.
             En az bir kaynak öğesi için "Private" "false" olarak ayarlanmış olduğundan ve "Private", herhangi bir kaynak öğesi için "true" olarak ayarlanmış olmadığından bu başvuru "CopyLocal" değildir.
         Birincil başvuru: "DevExpress.XtraNavBar.v25.1, Version=25.1.3.0, Culture=neutral, PublicKeyToken=b88d1754d700e49a".
             Çözümlenmiş dosya yolu: "C:\Users\Atakan\.nuget\packages\devexpress.win\25.1.3\lib\net8.0-windows\DevExpress.XtraNavBar.v25.1.dll".
             Başvuru, "{HintPathFromItem}" arama yolu konumunda bulundu.
             En az bir kaynak öğesi için "Private" "false" olarak ayarlanmış olduğundan ve "Private", herhangi bir kaynak öğesi için "true" olarak ayarlanmış olmadığından bu başvuru "CopyLocal" değildir.
         Birincil başvuru: "DevExpress.XtraWizard.v25.1, Version=25.1.3.0, Culture=neutral, PublicKeyToken=b88d1754d700e49a".
             Çözümlenmiş dosya yolu: "C:\Users\Atakan\.nuget\packages\devexpress.win\25.1.3\lib\net8.0-windows\DevExpress.XtraWizard.v25.1.dll".
             Başvuru, "{HintPathFromItem}" arama yolu konumunda bulundu.
             En az bir kaynak öğesi için "Private" "false" olarak ayarlanmış olduğundan ve "Private", herhangi bir kaynak öğesi için "true" olarak ayarlanmış olmadığından bu başvuru "CopyLocal" değildir.
         Birincil başvuru: "DevExpress.XtraCharts.v25.1.Extensions, Version=25.1.3.0, Culture=neutral, PublicKeyToken=b88d1754d700e49a".
             Çözümlenmiş dosya yolu: "C:\Users\Atakan\.nuget\packages\devexpress.win.charts\25.1.3\lib\net8.0-windows\DevExpress.XtraCharts.v25.1.Extensions.dll".
             Başvuru, "{HintPathFromItem}" arama yolu konumunda bulundu.
             En az bir kaynak öğesi için "Private" "false" olarak ayarlanmış olduğundan ve "Private", herhangi bir kaynak öğesi için "true" olarak ayarlanmış olmadığından bu başvuru "CopyLocal" değildir.
         Birincil başvuru: "DevExpress.XtraCharts.v25.1.UI, Version=25.1.3.0, Culture=neutral, PublicKeyToken=b88d1754d700e49a".
             Çözümlenmiş dosya yolu: "C:\Users\Atakan\.nuget\packages\devexpress.win.charts\25.1.3\lib\net8.0-windows\DevExpress.XtraCharts.v25.1.UI.dll".
             Başvuru, "{HintPathFromItem}" arama yolu konumunda bulundu.
             En az bir kaynak öğesi için "Private" "false" olarak ayarlanmış olduğundan ve "Private", herhangi bir kaynak öğesi için "true" olarak ayarlanmış olmadığından bu başvuru "CopyLocal" değildir.
         Birincil başvuru: "DevExpress.XtraCharts.v25.1.Wizard, Version=25.1.3.0, Culture=neutral, PublicKeyToken=b88d1754d700e49a".
             Çözümlenmiş dosya yolu: "C:\Users\Atakan\.nuget\packages\devexpress.win.charts\25.1.3\lib\net8.0-windows\DevExpress.XtraCharts.v25.1.Wizard.dll".
             Başvuru, "{HintPathFromItem}" arama yolu konumunda bulundu.
             En az bir kaynak öğesi için "Private" "false" olarak ayarlanmış olduğundan ve "Private", herhangi bir kaynak öğesi için "true" olarak ayarlanmış olmadığından bu başvuru "CopyLocal" değildir.
         Birincil başvuru: "DevExpress.XtraDiagram.v25.1, Version=25.1.3.0, Culture=neutral, PublicKeyToken=b88d1754d700e49a".
             Çözümlenmiş dosya yolu: "C:\Users\Atakan\.nuget\packages\devexpress.win.diagram\25.1.3\lib\net8.0-windows\DevExpress.XtraDiagram.v25.1.dll".
             Başvuru, "{HintPathFromItem}" arama yolu konumunda bulundu.
             En az bir kaynak öğesi için "Private" "false" olarak ayarlanmış olduğundan ve "Private", herhangi bir kaynak öğesi için "true" olarak ayarlanmış olmadığından bu başvuru "CopyLocal" değildir.
         Birincil başvuru: "DevExpress.XtraDialogs.v25.1, Version=25.1.3.0, Culture=neutral, PublicKeyToken=b88d1754d700e49a".
             Çözümlenmiş dosya yolu: "C:\Users\Atakan\.nuget\packages\devexpress.win.dialogs\25.1.3\lib\net8.0-windows\DevExpress.XtraDialogs.v25.1.dll".
             Başvuru, "{HintPathFromItem}" arama yolu konumunda bulundu.
             En az bir kaynak öğesi için "Private" "false" olarak ayarlanmış olduğundan ve "Private", herhangi bir kaynak öğesi için "true" olarak ayarlanmış olmadığından bu başvuru "CopyLocal" değildir.
         Birincil başvuru: "DevExpress.Dialogs.v25.1.Core, Version=25.1.3.0, Culture=neutral, PublicKeyToken=b88d1754d700e49a".
             Çözümlenmiş dosya yolu: "C:\Users\Atakan\.nuget\packages\devexpress.win.dialogs.core\25.1.3\lib\net8.0-windows\DevExpress.Dialogs.v25.1.Core.dll".
             Başvuru, "{HintPathFromItem}" arama yolu konumunda bulundu.
             En az bir kaynak öğesi için "Private" "false" olarak ayarlanmış olduğundan ve "Private", herhangi bir kaynak öğesi için "true" olarak ayarlanmış olmadığından bu başvuru "CopyLocal" değildir.
         Birincil başvuru: "DevExpress.XtraGantt.v25.1, Version=25.1.3.0, Culture=neutral, PublicKeyToken=b88d1754d700e49a".
             Çözümlenmiş dosya yolu: "C:\Users\Atakan\.nuget\packages\devexpress.win.gantt\25.1.3\lib\net8.0-windows\DevExpress.XtraGantt.v25.1.dll".
             Başvuru, "{HintPathFromItem}" arama yolu konumunda bulundu.
             En az bir kaynak öğesi için "Private" "false" olarak ayarlanmış olduğundan ve "Private", herhangi bir kaynak öğesi için "true" olarak ayarlanmış olmadığından bu başvuru "CopyLocal" değildir.
         Birincil başvuru: "DevExpress.XtraGauges.v25.1.Presets, Version=25.1.3.0, Culture=neutral, PublicKeyToken=b88d1754d700e49a".
             Çözümlenmiş dosya yolu: "C:\Users\Atakan\.nuget\packages\devexpress.win.gauges\25.1.3\lib\net8.0-windows\DevExpress.XtraGauges.v25.1.Presets.dll".
             Başvuru, "{HintPathFromItem}" arama yolu konumunda bulundu.
             En az bir kaynak öğesi için "Private" "false" olarak ayarlanmış olduğundan ve "Private", herhangi bir kaynak öğesi için "true" olarak ayarlanmış olmadığından bu başvuru "CopyLocal" değildir.
         Birincil başvuru: "DevExpress.XtraGauges.v25.1.Win, Version=25.1.3.0, Culture=neutral, PublicKeyToken=b88d1754d700e49a".
             Çözümlenmiş dosya yolu: "C:\Users\Atakan\.nuget\packages\devexpress.win.gauges\25.1.3\lib\net8.0-windows\DevExpress.XtraGauges.v25.1.Win.dll".
             Başvuru, "{HintPathFromItem}" arama yolu konumunda bulundu.
             En az bir kaynak öğesi için "Private" "false" olarak ayarlanmış olduğundan ve "Private", herhangi bir kaynak öğesi için "true" olarak ayarlanmış olmadığından bu başvuru "CopyLocal" değildir.
         Birincil başvuru: "DevExpress.XtraGrid.v25.1, Version=25.1.3.0, Culture=neutral, PublicKeyToken=b88d1754d700e49a".
             Çözümlenmiş dosya yolu: "C:\Users\Atakan\.nuget\packages\devexpress.win.grid\25.1.3\lib\net8.0-windows\DevExpress.XtraGrid.v25.1.dll".
             Başvuru, "{HintPathFromItem}" arama yolu konumunda bulundu.
             En az bir kaynak öğesi için "Private" "false" olarak ayarlanmış olduğundan ve "Private", herhangi bir kaynak öğesi için "true" olarak ayarlanmış olmadığından bu başvuru "CopyLocal" değildir.
         Birincil başvuru: "DevExpress.XtraMap.v25.1, Version=25.1.3.0, Culture=neutral, PublicKeyToken=b88d1754d700e49a".
             Çözümlenmiş dosya yolu: "C:\Users\Atakan\.nuget\packages\devexpress.win.map\25.1.3\lib\net8.0-windows\DevExpress.XtraMap.v25.1.dll".
             Başvuru, "{HintPathFromItem}" arama yolu konumunda bulundu.
             En az bir kaynak öğesi için "Private" "false" olarak ayarlanmış olduğundan ve "Private", herhangi bir kaynak öğesi için "true" olarak ayarlanmış olmadığından bu başvuru "CopyLocal" değildir.
         Birincil başvuru: "DevExpress.XtraBars.v25.1, Version=25.1.3.0, Culture=neutral, PublicKeyToken=b88d1754d700e49a".
             Çözümlenmiş dosya yolu: "C:\Users\Atakan\.nuget\packages\devexpress.win.navigation\25.1.3\lib\net8.0-windows\DevExpress.XtraBars.v25.1.dll".
             Başvuru, "{HintPathFromItem}" arama yolu konumunda bulundu.
             En az bir kaynak öğesi için "Private" "false" olarak ayarlanmış olduğundan ve "Private", herhangi bir kaynak öğesi için "true" olarak ayarlanmış olmadığından bu başvuru "CopyLocal" değildir.
         Birincil başvuru: "DevExpress.XtraEditors.v25.1, Version=25.1.3.0, Culture=neutral, PublicKeyToken=b88d1754d700e49a".
             Çözümlenmiş dosya yolu: "C:\Users\Atakan\.nuget\packages\devexpress.win.navigation\25.1.3\lib\net8.0-windows\DevExpress.XtraEditors.v25.1.dll".
             Başvuru, "{HintPathFromItem}" arama yolu konumunda bulundu.
             En az bir kaynak öğesi için "Private" "false" olarak ayarlanmış olduğundan ve "Private", herhangi bir kaynak öğesi için "true" olarak ayarlanmış olmadığından bu başvuru "CopyLocal" değildir.
         Birincil başvuru: "DevExpress.XtraLayout.v25.1, Version=25.1.3.0, Culture=neutral, PublicKeyToken=b88d1754d700e49a".
             Çözümlenmiş dosya yolu: "C:\Users\Atakan\.nuget\packages\devexpress.win.navigation\25.1.3\lib\net8.0-windows\DevExpress.XtraLayout.v25.1.dll".
             Başvuru, "{HintPathFromItem}" arama yolu konumunda bulundu.
             En az bir kaynak öğesi için "Private" "false" olarak ayarlanmış olduğundan ve "Private", herhangi bir kaynak öğesi için "true" olarak ayarlanmış olmadığından bu başvuru "CopyLocal" değildir.
         Birincil başvuru: "DevExpress.XtraPdfViewer.v25.1, Version=25.1.3.0, Culture=neutral, PublicKeyToken=b88d1754d700e49a".
             Çözümlenmiş dosya yolu: "C:\Users\Atakan\.nuget\packages\devexpress.win.pdfviewer\25.1.3\lib\net8.0-windows\DevExpress.XtraPdfViewer.v25.1.dll".
             Başvuru, "{HintPathFromItem}" arama yolu konumunda bulundu.
             En az bir kaynak öğesi için "Private" "false" olarak ayarlanmış olduğundan ve "Private", herhangi bir kaynak öğesi için "true" olarak ayarlanmış olmadığından bu başvuru "CopyLocal" değildir.
         Birincil başvuru: "DevExpress.XtraPivotGrid.v25.1, Version=25.1.3.0, Culture=neutral, PublicKeyToken=b88d1754d700e49a".
             Çözümlenmiş dosya yolu: "C:\Users\Atakan\.nuget\packages\devexpress.win.pivotgrid\25.1.3\lib\net8.0-windows\DevExpress.XtraPivotGrid.v25.1.dll".
             Başvuru, "{HintPathFromItem}" arama yolu konumunda bulundu.
             En az bir kaynak öğesi için "Private" "false" olarak ayarlanmış olduğundan ve "Private", herhangi bir kaynak öğesi için "true" olarak ayarlanmış olmadığından bu başvuru "CopyLocal" değildir.
         Birincil başvuru: "DevExpress.XtraPrinting.v25.1, Version=25.1.3.0, Culture=neutral, PublicKeyToken=b88d1754d700e49a".
             Çözümlenmiş dosya yolu: "C:\Users\Atakan\.nuget\packages\devexpress.win.printing\25.1.3\lib\net8.0-windows\DevExpress.XtraPrinting.v25.1.dll".
             Başvuru, "{HintPathFromItem}" arama yolu konumunda bulundu.
             En az bir kaynak öğesi için "Private" "false" olarak ayarlanmış olduğundan ve "Private", herhangi bir kaynak öğesi için "true" olarak ayarlanmış olmadığından bu başvuru "CopyLocal" değildir.
         Birincil başvuru: "DevExpress.XtraReports.v25.1.Extensions, Version=25.1.3.0, Culture=neutral, PublicKeyToken=b88d1754d700e49a".
             Çözümlenmiş dosya yolu: "C:\Users\Atakan\.nuget\packages\devexpress.win.reporting\25.1.3\lib\net8.0-windows\DevExpress.XtraReports.v25.1.Extensions.dll".
             Başvuru, "{HintPathFromItem}" arama yolu konumunda bulundu.
             En az bir kaynak öğesi için "Private" "false" olarak ayarlanmış olduğundan ve "Private", herhangi bir kaynak öğesi için "true" olarak ayarlanmış olmadığından bu başvuru "CopyLocal" değildir.
         Birincil başvuru: "DevExpress.XtraRichEdit.v25.1, Version=25.1.3.0, Culture=neutral, PublicKeyToken=b88d1754d700e49a".
             Çözümlenmiş dosya yolu: "C:\Users\Atakan\.nuget\packages\devexpress.win.richedit\25.1.3\lib\net8.0-windows\DevExpress.XtraRichEdit.v25.1.dll".
             Başvuru, "{HintPathFromItem}" arama yolu konumunda bulundu.
             En az bir kaynak öğesi için "Private" "false" olarak ayarlanmış olduğundan ve "Private", herhangi bir kaynak öğesi için "true" olarak ayarlanmış olmadığından bu başvuru "CopyLocal" değildir.
         Birincil başvuru: "DevExpress.XtraScheduler.v25.1, Version=25.1.3.0, Culture=neutral, PublicKeyToken=b88d1754d700e49a".
             Çözümlenmiş dosya yolu: "C:\Users\Atakan\.nuget\packages\devexpress.win.scheduler\25.1.3\lib\net8.0-windows\DevExpress.XtraScheduler.v25.1.dll".
             Başvuru, "{HintPathFromItem}" arama yolu konumunda bulundu.
             En az bir kaynak öğesi için "Private" "false" olarak ayarlanmış olduğundan ve "Private", herhangi bir kaynak öğesi için "true" olarak ayarlanmış olmadığından bu başvuru "CopyLocal" değildir.
         Birincil başvuru: "DevExpress.XtraScheduler.v25.1.Extensions, Version=25.1.3.0, Culture=neutral, PublicKeyToken=b88d1754d700e49a".
             Çözümlenmiş dosya yolu: "C:\Users\Atakan\.nuget\packages\devexpress.win.schedulerextensions\25.1.3\lib\net8.0-windows\DevExpress.XtraScheduler.v25.1.Extensions.dll".
             Başvuru, "{HintPathFromItem}" arama yolu konumunda bulundu.
             En az bir kaynak öğesi için "Private" "false" olarak ayarlanmış olduğundan ve "Private", herhangi bir kaynak öğesi için "true" olarak ayarlanmış olmadığından bu başvuru "CopyLocal" değildir.
         Birincil başvuru: "DevExpress.XtraScheduler.v25.1.Reporting.Extensions, Version=25.1.3.0, Culture=neutral, PublicKeyToken=b88d1754d700e49a".
             Çözümlenmiş dosya yolu: "C:\Users\Atakan\.nuget\packages\devexpress.win.schedulerextensions\25.1.3\lib\net8.0-windows\DevExpress.XtraScheduler.v25.1.Reporting.Extensions.dll".
             Başvuru, "{HintPathFromItem}" arama yolu konumunda bulundu.
             En az bir kaynak öğesi için "Private" "false" olarak ayarlanmış olduğundan ve "Private", herhangi bir kaynak öğesi için "true" olarak ayarlanmış olmadığından bu başvuru "CopyLocal" değildir.
         Birincil başvuru: "DevExpress.XtraScheduler.v25.1.Reporting, Version=25.1.3.0, Culture=neutral, PublicKeyToken=b88d1754d700e49a".
             Çözümlenmiş dosya yolu: "C:\Users\Atakan\.nuget\packages\devexpress.win.schedulerreporting\25.1.3\lib\net8.0-windows\DevExpress.XtraScheduler.v25.1.Reporting.dll".
             Başvuru, "{HintPathFromItem}" arama yolu konumunda bulundu.
             En az bir kaynak öğesi için "Private" "false" olarak ayarlanmış olduğundan ve "Private", herhangi bir kaynak öğesi için "true" olarak ayarlanmış olmadığından bu başvuru "CopyLocal" değildir.
         Birincil başvuru: "DevExpress.XtraSpellChecker.v25.1, Version=25.1.3.0, Culture=neutral, PublicKeyToken=b88d1754d700e49a".
             Çözümlenmiş dosya yolu: "C:\Users\Atakan\.nuget\packages\devexpress.win.spellchecker\25.1.3\lib\net8.0-windows\DevExpress.XtraSpellChecker.v25.1.dll".
             Başvuru, "{HintPathFromItem}" arama yolu konumunda bulundu.
             En az bir kaynak öğesi için "Private" "false" olarak ayarlanmış olduğundan ve "Private", herhangi bir kaynak öğesi için "true" olarak ayarlanmış olmadığından bu başvuru "CopyLocal" değildir.
         Birincil başvuru: "DevExpress.XtraSpreadsheet.v25.1, Version=25.1.3.0, Culture=neutral, PublicKeyToken=b88d1754d700e49a".
             Çözümlenmiş dosya yolu: "C:\Users\Atakan\.nuget\packages\devexpress.win.spreadsheet\25.1.3\lib\net8.0-windows\DevExpress.XtraSpreadsheet.v25.1.dll".
             Başvuru, "{HintPathFromItem}" arama yolu konumunda bulundu.
             En az bir kaynak öğesi için "Private" "false" olarak ayarlanmış olduğundan ve "Private", herhangi bir kaynak öğesi için "true" olarak ayarlanmış olmadığından bu başvuru "CopyLocal" değildir.
         Birincil başvuru: "DevExpress.XtraTreeList.v25.1, Version=25.1.3.0, Culture=neutral, PublicKeyToken=b88d1754d700e49a".
             Çözümlenmiş dosya yolu: "C:\Users\Atakan\.nuget\packages\devexpress.win.treelist\25.1.3\lib\net8.0-windows\DevExpress.XtraTreeList.v25.1.dll".
             Başvuru, "{HintPathFromItem}" arama yolu konumunda bulundu.
             En az bir kaynak öğesi için "Private" "false" olarak ayarlanmış olduğundan ve "Private", herhangi bir kaynak öğesi için "true" olarak ayarlanmış olmadığından bu başvuru "CopyLocal" değildir.
         Birincil başvuru: "DevExpress.XtraTreeMap.v25.1.UI, Version=25.1.3.0, Culture=neutral, PublicKeyToken=b88d1754d700e49a".
             Çözümlenmiş dosya yolu: "C:\Users\Atakan\.nuget\packages\devexpress.win.treemap\25.1.3\lib\net8.0-windows\DevExpress.XtraTreeMap.v25.1.UI.dll".
             Başvuru, "{HintPathFromItem}" arama yolu konumunda bulundu.
             En az bir kaynak öğesi için "Private" "false" olarak ayarlanmış olduğundan ve "Private", herhangi bir kaynak öğesi için "true" olarak ayarlanmış olmadığından bu başvuru "CopyLocal" değildir.
         Birincil başvuru: "DevExpress.XtraVerticalGrid.v25.1, Version=25.1.3.0, Culture=neutral, PublicKeyToken=b88d1754d700e49a".
             Çözümlenmiş dosya yolu: "C:\Users\Atakan\.nuget\packages\devexpress.win.verticalgrid\25.1.3\lib\net8.0-windows\DevExpress.XtraVerticalGrid.v25.1.dll".
             Başvuru, "{HintPathFromItem}" arama yolu konumunda bulundu.
             En az bir kaynak öğesi için "Private" "false" olarak ayarlanmış olduğundan ve "Private", herhangi bir kaynak öğesi için "true" olarak ayarlanmış olmadığından bu başvuru "CopyLocal" değildir.
         Birincil başvuru: "DevExpress.Xpo.v25.1, Version=25.1.3.0, Culture=neutral, PublicKeyToken=b88d1754d700e49a".
             Çözümlenmiş dosya yolu: "C:\Users\Atakan\.nuget\packages\devexpress.xpo\25.1.3\lib\net8.0\DevExpress.Xpo.v25.1.dll".
             Başvuru, "{HintPathFromItem}" arama yolu konumunda bulundu.
             En az bir kaynak öğesi için "Private" "false" olarak ayarlanmış olduğundan ve "Private", herhangi bir kaynak öğesi için "true" olarak ayarlanmış olmadığından bu başvuru "CopyLocal" değildir.
         Birincil başvuru: "Microsoft.Extensions.DependencyInjection, Version=8.0.0.0, Culture=neutral, PublicKeyToken=adb9793829ddae60".
             Çözümlenmiş dosya yolu: "C:\Users\Atakan\.nuget\packages\microsoft.extensions.dependencyinjection\8.0.1\lib\net8.0\Microsoft.Extensions.DependencyInjection.dll".
             Başvuru, "{HintPathFromItem}" arama yolu konumunda bulundu.
             En az bir kaynak öğesi için "Private" "false" olarak ayarlanmış olduğundan ve "Private", herhangi bir kaynak öğesi için "true" olarak ayarlanmış olmadığından bu başvuru "CopyLocal" değildir.
         Birincil başvuru: "Microsoft.Extensions.DependencyInjection.Abstractions, Version=8.0.0.0, Culture=neutral, PublicKeyToken=adb9793829ddae60".
             Çözümlenmiş dosya yolu: "C:\Users\Atakan\.nuget\packages\microsoft.extensions.dependencyinjection.abstractions\8.0.2\lib\net8.0\Microsoft.Extensions.DependencyInjection.Abstractions.dll".
             Başvuru, "{HintPathFromItem}" arama yolu konumunda bulundu.
             En az bir kaynak öğesi için "Private" "false" olarak ayarlanmış olduğundan ve "Private", herhangi bir kaynak öğesi için "true" olarak ayarlanmış olmadığından bu başvuru "CopyLocal" değildir.
         Birincil başvuru: "Microsoft.Extensions.ObjectPool, Version=8.0.0.0, Culture=neutral, PublicKeyToken=adb9793829ddae60".
             Çözümlenmiş dosya yolu: "C:\Users\Atakan\.nuget\packages\microsoft.extensions.objectpool\8.0.10\lib\net8.0\Microsoft.Extensions.ObjectPool.dll".
             Başvuru, "{HintPathFromItem}" arama yolu konumunda bulundu.
             En az bir kaynak öğesi için "Private" "false" olarak ayarlanmış olduğundan ve "Private", herhangi bir kaynak öğesi için "true" olarak ayarlanmış olmadığından bu başvuru "CopyLocal" değildir.
         Birincil başvuru: "Newtonsoft.Json, Version=13.0.0.0, Culture=neutral, PublicKeyToken=30ad4fe6b2a6aeed".
             Çözümlenmiş dosya yolu: "C:\Users\Atakan\.nuget\packages\newtonsoft.json\13.0.3\lib\net6.0\Newtonsoft.Json.dll".
             Başvuru, "{HintPathFromItem}" arama yolu konumunda bulundu.
             En az bir kaynak öğesi için "Private" "false" olarak ayarlanmış olduğundan ve "Private", herhangi bir kaynak öğesi için "true" olarak ayarlanmış olmadığından bu başvuru "CopyLocal" değildir.
         Birincil başvuru: "System.Data.SQLite, Version=1.0.118.0, Culture=neutral, PublicKeyToken=db937bc2d44ff139".
             Çözümlenmiş dosya yolu: "C:\Users\Atakan\.nuget\packages\stub.system.data.sqlite.core.netstandard\1.0.118\lib\netstandard2.1\System.Data.SQLite.dll".
             Başvuru, "{HintPathFromItem}" arama yolu konumunda bulundu.
             En az bir kaynak öğesi için "Private" "false" olarak ayarlanmış olduğundan ve "Private", herhangi bir kaynak öğesi için "true" olarak ayarlanmış olmadığından bu başvuru "CopyLocal" değildir.
         Birincil başvuru: "System.Data.OleDb, Version=8.0.0.1, Culture=neutral, PublicKeyToken=cc7b13ffcd2ddd51".
             Çözümlenmiş dosya yolu: "C:\Users\Atakan\.nuget\packages\system.data.oledb\8.0.1\lib\net8.0\System.Data.OleDb.dll".
             Başvuru, "{HintPathFromItem}" arama yolu konumunda bulundu.
             En az bir kaynak öğesi için "Private" "false" olarak ayarlanmış olduğundan ve "Private", herhangi bir kaynak öğesi için "true" olarak ayarlanmış olmadığından bu başvuru "CopyLocal" değildir.
         Birincil başvuru: "System.Data.SqlClient, Version=4.6.1.6, Culture=neutral, PublicKeyToken=b03f5f7f11d50a3a".
             Çözümlenmiş dosya yolu: "C:\Users\Atakan\.nuget\packages\system.data.sqlclient\4.8.6\ref\netcoreapp2.1\System.Data.SqlClient.dll".
             Başvuru, "{HintPathFromItem}" arama yolu konumunda bulundu.
             En az bir kaynak öğesi için "Private" "false" olarak ayarlanmış olduğundan ve "Private", herhangi bir kaynak öğesi için "true" olarak ayarlanmış olmadığından bu başvuru "CopyLocal" değildir.
         Birincil başvuru: "System.ServiceModel.Http, Version=8.1.2.0, Culture=neutral, PublicKeyToken=b03f5f7f11d50a3a".
             Çözümlenmiş dosya yolu: "C:\Users\Atakan\.nuget\packages\system.servicemodel.http\8.1.2\ref\net8.0\System.ServiceModel.Http.dll".
             Başvuru, "{HintPathFromItem}" arama yolu konumunda bulundu.
             En az bir kaynak öğesi için "Private" "false" olarak ayarlanmış olduğundan ve "Private", herhangi bir kaynak öğesi için "true" olarak ayarlanmış olmadığından bu başvuru "CopyLocal" değildir.
         Birincil başvuru: "System.ServiceModel.NetFramingBase, Version=8.1.2.0, Culture=neutral, PublicKeyToken=b03f5f7f11d50a3a".
             Çözümlenmiş dosya yolu: "C:\Users\Atakan\.nuget\packages\system.servicemodel.netframingbase\8.1.2\ref\net8.0\System.ServiceModel.NetFramingBase.dll".
             Başvuru, "{HintPathFromItem}" arama yolu konumunda bulundu.
             En az bir kaynak öğesi için "Private" "false" olarak ayarlanmış olduğundan ve "Private", herhangi bir kaynak öğesi için "true" olarak ayarlanmış olmadığından bu başvuru "CopyLocal" değildir.
         Birincil başvuru: "System.ServiceModel.NetTcp, Version=8.1.2.0, Culture=neutral, PublicKeyToken=b03f5f7f11d50a3a".
             Çözümlenmiş dosya yolu: "C:\Users\Atakan\.nuget\packages\system.servicemodel.nettcp\8.1.2\ref\net8.0\System.ServiceModel.NetTcp.dll".
             Başvuru, "{HintPathFromItem}" arama yolu konumunda bulundu.
             En az bir kaynak öğesi için "Private" "false" olarak ayarlanmış olduğundan ve "Private", herhangi bir kaynak öğesi için "true" olarak ayarlanmış olmadığından bu başvuru "CopyLocal" değildir.
         Birincil başvuru: "System.ServiceModel.Duplex, Version=8.1.2.0, Culture=neutral, PublicKeyToken=b03f5f7f11d50a3a".
             Çözümlenmiş dosya yolu: "C:\Users\Atakan\.nuget\packages\system.servicemodel.primitives\8.1.2\ref\net8.0\System.ServiceModel.Duplex.dll".
             Başvuru, "{HintPathFromItem}" arama yolu konumunda bulundu.
             En az bir kaynak öğesi için "Private" "false" olarak ayarlanmış olduğundan ve "Private", herhangi bir kaynak öğesi için "true" olarak ayarlanmış olmadığından bu başvuru "CopyLocal" değildir.
         Birincil başvuru: "System.ServiceModel.Primitives, Version=8.1.2.0, Culture=neutral, PublicKeyToken=b03f5f7f11d50a3a".
             Çözümlenmiş dosya yolu: "C:\Users\Atakan\.nuget\packages\system.servicemodel.primitives\8.1.2\ref\net8.0\System.ServiceModel.Primitives.dll".
             Başvuru, "{HintPathFromItem}" arama yolu konumunda bulundu.
             En az bir kaynak öğesi için "Private" "false" olarak ayarlanmış olduğundan ve "Private", herhangi bir kaynak öğesi için "true" olarak ayarlanmış olmadığından bu başvuru "CopyLocal" değildir.
         Birincil başvuru: "System.ServiceModel.Security, Version=8.1.2.0, Culture=neutral, PublicKeyToken=b03f5f7f11d50a3a".
             Çözümlenmiş dosya yolu: "C:\Users\Atakan\.nuget\packages\system.servicemodel.primitives\8.1.2\ref\net8.0\System.ServiceModel.Security.dll".
             Başvuru, "{HintPathFromItem}" arama yolu konumunda bulundu.
             En az bir kaynak öğesi için "Private" "false" olarak ayarlanmış olduğundan ve "Private", herhangi bir kaynak öğesi için "true" olarak ayarlanmış olmadığından bu başvuru "CopyLocal" değildir.
         Birincil başvuru: "System.ServiceModel, Version=4.0.0.0, Culture=neutral, PublicKeyToken=b77a5c561934e089".
             Çözümlenmiş dosya yolu: "C:\Users\Atakan\.nuget\packages\system.servicemodel.primitives\8.1.2\ref\net8.0\System.ServiceModel.dll".
             Başvuru, "{HintPathFromItem}" arama yolu konumunda bulundu.
             En az bir kaynak öğesi için "Private" "false" olarak ayarlanmış olduğundan ve "Private", herhangi bir kaynak öğesi için "true" olarak ayarlanmış olmadığından bu başvuru "CopyLocal" değildir.
         Birincil başvuru: "Microsoft.CSharp, Version=8.0.0.0, Culture=neutral, PublicKeyToken=b03f5f7f11d50a3a".
             Çözümlenmiş dosya yolu: "C:\Program Files\dotnet\packs\Microsoft.NETCore.App.Ref\8.0.22\ref\net8.0\Microsoft.CSharp.dll".
             Başvuru, "{RawFileName}" arama yolu konumunda bulundu.
             En az bir kaynak öğesi için "Private" "false" olarak ayarlanmış olduğundan ve "Private", herhangi bir kaynak öğesi için "true" olarak ayarlanmış olmadığından bu başvuru "CopyLocal" değildir.
         Birincil başvuru: "Microsoft.VisualBasic.Core, Version=13.0.0.0, Culture=neutral, PublicKeyToken=b03f5f7f11d50a3a".
             Çözümlenmiş dosya yolu: "C:\Program Files\dotnet\packs\Microsoft.NETCore.App.Ref\8.0.22\ref\net8.0\Microsoft.VisualBasic.Core.dll".
             Başvuru, "{RawFileName}" arama yolu konumunda bulundu.
             En az bir kaynak öğesi için "Private" "false" olarak ayarlanmış olduğundan ve "Private", herhangi bir kaynak öğesi için "true" olarak ayarlanmış olmadığından bu başvuru "CopyLocal" değildir.
         Birincil başvuru: "Microsoft.Win32.Primitives, Version=8.0.0.0, Culture=neutral, PublicKeyToken=b03f5f7f11d50a3a".
             Çözümlenmiş dosya yolu: "C:\Program Files\dotnet\packs\Microsoft.NETCore.App.Ref\8.0.22\ref\net8.0\Microsoft.Win32.Primitives.dll".
             Başvuru, "{RawFileName}" arama yolu konumunda bulundu.
             En az bir kaynak öğesi için "Private" "false" olarak ayarlanmış olduğundan ve "Private", herhangi bir kaynak öğesi için "true" olarak ayarlanmış olmadığından bu başvuru "CopyLocal" değildir.
         Birincil başvuru: "Microsoft.Win32.Registry, Version=8.0.0.0, Culture=neutral, PublicKeyToken=b03f5f7f11d50a3a".
             Çözümlenmiş dosya yolu: "C:\Program Files\dotnet\packs\Microsoft.NETCore.App.Ref\8.0.22\ref\net8.0\Microsoft.Win32.Registry.dll".
             Başvuru, "{RawFileName}" arama yolu konumunda bulundu.
             En az bir kaynak öğesi için "Private" "false" olarak ayarlanmış olduğundan ve "Private", herhangi bir kaynak öğesi için "true" olarak ayarlanmış olmadığından bu başvuru "CopyLocal" değildir.
         Birincil başvuru: "System.AppContext, Version=8.0.0.0, Culture=neutral, PublicKeyToken=b03f5f7f11d50a3a".
             Çözümlenmiş dosya yolu: "C:\Program Files\dotnet\packs\Microsoft.NETCore.App.Ref\8.0.22\ref\net8.0\System.AppContext.dll".
             Başvuru, "{RawFileName}" arama yolu konumunda bulundu.
             En az bir kaynak öğesi için "Private" "false" olarak ayarlanmış olduğundan ve "Private", herhangi bir kaynak öğesi için "true" olarak ayarlanmış olmadığından bu başvuru "CopyLocal" değildir.
         Birincil başvuru: "System.Buffers, Version=8.0.0.0, Culture=neutral, PublicKeyToken=cc7b13ffcd2ddd51".
             Çözümlenmiş dosya yolu: "C:\Program Files\dotnet\packs\Microsoft.NETCore.App.Ref\8.0.22\ref\net8.0\System.Buffers.dll".
             Başvuru, "{RawFileName}" arama yolu konumunda bulundu.
             En az bir kaynak öğesi için "Private" "false" olarak ayarlanmış olduğundan ve "Private", herhangi bir kaynak öğesi için "true" olarak ayarlanmış olmadığından bu başvuru "CopyLocal" değildir.
         Birincil başvuru: "System.Collections.Concurrent, Version=8.0.0.0, Culture=neutral, PublicKeyToken=b03f5f7f11d50a3a".
             Çözümlenmiş dosya yolu: "C:\Program Files\dotnet\packs\Microsoft.NETCore.App.Ref\8.0.22\ref\net8.0\System.Collections.Concurrent.dll".
             Başvuru, "{RawFileName}" arama yolu konumunda bulundu.
             En az bir kaynak öğesi için "Private" "false" olarak ayarlanmış olduğundan ve "Private", herhangi bir kaynak öğesi için "true" olarak ayarlanmış olmadığından bu başvuru "CopyLocal" değildir.
         Birincil başvuru: "System.Collections.Immutable, Version=8.0.0.0, Culture=neutral, PublicKeyToken=b03f5f7f11d50a3a".
             Çözümlenmiş dosya yolu: "C:\Program Files\dotnet\packs\Microsoft.NETCore.App.Ref\8.0.22\ref\net8.0\System.Collections.Immutable.dll".
             Başvuru, "{RawFileName}" arama yolu konumunda bulundu.
             En az bir kaynak öğesi için "Private" "false" olarak ayarlanmış olduğundan ve "Private", herhangi bir kaynak öğesi için "true" olarak ayarlanmış olmadığından bu başvuru "CopyLocal" değildir.
         Birincil başvuru: "System.Collections.NonGeneric, Version=8.0.0.0, Culture=neutral, PublicKeyToken=b03f5f7f11d50a3a".
             Çözümlenmiş dosya yolu: "C:\Program Files\dotnet\packs\Microsoft.NETCore.App.Ref\8.0.22\ref\net8.0\System.Collections.NonGeneric.dll".
             Başvuru, "{RawFileName}" arama yolu konumunda bulundu.
             En az bir kaynak öğesi için "Private" "false" olarak ayarlanmış olduğundan ve "Private", herhangi bir kaynak öğesi için "true" olarak ayarlanmış olmadığından bu başvuru "CopyLocal" değildir.
         Birincil başvuru: "System.Collections.Specialized, Version=8.0.0.0, Culture=neutral, PublicKeyToken=b03f5f7f11d50a3a".
             Çözümlenmiş dosya yolu: "C:\Program Files\dotnet\packs\Microsoft.NETCore.App.Ref\8.0.22\ref\net8.0\System.Collections.Specialized.dll".
             Başvuru, "{RawFileName}" arama yolu konumunda bulundu.
             En az bir kaynak öğesi için "Private" "false" olarak ayarlanmış olduğundan ve "Private", herhangi bir kaynak öğesi için "true" olarak ayarlanmış olmadığından bu başvuru "CopyLocal" değildir.
         Birincil başvuru: "System.Collections, Version=8.0.0.0, Culture=neutral, PublicKeyToken=b03f5f7f11d50a3a".
             Çözümlenmiş dosya yolu: "C:\Program Files\dotnet\packs\Microsoft.NETCore.App.Ref\8.0.22\ref\net8.0\System.Collections.dll".
             Başvuru, "{RawFileName}" arama yolu konumunda bulundu.
             En az bir kaynak öğesi için "Private" "false" olarak ayarlanmış olduğundan ve "Private", herhangi bir kaynak öğesi için "true" olarak ayarlanmış olmadığından bu başvuru "CopyLocal" değildir.
         Birincil başvuru: "System.ComponentModel.Annotations, Version=8.0.0.0, Culture=neutral, PublicKeyToken=b03f5f7f11d50a3a".
             Çözümlenmiş dosya yolu: "C:\Program Files\dotnet\packs\Microsoft.NETCore.App.Ref\8.0.22\ref\net8.0\System.ComponentModel.Annotations.dll".
             Başvuru, "{RawFileName}" arama yolu konumunda bulundu.
             En az bir kaynak öğesi için "Private" "false" olarak ayarlanmış olduğundan ve "Private", herhangi bir kaynak öğesi için "true" olarak ayarlanmış olmadığından bu başvuru "CopyLocal" değildir.
         Birincil başvuru: "System.ComponentModel.DataAnnotations, Version=4.0.0.0, Culture=neutral, PublicKeyToken=31bf3856ad364e35".
             Çözümlenmiş dosya yolu: "C:\Program Files\dotnet\packs\Microsoft.NETCore.App.Ref\8.0.22\ref\net8.0\System.ComponentModel.DataAnnotations.dll".
             Başvuru, "{RawFileName}" arama yolu konumunda bulundu.
             En az bir kaynak öğesi için "Private" "false" olarak ayarlanmış olduğundan ve "Private", herhangi bir kaynak öğesi için "true" olarak ayarlanmış olmadığından bu başvuru "CopyLocal" değildir.
         Birincil başvuru: "System.ComponentModel.EventBasedAsync, Version=8.0.0.0, Culture=neutral, PublicKeyToken=b03f5f7f11d50a3a".
             Çözümlenmiş dosya yolu: "C:\Program Files\dotnet\packs\Microsoft.NETCore.App.Ref\8.0.22\ref\net8.0\System.ComponentModel.EventBasedAsync.dll".
             Başvuru, "{RawFileName}" arama yolu konumunda bulundu.
             En az bir kaynak öğesi için "Private" "false" olarak ayarlanmış olduğundan ve "Private", herhangi bir kaynak öğesi için "true" olarak ayarlanmış olmadığından bu başvuru "CopyLocal" değildir.
         Birincil başvuru: "System.ComponentModel.Primitives, Version=8.0.0.0, Culture=neutral, PublicKeyToken=b03f5f7f11d50a3a".
             Çözümlenmiş dosya yolu: "C:\Program Files\dotnet\packs\Microsoft.NETCore.App.Ref\8.0.22\ref\net8.0\System.ComponentModel.Primitives.dll".
             Başvuru, "{RawFileName}" arama yolu konumunda bulundu.
             En az bir kaynak öğesi için "Private" "false" olarak ayarlanmış olduğundan ve "Private", herhangi bir kaynak öğesi için "true" olarak ayarlanmış olmadığından bu başvuru "CopyLocal" değildir.
         Birincil başvuru: "System.ComponentModel.TypeConverter, Version=8.0.0.0, Culture=neutral, PublicKeyToken=b03f5f7f11d50a3a".
             Çözümlenmiş dosya yolu: "C:\Program Files\dotnet\packs\Microsoft.NETCore.App.Ref\8.0.22\ref\net8.0\System.ComponentModel.TypeConverter.dll".
             Başvuru, "{RawFileName}" arama yolu konumunda bulundu.
             En az bir kaynak öğesi için "Private" "false" olarak ayarlanmış olduğundan ve "Private", herhangi bir kaynak öğesi için "true" olarak ayarlanmış olmadığından bu başvuru "CopyLocal" değildir.
         Birincil başvuru: "System.ComponentModel, Version=8.0.0.0, Culture=neutral, PublicKeyToken=b03f5f7f11d50a3a".
             Çözümlenmiş dosya yolu: "C:\Program Files\dotnet\packs\Microsoft.NETCore.App.Ref\8.0.22\ref\net8.0\System.ComponentModel.dll".
             Başvuru, "{RawFileName}" arama yolu konumunda bulundu.
             En az bir kaynak öğesi için "Private" "false" olarak ayarlanmış olduğundan ve "Private", herhangi bir kaynak öğesi için "true" olarak ayarlanmış olmadığından bu başvuru "CopyLocal" değildir.
         Birincil başvuru: "System.Configuration, Version=4.0.0.0, Culture=neutral, PublicKeyToken=b03f5f7f11d50a3a".
             Çözümlenmiş dosya yolu: "C:\Program Files\dotnet\packs\Microsoft.NETCore.App.Ref\8.0.22\ref\net8.0\System.Configuration.dll".
             Başvuru, "{RawFileName}" arama yolu konumunda bulundu.
             En az bir kaynak öğesi için "Private" "false" olarak ayarlanmış olduğundan ve "Private", herhangi bir kaynak öğesi için "true" olarak ayarlanmış olmadığından bu başvuru "CopyLocal" değildir.
         Birincil başvuru: "System.Console, Version=8.0.0.0, Culture=neutral, PublicKeyToken=b03f5f7f11d50a3a".
             Çözümlenmiş dosya yolu: "C:\Program Files\dotnet\packs\Microsoft.NETCore.App.Ref\8.0.22\ref\net8.0\System.Console.dll".
             Başvuru, "{RawFileName}" arama yolu konumunda bulundu.
             En az bir kaynak öğesi için "Private" "false" olarak ayarlanmış olduğundan ve "Private", herhangi bir kaynak öğesi için "true" olarak ayarlanmış olmadığından bu başvuru "CopyLocal" değildir.
         Birincil başvuru: "System.Core, Version=4.0.0.0, Culture=neutral, PublicKeyToken=b77a5c561934e089".
             Çözümlenmiş dosya yolu: "C:\Program Files\dotnet\packs\Microsoft.NETCore.App.Ref\8.0.22\ref\net8.0\System.Core.dll".
             Başvuru, "{RawFileName}" arama yolu konumunda bulundu.
             En az bir kaynak öğesi için "Private" "false" olarak ayarlanmış olduğundan ve "Private", herhangi bir kaynak öğesi için "true" olarak ayarlanmış olmadığından bu başvuru "CopyLocal" değildir.
         Birincil başvuru: "System.Data.Common, Version=8.0.0.0, Culture=neutral, PublicKeyToken=b03f5f7f11d50a3a".
             Çözümlenmiş dosya yolu: "C:\Program Files\dotnet\packs\Microsoft.NETCore.App.Ref\8.0.22\ref\net8.0\System.Data.Common.dll".
             Başvuru, "{RawFileName}" arama yolu konumunda bulundu.
             En az bir kaynak öğesi için "Private" "false" olarak ayarlanmış olduğundan ve "Private", herhangi bir kaynak öğesi için "true" olarak ayarlanmış olmadığından bu başvuru "CopyLocal" değildir.
         Birincil başvuru: "System.Data.DataSetExtensions, Version=8.0.0.0, Culture=neutral, PublicKeyToken=b77a5c561934e089".
             Çözümlenmiş dosya yolu: "C:\Program Files\dotnet\packs\Microsoft.NETCore.App.Ref\8.0.22\ref\net8.0\System.Data.DataSetExtensions.dll".
             Başvuru, "{RawFileName}" arama yolu konumunda bulundu.
             En az bir kaynak öğesi için "Private" "false" olarak ayarlanmış olduğundan ve "Private", herhangi bir kaynak öğesi için "true" olarak ayarlanmış olmadığından bu başvuru "CopyLocal" değildir.
         Birincil başvuru: "System.Data, Version=4.0.0.0, Culture=neutral, PublicKeyToken=b77a5c561934e089".
             Çözümlenmiş dosya yolu: "C:\Program Files\dotnet\packs\Microsoft.NETCore.App.Ref\8.0.22\ref\net8.0\System.Data.dll".
             Başvuru, "{RawFileName}" arama yolu konumunda bulundu.
             En az bir kaynak öğesi için "Private" "false" olarak ayarlanmış olduğundan ve "Private", herhangi bir kaynak öğesi için "true" olarak ayarlanmış olmadığından bu başvuru "CopyLocal" değildir.
         Birincil başvuru: "System.Diagnostics.Contracts, Version=8.0.0.0, Culture=neutral, PublicKeyToken=b03f5f7f11d50a3a".
             Çözümlenmiş dosya yolu: "C:\Program Files\dotnet\packs\Microsoft.NETCore.App.Ref\8.0.22\ref\net8.0\System.Diagnostics.Contracts.dll".
             Başvuru, "{RawFileName}" arama yolu konumunda bulundu.
             En az bir kaynak öğesi için "Private" "false" olarak ayarlanmış olduğundan ve "Private", herhangi bir kaynak öğesi için "true" olarak ayarlanmış olmadığından bu başvuru "CopyLocal" değildir.
         Birincil başvuru: "System.Diagnostics.Debug, Version=8.0.0.0, Culture=neutral, PublicKeyToken=b03f5f7f11d50a3a".
             Çözümlenmiş dosya yolu: "C:\Program Files\dotnet\packs\Microsoft.NETCore.App.Ref\8.0.22\ref\net8.0\System.Diagnostics.Debug.dll".
             Başvuru, "{RawFileName}" arama yolu konumunda bulundu.
             En az bir kaynak öğesi için "Private" "false" olarak ayarlanmış olduğundan ve "Private", herhangi bir kaynak öğesi için "true" olarak ayarlanmış olmadığından bu başvuru "CopyLocal" değildir.
         Birincil başvuru: "System.Diagnostics.DiagnosticSource, Version=8.0.0.0, Culture=neutral, PublicKeyToken=cc7b13ffcd2ddd51".
             Çözümlenmiş dosya yolu: "C:\Program Files\dotnet\packs\Microsoft.NETCore.App.Ref\8.0.22\ref\net8.0\System.Diagnostics.DiagnosticSource.dll".
             Başvuru, "{RawFileName}" arama yolu konumunda bulundu.
             En az bir kaynak öğesi için "Private" "false" olarak ayarlanmış olduğundan ve "Private", herhangi bir kaynak öğesi için "true" olarak ayarlanmış olmadığından bu başvuru "CopyLocal" değildir.
         Birincil başvuru: "System.Diagnostics.FileVersionInfo, Version=8.0.0.0, Culture=neutral, PublicKeyToken=b03f5f7f11d50a3a".
             Çözümlenmiş dosya yolu: "C:\Program Files\dotnet\packs\Microsoft.NETCore.App.Ref\8.0.22\ref\net8.0\System.Diagnostics.FileVersionInfo.dll".
             Başvuru, "{RawFileName}" arama yolu konumunda bulundu.
             En az bir kaynak öğesi için "Private" "false" olarak ayarlanmış olduğundan ve "Private", herhangi bir kaynak öğesi için "true" olarak ayarlanmış olmadığından bu başvuru "CopyLocal" değildir.
         Birincil başvuru: "System.Diagnostics.Process, Version=8.0.0.0, Culture=neutral, PublicKeyToken=b03f5f7f11d50a3a".
             Çözümlenmiş dosya yolu: "C:\Program Files\dotnet\packs\Microsoft.NETCore.App.Ref\8.0.22\ref\net8.0\System.Diagnostics.Process.dll".
             Başvuru, "{RawFileName}" arama yolu konumunda bulundu.
             En az bir kaynak öğesi için "Private" "false" olarak ayarlanmış olduğundan ve "Private", herhangi bir kaynak öğesi için "true" olarak ayarlanmış olmadığından bu başvuru "CopyLocal" değildir.
         Birincil başvuru: "System.Diagnostics.StackTrace, Version=8.0.0.0, Culture=neutral, PublicKeyToken=b03f5f7f11d50a3a".
             Çözümlenmiş dosya yolu: "C:\Program Files\dotnet\packs\Microsoft.NETCore.App.Ref\8.0.22\ref\net8.0\System.Diagnostics.StackTrace.dll".
             Başvuru, "{RawFileName}" arama yolu konumunda bulundu.
             En az bir kaynak öğesi için "Private" "false" olarak ayarlanmış olduğundan ve "Private", herhangi bir kaynak öğesi için "true" olarak ayarlanmış olmadığından bu başvuru "CopyLocal" değildir.
         Birincil başvuru: "System.Diagnostics.TextWriterTraceListener, Version=8.0.0.0, Culture=neutral, PublicKeyToken=b03f5f7f11d50a3a".
             Çözümlenmiş dosya yolu: "C:\Program Files\dotnet\packs\Microsoft.NETCore.App.Ref\8.0.22\ref\net8.0\System.Diagnostics.TextWriterTraceListener.dll".
             Başvuru, "{RawFileName}" arama yolu konumunda bulundu.
             En az bir kaynak öğesi için "Private" "false" olarak ayarlanmış olduğundan ve "Private", herhangi bir kaynak öğesi için "true" olarak ayarlanmış olmadığından bu başvuru "CopyLocal" değildir.
         Birincil başvuru: "System.Diagnostics.Tools, Version=8.0.0.0, Culture=neutral, PublicKeyToken=b03f5f7f11d50a3a".
             Çözümlenmiş dosya yolu: "C:\Program Files\dotnet\packs\Microsoft.NETCore.App.Ref\8.0.22\ref\net8.0\System.Diagnostics.Tools.dll".
             Başvuru, "{RawFileName}" arama yolu konumunda bulundu.
             En az bir kaynak öğesi için "Private" "false" olarak ayarlanmış olduğundan ve "Private", herhangi bir kaynak öğesi için "true" olarak ayarlanmış olmadığından bu başvuru "CopyLocal" değildir.
         Birincil başvuru: "System.Diagnostics.TraceSource, Version=8.0.0.0, Culture=neutral, PublicKeyToken=b03f5f7f11d50a3a".
             Çözümlenmiş dosya yolu: "C:\Program Files\dotnet\packs\Microsoft.NETCore.App.Ref\8.0.22\ref\net8.0\System.Diagnostics.TraceSource.dll".
             Başvuru, "{RawFileName}" arama yolu konumunda bulundu.
             En az bir kaynak öğesi için "Private" "false" olarak ayarlanmış olduğundan ve "Private", herhangi bir kaynak öğesi için "true" olarak ayarlanmış olmadığından bu başvuru "CopyLocal" değildir.
         Birincil başvuru: "System.Diagnostics.Tracing, Version=8.0.0.0, Culture=neutral, PublicKeyToken=b03f5f7f11d50a3a".
             Çözümlenmiş dosya yolu: "C:\Program Files\dotnet\packs\Microsoft.NETCore.App.Ref\8.0.22\ref\net8.0\System.Diagnostics.Tracing.dll".
             Başvuru, "{RawFileName}" arama yolu konumunda bulundu.
             En az bir kaynak öğesi için "Private" "false" olarak ayarlanmış olduğundan ve "Private", herhangi bir kaynak öğesi için "true" olarak ayarlanmış olmadığından bu başvuru "CopyLocal" değildir.
         Birincil başvuru: "System.Drawing.Primitives, Version=8.0.0.0, Culture=neutral, PublicKeyToken=b03f5f7f11d50a3a".
             Çözümlenmiş dosya yolu: "C:\Program Files\dotnet\packs\Microsoft.NETCore.App.Ref\8.0.22\ref\net8.0\System.Drawing.Primitives.dll".
             Başvuru, "{RawFileName}" arama yolu konumunda bulundu.
             En az bir kaynak öğesi için "Private" "false" olarak ayarlanmış olduğundan ve "Private", herhangi bir kaynak öğesi için "true" olarak ayarlanmış olmadığından bu başvuru "CopyLocal" değildir.
         Birincil başvuru: "System.Dynamic.Runtime, Version=8.0.0.0, Culture=neutral, PublicKeyToken=b03f5f7f11d50a3a".
             Çözümlenmiş dosya yolu: "C:\Program Files\dotnet\packs\Microsoft.NETCore.App.Ref\8.0.22\ref\net8.0\System.Dynamic.Runtime.dll".
             Başvuru, "{RawFileName}" arama yolu konumunda bulundu.
             En az bir kaynak öğesi için "Private" "false" olarak ayarlanmış olduğundan ve "Private", herhangi bir kaynak öğesi için "true" olarak ayarlanmış olmadığından bu başvuru "CopyLocal" değildir.
         Birincil başvuru: "System.Formats.Asn1, Version=8.0.0.0, Culture=neutral, PublicKeyToken=cc7b13ffcd2ddd51".
             Çözümlenmiş dosya yolu: "C:\Program Files\dotnet\packs\Microsoft.NETCore.App.Ref\8.0.22\ref\net8.0\System.Formats.Asn1.dll".
             Başvuru, "{RawFileName}" arama yolu konumunda bulundu.
             En az bir kaynak öğesi için "Private" "false" olarak ayarlanmış olduğundan ve "Private", herhangi bir kaynak öğesi için "true" olarak ayarlanmış olmadığından bu başvuru "CopyLocal" değildir.
         Birincil başvuru: "System.Formats.Tar, Version=8.0.0.0, Culture=neutral, PublicKeyToken=cc7b13ffcd2ddd51".
             Çözümlenmiş dosya yolu: "C:\Program Files\dotnet\packs\Microsoft.NETCore.App.Ref\8.0.22\ref\net8.0\System.Formats.Tar.dll".
             Başvuru, "{RawFileName}" arama yolu konumunda bulundu.
             En az bir kaynak öğesi için "Private" "false" olarak ayarlanmış olduğundan ve "Private", herhangi bir kaynak öğesi için "true" olarak ayarlanmış olmadığından bu başvuru "CopyLocal" değildir.
         Birincil başvuru: "System.Globalization.Calendars, Version=8.0.0.0, Culture=neutral, PublicKeyToken=b03f5f7f11d50a3a".
             Çözümlenmiş dosya yolu: "C:\Program Files\dotnet\packs\Microsoft.NETCore.App.Ref\8.0.22\ref\net8.0\System.Globalization.Calendars.dll".
             Başvuru, "{RawFileName}" arama yolu konumunda bulundu.
             En az bir kaynak öğesi için "Private" "false" olarak ayarlanmış olduğundan ve "Private", herhangi bir kaynak öğesi için "true" olarak ayarlanmış olmadığından bu başvuru "CopyLocal" değildir.
         Birincil başvuru: "System.Globalization.Extensions, Version=8.0.0.0, Culture=neutral, PublicKeyToken=b03f5f7f11d50a3a".
             Çözümlenmiş dosya yolu: "C:\Program Files\dotnet\packs\Microsoft.NETCore.App.Ref\8.0.22\ref\net8.0\System.Globalization.Extensions.dll".
             Başvuru, "{RawFileName}" arama yolu konumunda bulundu.
             En az bir kaynak öğesi için "Private" "false" olarak ayarlanmış olduğundan ve "Private", herhangi bir kaynak öğesi için "true" olarak ayarlanmış olmadığından bu başvuru "CopyLocal" değildir.
         Birincil başvuru: "System.Globalization, Version=8.0.0.0, Culture=neutral, PublicKeyToken=b03f5f7f11d50a3a".
             Çözümlenmiş dosya yolu: "C:\Program Files\dotnet\packs\Microsoft.NETCore.App.Ref\8.0.22\ref\net8.0\System.Globalization.dll".
             Başvuru, "{RawFileName}" arama yolu konumunda bulundu.
             En az bir kaynak öğesi için "Private" "false" olarak ayarlanmış olduğundan ve "Private", herhangi bir kaynak öğesi için "true" olarak ayarlanmış olmadığından bu başvuru "CopyLocal" değildir.
         Birincil başvuru: "System.IO.Compression.Brotli, Version=8.0.0.0, Culture=neutral, PublicKeyToken=b77a5c561934e089".
             Çözümlenmiş dosya yolu: "C:\Program Files\dotnet\packs\Microsoft.NETCore.App.Ref\8.0.22\ref\net8.0\System.IO.Compression.Brotli.dll".
             Başvuru, "{RawFileName}" arama yolu konumunda bulundu.
             En az bir kaynak öğesi için "Private" "false" olarak ayarlanmış olduğundan ve "Private", herhangi bir kaynak öğesi için "true" olarak ayarlanmış olmadığından bu başvuru "CopyLocal" değildir.
         Birincil başvuru: "System.IO.Compression.FileSystem, Version=4.0.0.0, Culture=neutral, PublicKeyToken=b77a5c561934e089".
             Çözümlenmiş dosya yolu: "C:\Program Files\dotnet\packs\Microsoft.NETCore.App.Ref\8.0.22\ref\net8.0\System.IO.Compression.FileSystem.dll".
             Başvuru, "{RawFileName}" arama yolu konumunda bulundu.
             En az bir kaynak öğesi için "Private" "false" olarak ayarlanmış olduğundan ve "Private", herhangi bir kaynak öğesi için "true" olarak ayarlanmış olmadığından bu başvuru "CopyLocal" değildir.
         Birincil başvuru: "System.IO.Compression.ZipFile, Version=8.0.0.0, Culture=neutral, PublicKeyToken=b77a5c561934e089".
             Çözümlenmiş dosya yolu: "C:\Program Files\dotnet\packs\Microsoft.NETCore.App.Ref\8.0.22\ref\net8.0\System.IO.Compression.ZipFile.dll".
             Başvuru, "{RawFileName}" arama yolu konumunda bulundu.
             En az bir kaynak öğesi için "Private" "false" olarak ayarlanmış olduğundan ve "Private", herhangi bir kaynak öğesi için "true" olarak ayarlanmış olmadığından bu başvuru "CopyLocal" değildir.
         Birincil başvuru: "System.IO.Compression, Version=8.0.0.0, Culture=neutral, PublicKeyToken=b77a5c561934e089".
             Çözümlenmiş dosya yolu: "C:\Program Files\dotnet\packs\Microsoft.NETCore.App.Ref\8.0.22\ref\net8.0\System.IO.Compression.dll".
             Başvuru, "{RawFileName}" arama yolu konumunda bulundu.
             En az bir kaynak öğesi için "Private" "false" olarak ayarlanmış olduğundan ve "Private", herhangi bir kaynak öğesi için "true" olarak ayarlanmış olmadığından bu başvuru "CopyLocal" değildir.
         Birincil başvuru: "System.IO.FileSystem.AccessControl, Version=8.0.0.0, Culture=neutral, PublicKeyToken=b03f5f7f11d50a3a".
             Çözümlenmiş dosya yolu: "C:\Program Files\dotnet\packs\Microsoft.NETCore.App.Ref\8.0.22\ref\net8.0\System.IO.FileSystem.AccessControl.dll".
             Başvuru, "{RawFileName}" arama yolu konumunda bulundu.
             En az bir kaynak öğesi için "Private" "false" olarak ayarlanmış olduğundan ve "Private", herhangi bir kaynak öğesi için "true" olarak ayarlanmış olmadığından bu başvuru "CopyLocal" değildir.
         Birincil başvuru: "System.IO.FileSystem.DriveInfo, Version=8.0.0.0, Culture=neutral, PublicKeyToken=b03f5f7f11d50a3a".
             Çözümlenmiş dosya yolu: "C:\Program Files\dotnet\packs\Microsoft.NETCore.App.Ref\8.0.22\ref\net8.0\System.IO.FileSystem.DriveInfo.dll".
             Başvuru, "{RawFileName}" arama yolu konumunda bulundu.
             En az bir kaynak öğesi için "Private" "false" olarak ayarlanmış olduğundan ve "Private", herhangi bir kaynak öğesi için "true" olarak ayarlanmış olmadığından bu başvuru "CopyLocal" değildir.
         Birincil başvuru: "System.IO.FileSystem.Primitives, Version=8.0.0.0, Culture=neutral, PublicKeyToken=b03f5f7f11d50a3a".
             Çözümlenmiş dosya yolu: "C:\Program Files\dotnet\packs\Microsoft.NETCore.App.Ref\8.0.22\ref\net8.0\System.IO.FileSystem.Primitives.dll".
             Başvuru, "{RawFileName}" arama yolu konumunda bulundu.
             En az bir kaynak öğesi için "Private" "false" olarak ayarlanmış olduğundan ve "Private", herhangi bir kaynak öğesi için "true" olarak ayarlanmış olmadığından bu başvuru "CopyLocal" değildir.
         Birincil başvuru: "System.IO.FileSystem.Watcher, Version=8.0.0.0, Culture=neutral, PublicKeyToken=b03f5f7f11d50a3a".
             Çözümlenmiş dosya yolu: "C:\Program Files\dotnet\packs\Microsoft.NETCore.App.Ref\8.0.22\ref\net8.0\System.IO.FileSystem.Watcher.dll".
             Başvuru, "{RawFileName}" arama yolu konumunda bulundu.
             En az bir kaynak öğesi için "Private" "false" olarak ayarlanmış olduğundan ve "Private", herhangi bir kaynak öğesi için "true" olarak ayarlanmış olmadığından bu başvuru "CopyLocal" değildir.
         Birincil başvuru: "System.IO.FileSystem, Version=8.0.0.0, Culture=neutral, PublicKeyToken=b03f5f7f11d50a3a".
             Çözümlenmiş dosya yolu: "C:\Program Files\dotnet\packs\Microsoft.NETCore.App.Ref\8.0.22\ref\net8.0\System.IO.FileSystem.dll".
             Başvuru, "{RawFileName}" arama yolu konumunda bulundu.
             En az bir kaynak öğesi için "Private" "false" olarak ayarlanmış olduğundan ve "Private", herhangi bir kaynak öğesi için "true" olarak ayarlanmış olmadığından bu başvuru "CopyLocal" değildir.
         Birincil başvuru: "System.IO.IsolatedStorage, Version=8.0.0.0, Culture=neutral, PublicKeyToken=b03f5f7f11d50a3a".
             Çözümlenmiş dosya yolu: "C:\Program Files\dotnet\packs\Microsoft.NETCore.App.Ref\8.0.22\ref\net8.0\System.IO.IsolatedStorage.dll".
             Başvuru, "{RawFileName}" arama yolu konumunda bulundu.
             En az bir kaynak öğesi için "Private" "false" olarak ayarlanmış olduğundan ve "Private", herhangi bir kaynak öğesi için "true" olarak ayarlanmış olmadığından bu başvuru "CopyLocal" değildir.
         Birincil başvuru: "System.IO.MemoryMappedFiles, Version=8.0.0.0, Culture=neutral, PublicKeyToken=b03f5f7f11d50a3a".
             Çözümlenmiş dosya yolu: "C:\Program Files\dotnet\packs\Microsoft.NETCore.App.Ref\8.0.22\ref\net8.0\System.IO.MemoryMappedFiles.dll".
             Başvuru, "{RawFileName}" arama yolu konumunda bulundu.
             En az bir kaynak öğesi için "Private" "false" olarak ayarlanmış olduğundan ve "Private", herhangi bir kaynak öğesi için "true" olarak ayarlanmış olmadığından bu başvuru "CopyLocal" değildir.
         Birincil başvuru: "System.IO.Pipes.AccessControl, Version=8.0.0.0, Culture=neutral, PublicKeyToken=b03f5f7f11d50a3a".
             Çözümlenmiş dosya yolu: "C:\Program Files\dotnet\packs\Microsoft.NETCore.App.Ref\8.0.22\ref\net8.0\System.IO.Pipes.AccessControl.dll".
             Başvuru, "{RawFileName}" arama yolu konumunda bulundu.
             En az bir kaynak öğesi için "Private" "false" olarak ayarlanmış olduğundan ve "Private", herhangi bir kaynak öğesi için "true" olarak ayarlanmış olmadığından bu başvuru "CopyLocal" değildir.
         Birincil başvuru: "System.IO.Pipes, Version=8.0.0.0, Culture=neutral, PublicKeyToken=b03f5f7f11d50a3a".
             Çözümlenmiş dosya yolu: "C:\Program Files\dotnet\packs\Microsoft.NETCore.App.Ref\8.0.22\ref\net8.0\System.IO.Pipes.dll".
             Başvuru, "{RawFileName}" arama yolu konumunda bulundu.
             En az bir kaynak öğesi için "Private" "false" olarak ayarlanmış olduğundan ve "Private", herhangi bir kaynak öğesi için "true" olarak ayarlanmış olmadığından bu başvuru "CopyLocal" değildir.
         Birincil başvuru: "System.IO.UnmanagedMemoryStream, Version=8.0.0.0, Culture=neutral, PublicKeyToken=b03f5f7f11d50a3a".
             Çözümlenmiş dosya yolu: "C:\Program Files\dotnet\packs\Microsoft.NETCore.App.Ref\8.0.22\ref\net8.0\System.IO.UnmanagedMemoryStream.dll".
             Başvuru, "{RawFileName}" arama yolu konumunda bulundu.
             En az bir kaynak öğesi için "Private" "false" olarak ayarlanmış olduğundan ve "Private", herhangi bir kaynak öğesi için "true" olarak ayarlanmış olmadığından bu başvuru "CopyLocal" değildir.
         Birincil başvuru: "System.IO, Version=8.0.0.0, Culture=neutral, PublicKeyToken=b03f5f7f11d50a3a".
             Çözümlenmiş dosya yolu: "C:\Program Files\dotnet\packs\Microsoft.NETCore.App.Ref\8.0.22\ref\net8.0\System.IO.dll".
             Başvuru, "{RawFileName}" arama yolu konumunda bulundu.
             En az bir kaynak öğesi için "Private" "false" olarak ayarlanmış olduğundan ve "Private", herhangi bir kaynak öğesi için "true" olarak ayarlanmış olmadığından bu başvuru "CopyLocal" değildir.
         Birincil başvuru: "System.Linq.Expressions, Version=8.0.0.0, Culture=neutral, PublicKeyToken=b03f5f7f11d50a3a".
             Çözümlenmiş dosya yolu: "C:\Program Files\dotnet\packs\Microsoft.NETCore.App.Ref\8.0.22\ref\net8.0\System.Linq.Expressions.dll".
             Başvuru, "{RawFileName}" arama yolu konumunda bulundu.
             En az bir kaynak öğesi için "Private" "false" olarak ayarlanmış olduğundan ve "Private", herhangi bir kaynak öğesi için "true" olarak ayarlanmış olmadığından bu başvuru "CopyLocal" değildir.
         Birincil başvuru: "System.Linq.Parallel, Version=8.0.0.0, Culture=neutral, PublicKeyToken=b03f5f7f11d50a3a".
             Çözümlenmiş dosya yolu: "C:\Program Files\dotnet\packs\Microsoft.NETCore.App.Ref\8.0.22\ref\net8.0\System.Linq.Parallel.dll".
             Başvuru, "{RawFileName}" arama yolu konumunda bulundu.
             En az bir kaynak öğesi için "Private" "false" olarak ayarlanmış olduğundan ve "Private", herhangi bir kaynak öğesi için "true" olarak ayarlanmış olmadığından bu başvuru "CopyLocal" değildir.
         Birincil başvuru: "System.Linq.Queryable, Version=8.0.0.0, Culture=neutral, PublicKeyToken=b03f5f7f11d50a3a".
             Çözümlenmiş dosya yolu: "C:\Program Files\dotnet\packs\Microsoft.NETCore.App.Ref\8.0.22\ref\net8.0\System.Linq.Queryable.dll".
             Başvuru, "{RawFileName}" arama yolu konumunda bulundu.
             En az bir kaynak öğesi için "Private" "false" olarak ayarlanmış olduğundan ve "Private", herhangi bir kaynak öğesi için "true" olarak ayarlanmış olmadığından bu başvuru "CopyLocal" değildir.
         Birincil başvuru: "System.Linq, Version=8.0.0.0, Culture=neutral, PublicKeyToken=b03f5f7f11d50a3a".
             Çözümlenmiş dosya yolu: "C:\Program Files\dotnet\packs\Microsoft.NETCore.App.Ref\8.0.22\ref\net8.0\System.Linq.dll".
             Başvuru, "{RawFileName}" arama yolu konumunda bulundu.
             En az bir kaynak öğesi için "Private" "false" olarak ayarlanmış olduğundan ve "Private", herhangi bir kaynak öğesi için "true" olarak ayarlanmış olmadığından bu başvuru "CopyLocal" değildir.
         Birincil başvuru: "System.Memory, Version=8.0.0.0, Culture=neutral, PublicKeyToken=cc7b13ffcd2ddd51".
             Çözümlenmiş dosya yolu: "C:\Program Files\dotnet\packs\Microsoft.NETCore.App.Ref\8.0.22\ref\net8.0\System.Memory.dll".
             Başvuru, "{RawFileName}" arama yolu konumunda bulundu.
             En az bir kaynak öğesi için "Private" "false" olarak ayarlanmış olduğundan ve "Private", herhangi bir kaynak öğesi için "true" olarak ayarlanmış olmadığından bu başvuru "CopyLocal" değildir.
         Birincil başvuru: "System.Net.Http.Json, Version=8.0.0.0, Culture=neutral, PublicKeyToken=cc7b13ffcd2ddd51".
             Çözümlenmiş dosya yolu: "C:\Program Files\dotnet\packs\Microsoft.NETCore.App.Ref\8.0.22\ref\net8.0\System.Net.Http.Json.dll".
             Başvuru, "{RawFileName}" arama yolu konumunda bulundu.
             En az bir kaynak öğesi için "Private" "false" olarak ayarlanmış olduğundan ve "Private", herhangi bir kaynak öğesi için "true" olarak ayarlanmış olmadığından bu başvuru "CopyLocal" değildir.
         Birincil başvuru: "System.Net.Http, Version=8.0.0.0, Culture=neutral, PublicKeyToken=b03f5f7f11d50a3a".
             Çözümlenmiş dosya yolu: "C:\Program Files\dotnet\packs\Microsoft.NETCore.App.Ref\8.0.22\ref\net8.0\System.Net.Http.dll".
             Başvuru, "{RawFileName}" arama yolu konumunda bulundu.
             En az bir kaynak öğesi için "Private" "false" olarak ayarlanmış olduğundan ve "Private", herhangi bir kaynak öğesi için "true" olarak ayarlanmış olmadığından bu başvuru "CopyLocal" değildir.
         Birincil başvuru: "System.Net.HttpListener, Version=8.0.0.0, Culture=neutral, PublicKeyToken=cc7b13ffcd2ddd51".
             Çözümlenmiş dosya yolu: "C:\Program Files\dotnet\packs\Microsoft.NETCore.App.Ref\8.0.22\ref\net8.0\System.Net.HttpListener.dll".
             Başvuru, "{RawFileName}" arama yolu konumunda bulundu.
             En az bir kaynak öğesi için "Private" "false" olarak ayarlanmış olduğundan ve "Private", herhangi bir kaynak öğesi için "true" olarak ayarlanmış olmadığından bu başvuru "CopyLocal" değildir.
         Birincil başvuru: "System.Net.Mail, Version=8.0.0.0, Culture=neutral, PublicKeyToken=cc7b13ffcd2ddd51".
             Çözümlenmiş dosya yolu: "C:\Program Files\dotnet\packs\Microsoft.NETCore.App.Ref\8.0.22\ref\net8.0\System.Net.Mail.dll".
             Başvuru, "{RawFileName}" arama yolu konumunda bulundu.
             En az bir kaynak öğesi için "Private" "false" olarak ayarlanmış olduğundan ve "Private", herhangi bir kaynak öğesi için "true" olarak ayarlanmış olmadığından bu başvuru "CopyLocal" değildir.
         Birincil başvuru: "System.Net.NameResolution, Version=8.0.0.0, Culture=neutral, PublicKeyToken=b03f5f7f11d50a3a".
             Çözümlenmiş dosya yolu: "C:\Program Files\dotnet\packs\Microsoft.NETCore.App.Ref\8.0.22\ref\net8.0\System.Net.NameResolution.dll".
             Başvuru, "{RawFileName}" arama yolu konumunda bulundu.
             En az bir kaynak öğesi için "Private" "false" olarak ayarlanmış olduğundan ve "Private", herhangi bir kaynak öğesi için "true" olarak ayarlanmış olmadığından bu başvuru "CopyLocal" değildir.
         Birincil başvuru: "System.Net.NetworkInformation, Version=8.0.0.0, Culture=neutral, PublicKeyToken=b03f5f7f11d50a3a".
             Çözümlenmiş dosya yolu: "C:\Program Files\dotnet\packs\Microsoft.NETCore.App.Ref\8.0.22\ref\net8.0\System.Net.NetworkInformation.dll".
             Başvuru, "{RawFileName}" arama yolu konumunda bulundu.
             En az bir kaynak öğesi için "Private" "false" olarak ayarlanmış olduğundan ve "Private", herhangi bir kaynak öğesi için "true" olarak ayarlanmış olmadığından bu başvuru "CopyLocal" değildir.
         Birincil başvuru: "System.Net.Ping, Version=8.0.0.0, Culture=neutral, PublicKeyToken=b03f5f7f11d50a3a".
             Çözümlenmiş dosya yolu: "C:\Program Files\dotnet\packs\Microsoft.NETCore.App.Ref\8.0.22\ref\net8.0\System.Net.Ping.dll".
             Başvuru, "{RawFileName}" arama yolu konumunda bulundu.
             En az bir kaynak öğesi için "Private" "false" olarak ayarlanmış olduğundan ve "Private", herhangi bir kaynak öğesi için "true" olarak ayarlanmış olmadığından bu başvuru "CopyLocal" değildir.
         Birincil başvuru: "System.Net.Primitives, Version=8.0.0.0, Culture=neutral, PublicKeyToken=b03f5f7f11d50a3a".
             Çözümlenmiş dosya yolu: "C:\Program Files\dotnet\packs\Microsoft.NETCore.App.Ref\8.0.22\ref\net8.0\System.Net.Primitives.dll".
             Başvuru, "{RawFileName}" arama yolu konumunda bulundu.
             En az bir kaynak öğesi için "Private" "false" olarak ayarlanmış olduğundan ve "Private", herhangi bir kaynak öğesi için "true" olarak ayarlanmış olmadığından bu başvuru "CopyLocal" değildir.
         Birincil başvuru: "System.Net.Quic, Version=8.0.0.0, Culture=neutral, PublicKeyToken=b03f5f7f11d50a3a".
             Çözümlenmiş dosya yolu: "C:\Program Files\dotnet\packs\Microsoft.NETCore.App.Ref\8.0.22\ref\net8.0\System.Net.Quic.dll".
             Başvuru, "{RawFileName}" arama yolu konumunda bulundu.
             En az bir kaynak öğesi için "Private" "false" olarak ayarlanmış olduğundan ve "Private", herhangi bir kaynak öğesi için "true" olarak ayarlanmış olmadığından bu başvuru "CopyLocal" değildir.
         Birincil başvuru: "System.Net.Requests, Version=8.0.0.0, Culture=neutral, PublicKeyToken=b03f5f7f11d50a3a".
             Çözümlenmiş dosya yolu: "C:\Program Files\dotnet\packs\Microsoft.NETCore.App.Ref\8.0.22\ref\net8.0\System.Net.Requests.dll".
             Başvuru, "{RawFileName}" arama yolu konumunda bulundu.
             En az bir kaynak öğesi için "Private" "false" olarak ayarlanmış olduğundan ve "Private", herhangi bir kaynak öğesi için "true" olarak ayarlanmış olmadığından bu başvuru "CopyLocal" değildir.
         Birincil başvuru: "System.Net.Security, Version=8.0.0.0, Culture=neutral, PublicKeyToken=b03f5f7f11d50a3a".
             Çözümlenmiş dosya yolu: "C:\Program Files\dotnet\packs\Microsoft.NETCore.App.Ref\8.0.22\ref\net8.0\System.Net.Security.dll".
             Başvuru, "{RawFileName}" arama yolu konumunda bulundu.
             En az bir kaynak öğesi için "Private" "false" olarak ayarlanmış olduğundan ve "Private", herhangi bir kaynak öğesi için "true" olarak ayarlanmış olmadığından bu başvuru "CopyLocal" değildir.
         Birincil başvuru: "System.Net.ServicePoint, Version=8.0.0.0, Culture=neutral, PublicKeyToken=cc7b13ffcd2ddd51".
             Çözümlenmiş dosya yolu: "C:\Program Files\dotnet\packs\Microsoft.NETCore.App.Ref\8.0.22\ref\net8.0\System.Net.ServicePoint.dll".
             Başvuru, "{RawFileName}" arama yolu konumunda bulundu.
             En az bir kaynak öğesi için "Private" "false" olarak ayarlanmış olduğundan ve "Private", herhangi bir kaynak öğesi için "true" olarak ayarlanmış olmadığından bu başvuru "CopyLocal" değildir.
         Birincil başvuru: "System.Net.Sockets, Version=8.0.0.0, Culture=neutral, PublicKeyToken=b03f5f7f11d50a3a".
             Çözümlenmiş dosya yolu: "C:\Program Files\dotnet\packs\Microsoft.NETCore.App.Ref\8.0.22\ref\net8.0\System.Net.Sockets.dll".
             Başvuru, "{RawFileName}" arama yolu konumunda bulundu.
             En az bir kaynak öğesi için "Private" "false" olarak ayarlanmış olduğundan ve "Private", herhangi bir kaynak öğesi için "true" olarak ayarlanmış olmadığından bu başvuru "CopyLocal" değildir.
         Birincil başvuru: "System.Net.WebClient, Version=8.0.0.0, Culture=neutral, PublicKeyToken=cc7b13ffcd2ddd51".
             Çözümlenmiş dosya yolu: "C:\Program Files\dotnet\packs\Microsoft.NETCore.App.Ref\8.0.22\ref\net8.0\System.Net.WebClient.dll".
             Başvuru, "{RawFileName}" arama yolu konumunda bulundu.
             En az bir kaynak öğesi için "Private" "false" olarak ayarlanmış olduğundan ve "Private", herhangi bir kaynak öğesi için "true" olarak ayarlanmış olmadığından bu başvuru "CopyLocal" değildir.
         Birincil başvuru: "System.Net.WebHeaderCollection, Version=8.0.0.0, Culture=neutral, PublicKeyToken=b03f5f7f11d50a3a".
             Çözümlenmiş dosya yolu: "C:\Program Files\dotnet\packs\Microsoft.NETCore.App.Ref\8.0.22\ref\net8.0\System.Net.WebHeaderCollection.dll".
             Başvuru, "{RawFileName}" arama yolu konumunda bulundu.
             En az bir kaynak öğesi için "Private" "false" olarak ayarlanmış olduğundan ve "Private", herhangi bir kaynak öğesi için "true" olarak ayarlanmış olmadığından bu başvuru "CopyLocal" değildir.
         Birincil başvuru: "System.Net.WebProxy, Version=8.0.0.0, Culture=neutral, PublicKeyToken=cc7b13ffcd2ddd51".
             Çözümlenmiş dosya yolu: "C:\Program Files\dotnet\packs\Microsoft.NETCore.App.Ref\8.0.22\ref\net8.0\System.Net.WebProxy.dll".
             Başvuru, "{RawFileName}" arama yolu konumunda bulundu.
             En az bir kaynak öğesi için "Private" "false" olarak ayarlanmış olduğundan ve "Private", herhangi bir kaynak öğesi için "true" olarak ayarlanmış olmadığından bu başvuru "CopyLocal" değildir.
         Birincil başvuru: "System.Net.WebSockets.Client, Version=8.0.0.0, Culture=neutral, PublicKeyToken=b03f5f7f11d50a3a".
             Çözümlenmiş dosya yolu: "C:\Program Files\dotnet\packs\Microsoft.NETCore.App.Ref\8.0.22\ref\net8.0\System.Net.WebSockets.Client.dll".
             Başvuru, "{RawFileName}" arama yolu konumunda bulundu.
             En az bir kaynak öğesi için "Private" "false" olarak ayarlanmış olduğundan ve "Private", herhangi bir kaynak öğesi için "true" olarak ayarlanmış olmadığından bu başvuru "CopyLocal" değildir.
         Birincil başvuru: "System.Net.WebSockets, Version=8.0.0.0, Culture=neutral, PublicKeyToken=b03f5f7f11d50a3a".
             Çözümlenmiş dosya yolu: "C:\Program Files\dotnet\packs\Microsoft.NETCore.App.Ref\8.0.22\ref\net8.0\System.Net.WebSockets.dll".
             Başvuru, "{RawFileName}" arama yolu konumunda bulundu.
             En az bir kaynak öğesi için "Private" "false" olarak ayarlanmış olduğundan ve "Private", herhangi bir kaynak öğesi için "true" olarak ayarlanmış olmadığından bu başvuru "CopyLocal" değildir.
         Birincil başvuru: "System.Net, Version=4.0.0.0, Culture=neutral, PublicKeyToken=b03f5f7f11d50a3a".
             Çözümlenmiş dosya yolu: "C:\Program Files\dotnet\packs\Microsoft.NETCore.App.Ref\8.0.22\ref\net8.0\System.Net.dll".
             Başvuru, "{RawFileName}" arama yolu konumunda bulundu.
             En az bir kaynak öğesi için "Private" "false" olarak ayarlanmış olduğundan ve "Private", herhangi bir kaynak öğesi için "true" olarak ayarlanmış olmadığından bu başvuru "CopyLocal" değildir.
         Birincil başvuru: "System.Numerics.Vectors, Version=8.0.0.0, Culture=neutral, PublicKeyToken=b03f5f7f11d50a3a".
             Çözümlenmiş dosya yolu: "C:\Program Files\dotnet\packs\Microsoft.NETCore.App.Ref\8.0.22\ref\net8.0\System.Numerics.Vectors.dll".
             Başvuru, "{RawFileName}" arama yolu konumunda bulundu.
             En az bir kaynak öğesi için "Private" "false" olarak ayarlanmış olduğundan ve "Private", herhangi bir kaynak öğesi için "true" olarak ayarlanmış olmadığından bu başvuru "CopyLocal" değildir.
         Birincil başvuru: "System.Numerics, Version=4.0.0.0, Culture=neutral, PublicKeyToken=b77a5c561934e089".
             Çözümlenmiş dosya yolu: "C:\Program Files\dotnet\packs\Microsoft.NETCore.App.Ref\8.0.22\ref\net8.0\System.Numerics.dll".
             Başvuru, "{RawFileName}" arama yolu konumunda bulundu.
             En az bir kaynak öğesi için "Private" "false" olarak ayarlanmış olduğundan ve "Private", herhangi bir kaynak öğesi için "true" olarak ayarlanmış olmadığından bu başvuru "CopyLocal" değildir.
         Birincil başvuru: "System.ObjectModel, Version=8.0.0.0, Culture=neutral, PublicKeyToken=b03f5f7f11d50a3a".
             Çözümlenmiş dosya yolu: "C:\Program Files\dotnet\packs\Microsoft.NETCore.App.Ref\8.0.22\ref\net8.0\System.ObjectModel.dll".
             Başvuru, "{RawFileName}" arama yolu konumunda bulundu.
             En az bir kaynak öğesi için "Private" "false" olarak ayarlanmış olduğundan ve "Private", herhangi bir kaynak öğesi için "true" olarak ayarlanmış olmadığından bu başvuru "CopyLocal" değildir.
         Birincil başvuru: "System.Reflection.DispatchProxy, Version=8.0.0.0, Culture=neutral, PublicKeyToken=b03f5f7f11d50a3a".
             Çözümlenmiş dosya yolu: "C:\Program Files\dotnet\packs\Microsoft.NETCore.App.Ref\8.0.22\ref\net8.0\System.Reflection.DispatchProxy.dll".
             Başvuru, "{RawFileName}" arama yolu konumunda bulundu.
             En az bir kaynak öğesi için "Private" "false" olarak ayarlanmış olduğundan ve "Private", herhangi bir kaynak öğesi için "true" olarak ayarlanmış olmadığından bu başvuru "CopyLocal" değildir.
         Birincil başvuru: "System.Reflection.Emit.ILGeneration, Version=8.0.0.0, Culture=neutral, PublicKeyToken=b03f5f7f11d50a3a".
             Çözümlenmiş dosya yolu: "C:\Program Files\dotnet\packs\Microsoft.NETCore.App.Ref\8.0.22\ref\net8.0\System.Reflection.Emit.ILGeneration.dll".
             Başvuru, "{RawFileName}" arama yolu konumunda bulundu.
             En az bir kaynak öğesi için "Private" "false" olarak ayarlanmış olduğundan ve "Private", herhangi bir kaynak öğesi için "true" olarak ayarlanmış olmadığından bu başvuru "CopyLocal" değildir.
         Birincil başvuru: "System.Reflection.Emit.Lightweight, Version=8.0.0.0, Culture=neutral, PublicKeyToken=b03f5f7f11d50a3a".
             Çözümlenmiş dosya yolu: "C:\Program Files\dotnet\packs\Microsoft.NETCore.App.Ref\8.0.22\ref\net8.0\System.Reflection.Emit.Lightweight.dll".
             Başvuru, "{RawFileName}" arama yolu konumunda bulundu.
             En az bir kaynak öğesi için "Private" "false" olarak ayarlanmış olduğundan ve "Private", herhangi bir kaynak öğesi için "true" olarak ayarlanmış olmadığından bu başvuru "CopyLocal" değildir.
         Birincil başvuru: "System.Reflection.Emit, Version=8.0.0.0, Culture=neutral, PublicKeyToken=b03f5f7f11d50a3a".
             Çözümlenmiş dosya yolu: "C:\Program Files\dotnet\packs\Microsoft.NETCore.App.Ref\8.0.22\ref\net8.0\System.Reflection.Emit.dll".
             Başvuru, "{RawFileName}" arama yolu konumunda bulundu.
             En az bir kaynak öğesi için "Private" "false" olarak ayarlanmış olduğundan ve "Private", herhangi bir kaynak öğesi için "true" olarak ayarlanmış olmadığından bu başvuru "CopyLocal" değildir.
         Birincil başvuru: "System.Reflection.Extensions, Version=8.0.0.0, Culture=neutral, PublicKeyToken=b03f5f7f11d50a3a".
             Çözümlenmiş dosya yolu: "C:\Program Files\dotnet\packs\Microsoft.NETCore.App.Ref\8.0.22\ref\net8.0\System.Reflection.Extensions.dll".
             Başvuru, "{RawFileName}" arama yolu konumunda bulundu.
             En az bir kaynak öğesi için "Private" "false" olarak ayarlanmış olduğundan ve "Private", herhangi bir kaynak öğesi için "true" olarak ayarlanmış olmadığından bu başvuru "CopyLocal" değildir.
         Birincil başvuru: "System.Reflection.Metadata, Version=8.0.0.0, Culture=neutral, PublicKeyToken=b03f5f7f11d50a3a".
             Çözümlenmiş dosya yolu: "C:\Program Files\dotnet\packs\Microsoft.NETCore.App.Ref\8.0.22\ref\net8.0\System.Reflection.Metadata.dll".
             Başvuru, "{RawFileName}" arama yolu konumunda bulundu.
             En az bir kaynak öğesi için "Private" "false" olarak ayarlanmış olduğundan ve "Private", herhangi bir kaynak öğesi için "true" olarak ayarlanmış olmadığından bu başvuru "CopyLocal" değildir.
         Birincil başvuru: "System.Reflection.Primitives, Version=8.0.0.0, Culture=neutral, PublicKeyToken=b03f5f7f11d50a3a".
             Çözümlenmiş dosya yolu: "C:\Program Files\dotnet\packs\Microsoft.NETCore.App.Ref\8.0.22\ref\net8.0\System.Reflection.Primitives.dll".
             Başvuru, "{RawFileName}" arama yolu konumunda bulundu.
             En az bir kaynak öğesi için "Private" "false" olarak ayarlanmış olduğundan ve "Private", herhangi bir kaynak öğesi için "true" olarak ayarlanmış olmadığından bu başvuru "CopyLocal" değildir.
         Birincil başvuru: "System.Reflection.TypeExtensions, Version=8.0.0.0, Culture=neutral, PublicKeyToken=b03f5f7f11d50a3a".
             Çözümlenmiş dosya yolu: "C:\Program Files\dotnet\packs\Microsoft.NETCore.App.Ref\8.0.22\ref\net8.0\System.Reflection.TypeExtensions.dll".
             Başvuru, "{RawFileName}" arama yolu konumunda bulundu.
             En az bir kaynak öğesi için "Private" "false" olarak ayarlanmış olduğundan ve "Private", herhangi bir kaynak öğesi için "true" olarak ayarlanmış olmadığından bu başvuru "CopyLocal" değildir.
         Birincil başvuru: "System.Reflection, Version=8.0.0.0, Culture=neutral, PublicKeyToken=b03f5f7f11d50a3a".
             Çözümlenmiş dosya yolu: "C:\Program Files\dotnet\packs\Microsoft.NETCore.App.Ref\8.0.22\ref\net8.0\System.Reflection.dll".
             Başvuru, "{RawFileName}" arama yolu konumunda bulundu.
             En az bir kaynak öğesi için "Private" "false" olarak ayarlanmış olduğundan ve "Private", herhangi bir kaynak öğesi için "true" olarak ayarlanmış olmadığından bu başvuru "CopyLocal" değildir.
         Birincil başvuru: "System.Resources.Reader, Version=8.0.0.0, Culture=neutral, PublicKeyToken=b03f5f7f11d50a3a".
             Çözümlenmiş dosya yolu: "C:\Program Files\dotnet\packs\Microsoft.NETCore.App.Ref\8.0.22\ref\net8.0\System.Resources.Reader.dll".
             Başvuru, "{RawFileName}" arama yolu konumunda bulundu.
             En az bir kaynak öğesi için "Private" "false" olarak ayarlanmış olduğundan ve "Private", herhangi bir kaynak öğesi için "true" olarak ayarlanmış olmadığından bu başvuru "CopyLocal" değildir.
         Birincil başvuru: "System.Resources.ResourceManager, Version=8.0.0.0, Culture=neutral, PublicKeyToken=b03f5f7f11d50a3a".
             Çözümlenmiş dosya yolu: "C:\Program Files\dotnet\packs\Microsoft.NETCore.App.Ref\8.0.22\ref\net8.0\System.Resources.ResourceManager.dll".
             Başvuru, "{RawFileName}" arama yolu konumunda bulundu.
             En az bir kaynak öğesi için "Private" "false" olarak ayarlanmış olduğundan ve "Private", herhangi bir kaynak öğesi için "true" olarak ayarlanmış olmadığından bu başvuru "CopyLocal" değildir.
         Birincil başvuru: "System.Resources.Writer, Version=8.0.0.0, Culture=neutral, PublicKeyToken=b03f5f7f11d50a3a".
             Çözümlenmiş dosya yolu: "C:\Program Files\dotnet\packs\Microsoft.NETCore.App.Ref\8.0.22\ref\net8.0\System.Resources.Writer.dll".
             Başvuru, "{RawFileName}" arama yolu konumunda bulundu.
             En az bir kaynak öğesi için "Private" "false" olarak ayarlanmış olduğundan ve "Private", herhangi bir kaynak öğesi için "true" olarak ayarlanmış olmadığından bu başvuru "CopyLocal" değildir.
         Birincil başvuru: "System.Runtime.CompilerServices.Unsafe, Version=8.0.0.0, Culture=neutral, PublicKeyToken=b03f5f7f11d50a3a".
             Çözümlenmiş dosya yolu: "C:\Program Files\dotnet\packs\Microsoft.NETCore.App.Ref\8.0.22\ref\net8.0\System.Runtime.CompilerServices.Unsafe.dll".
             Başvuru, "{RawFileName}" arama yolu konumunda bulundu.
             En az bir kaynak öğesi için "Private" "false" olarak ayarlanmış olduğundan ve "Private", herhangi bir kaynak öğesi için "true" olarak ayarlanmış olmadığından bu başvuru "CopyLocal" değildir.
         Birincil başvuru: "System.Runtime.CompilerServices.VisualC, Version=8.0.0.0, Culture=neutral, PublicKeyToken=b03f5f7f11d50a3a".
             Çözümlenmiş dosya yolu: "C:\Program Files\dotnet\packs\Microsoft.NETCore.App.Ref\8.0.22\ref\net8.0\System.Runtime.CompilerServices.VisualC.dll".
             Başvuru, "{RawFileName}" arama yolu konumunda bulundu.
             En az bir kaynak öğesi için "Private" "false" olarak ayarlanmış olduğundan ve "Private", herhangi bir kaynak öğesi için "true" olarak ayarlanmış olmadığından bu başvuru "CopyLocal" değildir.
         Birincil başvuru: "System.Runtime.Extensions, Version=8.0.0.0, Culture=neutral, PublicKeyToken=b03f5f7f11d50a3a".
             Çözümlenmiş dosya yolu: "C:\Program Files\dotnet\packs\Microsoft.NETCore.App.Ref\8.0.22\ref\net8.0\System.Runtime.Extensions.dll".
             Başvuru, "{RawFileName}" arama yolu konumunda bulundu.
             En az bir kaynak öğesi için "Private" "false" olarak ayarlanmış olduğundan ve "Private", herhangi bir kaynak öğesi için "true" olarak ayarlanmış olmadığından bu başvuru "CopyLocal" değildir.
         Birincil başvuru: "System.Runtime.Handles, Version=8.0.0.0, Culture=neutral, PublicKeyToken=b03f5f7f11d50a3a".
             Çözümlenmiş dosya yolu: "C:\Program Files\dotnet\packs\Microsoft.NETCore.App.Ref\8.0.22\ref\net8.0\System.Runtime.Handles.dll".
             Başvuru, "{RawFileName}" arama yolu konumunda bulundu.
             En az bir kaynak öğesi için "Private" "false" olarak ayarlanmış olduğundan ve "Private", herhangi bir kaynak öğesi için "true" olarak ayarlanmış olmadığından bu başvuru "CopyLocal" değildir.
         Birincil başvuru: "System.Runtime.InteropServices.JavaScript, Version=8.0.0.0, Culture=neutral, PublicKeyToken=b03f5f7f11d50a3a".
             Çözümlenmiş dosya yolu: "C:\Program Files\dotnet\packs\Microsoft.NETCore.App.Ref\8.0.22\ref\net8.0\System.Runtime.InteropServices.JavaScript.dll".
             Başvuru, "{RawFileName}" arama yolu konumunda bulundu.
             En az bir kaynak öğesi için "Private" "false" olarak ayarlanmış olduğundan ve "Private", herhangi bir kaynak öğesi için "true" olarak ayarlanmış olmadığından bu başvuru "CopyLocal" değildir.
         Birincil başvuru: "System.Runtime.InteropServices.RuntimeInformation, Version=8.0.0.0, Culture=neutral, PublicKeyToken=b03f5f7f11d50a3a".
             Çözümlenmiş dosya yolu: "C:\Program Files\dotnet\packs\Microsoft.NETCore.App.Ref\8.0.22\ref\net8.0\System.Runtime.InteropServices.RuntimeInformation.dll".
             Başvuru, "{RawFileName}" arama yolu konumunda bulundu.
             En az bir kaynak öğesi için "Private" "false" olarak ayarlanmış olduğundan ve "Private", herhangi bir kaynak öğesi için "true" olarak ayarlanmış olmadığından bu başvuru "CopyLocal" değildir.
         Birincil başvuru: "System.Runtime.InteropServices, Version=8.0.0.0, Culture=neutral, PublicKeyToken=b03f5f7f11d50a3a".
             Çözümlenmiş dosya yolu: "C:\Program Files\dotnet\packs\Microsoft.NETCore.App.Ref\8.0.22\ref\net8.0\System.Runtime.InteropServices.dll".
             Başvuru, "{RawFileName}" arama yolu konumunda bulundu.
             En az bir kaynak öğesi için "Private" "false" olarak ayarlanmış olduğundan ve "Private", herhangi bir kaynak öğesi için "true" olarak ayarlanmış olmadığından bu başvuru "CopyLocal" değildir.
         Birincil başvuru: "System.Runtime.Intrinsics, Version=8.0.0.0, Culture=neutral, PublicKeyToken=cc7b13ffcd2ddd51".
             Çözümlenmiş dosya yolu: "C:\Program Files\dotnet\packs\Microsoft.NETCore.App.Ref\8.0.22\ref\net8.0\System.Runtime.Intrinsics.dll".
             Başvuru, "{RawFileName}" arama yolu konumunda bulundu.
             En az bir kaynak öğesi için "Private" "false" olarak ayarlanmış olduğundan ve "Private", herhangi bir kaynak öğesi için "true" olarak ayarlanmış olmadığından bu başvuru "CopyLocal" değildir.
         Birincil başvuru: "System.Runtime.Loader, Version=8.0.0.0, Culture=neutral, PublicKeyToken=b03f5f7f11d50a3a".
             Çözümlenmiş dosya yolu: "C:\Program Files\dotnet\packs\Microsoft.NETCore.App.Ref\8.0.22\ref\net8.0\System.Runtime.Loader.dll".
             Başvuru, "{RawFileName}" arama yolu konumunda bulundu.
             En az bir kaynak öğesi için "Private" "false" olarak ayarlanmış olduğundan ve "Private", herhangi bir kaynak öğesi için "true" olarak ayarlanmış olmadığından bu başvuru "CopyLocal" değildir.
         Birincil başvuru: "System.Runtime.Numerics, Version=8.0.0.0, Culture=neutral, PublicKeyToken=b03f5f7f11d50a3a".
             Çözümlenmiş dosya yolu: "C:\Program Files\dotnet\packs\Microsoft.NETCore.App.Ref\8.0.22\ref\net8.0\System.Runtime.Numerics.dll".
             Başvuru, "{RawFileName}" arama yolu konumunda bulundu.
             En az bir kaynak öğesi için "Private" "false" olarak ayarlanmış olduğundan ve "Private", herhangi bir kaynak öğesi için "true" olarak ayarlanmış olmadığından bu başvuru "CopyLocal" değildir.
         Birincil başvuru: "System.Runtime.Serialization.Formatters, Version=8.0.0.0, Culture=neutral, PublicKeyToken=b03f5f7f11d50a3a".
             Çözümlenmiş dosya yolu: "C:\Program Files\dotnet\packs\Microsoft.NETCore.App.Ref\8.0.22\ref\net8.0\System.Runtime.Serialization.Formatters.dll".
             Başvuru, "{RawFileName}" arama yolu konumunda bulundu.
             En az bir kaynak öğesi için "Private" "false" olarak ayarlanmış olduğundan ve "Private", herhangi bir kaynak öğesi için "true" olarak ayarlanmış olmadığından bu başvuru "CopyLocal" değildir.
         Birincil başvuru: "System.Runtime.Serialization.Json, Version=8.0.0.0, Culture=neutral, PublicKeyToken=b03f5f7f11d50a3a".
             Çözümlenmiş dosya yolu: "C:\Program Files\dotnet\packs\Microsoft.NETCore.App.Ref\8.0.22\ref\net8.0\System.Runtime.Serialization.Json.dll".
             Başvuru, "{RawFileName}" arama yolu konumunda bulundu.
             En az bir kaynak öğesi için "Private" "false" olarak ayarlanmış olduğundan ve "Private", herhangi bir kaynak öğesi için "true" olarak ayarlanmış olmadığından bu başvuru "CopyLocal" değildir.
         Birincil başvuru: "System.Runtime.Serialization.Primitives, Version=8.0.0.0, Culture=neutral, PublicKeyToken=b03f5f7f11d50a3a".
             Çözümlenmiş dosya yolu: "C:\Program Files\dotnet\packs\Microsoft.NETCore.App.Ref\8.0.22\ref\net8.0\System.Runtime.Serialization.Primitives.dll".
             Başvuru, "{RawFileName}" arama yolu konumunda bulundu.
             En az bir kaynak öğesi için "Private" "false" olarak ayarlanmış olduğundan ve "Private", herhangi bir kaynak öğesi için "true" olarak ayarlanmış olmadığından bu başvuru "CopyLocal" değildir.
         Birincil başvuru: "System.Runtime.Serialization.Xml, Version=8.0.0.0, Culture=neutral, PublicKeyToken=b03f5f7f11d50a3a".
             Çözümlenmiş dosya yolu: "C:\Program Files\dotnet\packs\Microsoft.NETCore.App.Ref\8.0.22\ref\net8.0\System.Runtime.Serialization.Xml.dll".
             Başvuru, "{RawFileName}" arama yolu konumunda bulundu.
             En az bir kaynak öğesi için "Private" "false" olarak ayarlanmış olduğundan ve "Private", herhangi bir kaynak öğesi için "true" olarak ayarlanmış olmadığından bu başvuru "CopyLocal" değildir.
         Birincil başvuru: "System.Runtime.Serialization, Version=4.0.0.0, Culture=neutral, PublicKeyToken=b77a5c561934e089".
             Çözümlenmiş dosya yolu: "C:\Program Files\dotnet\packs\Microsoft.NETCore.App.Ref\8.0.22\ref\net8.0\System.Runtime.Serialization.dll".
             Başvuru, "{RawFileName}" arama yolu konumunda bulundu.
             En az bir kaynak öğesi için "Private" "false" olarak ayarlanmış olduğundan ve "Private", herhangi bir kaynak öğesi için "true" olarak ayarlanmış olmadığından bu başvuru "CopyLocal" değildir.
         Birincil başvuru: "System.Runtime, Version=8.0.0.0, Culture=neutral, PublicKeyToken=b03f5f7f11d50a3a".
             Çözümlenmiş dosya yolu: "C:\Program Files\dotnet\packs\Microsoft.NETCore.App.Ref\8.0.22\ref\net8.0\System.Runtime.dll".
             Başvuru, "{RawFileName}" arama yolu konumunda bulundu.
             En az bir kaynak öğesi için "Private" "false" olarak ayarlanmış olduğundan ve "Private", herhangi bir kaynak öğesi için "true" olarak ayarlanmış olmadığından bu başvuru "CopyLocal" değildir.
         Birincil başvuru: "System.Security.AccessControl, Version=8.0.0.0, Culture=neutral, PublicKeyToken=b03f5f7f11d50a3a".
             Çözümlenmiş dosya yolu: "C:\Program Files\dotnet\packs\Microsoft.NETCore.App.Ref\8.0.22\ref\net8.0\System.Security.AccessControl.dll".
             Başvuru, "{RawFileName}" arama yolu konumunda bulundu.
             En az bir kaynak öğesi için "Private" "false" olarak ayarlanmış olduğundan ve "Private", herhangi bir kaynak öğesi için "true" olarak ayarlanmış olmadığından bu başvuru "CopyLocal" değildir.
         Birincil başvuru: "System.Security.Claims, Version=8.0.0.0, Culture=neutral, PublicKeyToken=b03f5f7f11d50a3a".
             Çözümlenmiş dosya yolu: "C:\Program Files\dotnet\packs\Microsoft.NETCore.App.Ref\8.0.22\ref\net8.0\System.Security.Claims.dll".
             Başvuru, "{RawFileName}" arama yolu konumunda bulundu.
             En az bir kaynak öğesi için "Private" "false" olarak ayarlanmış olduğundan ve "Private", herhangi bir kaynak öğesi için "true" olarak ayarlanmış olmadığından bu başvuru "CopyLocal" değildir.
         Birincil başvuru: "System.Security.Cryptography.Algorithms, Version=8.0.0.0, Culture=neutral, PublicKeyToken=b03f5f7f11d50a3a".
             Çözümlenmiş dosya yolu: "C:\Program Files\dotnet\packs\Microsoft.NETCore.App.Ref\8.0.22\ref\net8.0\System.Security.Cryptography.Algorithms.dll".
             Başvuru, "{RawFileName}" arama yolu konumunda bulundu.
             En az bir kaynak öğesi için "Private" "false" olarak ayarlanmış olduğundan ve "Private", herhangi bir kaynak öğesi için "true" olarak ayarlanmış olmadığından bu başvuru "CopyLocal" değildir.
         Birincil başvuru: "System.Security.Cryptography.Cng, Version=8.0.0.0, Culture=neutral, PublicKeyToken=b03f5f7f11d50a3a".
             Çözümlenmiş dosya yolu: "C:\Program Files\dotnet\packs\Microsoft.NETCore.App.Ref\8.0.22\ref\net8.0\System.Security.Cryptography.Cng.dll".
             Başvuru, "{RawFileName}" arama yolu konumunda bulundu.
             En az bir kaynak öğesi için "Private" "false" olarak ayarlanmış olduğundan ve "Private", herhangi bir kaynak öğesi için "true" olarak ayarlanmış olmadığından bu başvuru "CopyLocal" değildir.
         Birincil başvuru: "System.Security.Cryptography.Csp, Version=8.0.0.0, Culture=neutral, PublicKeyToken=b03f5f7f11d50a3a".
             Çözümlenmiş dosya yolu: "C:\Program Files\dotnet\packs\Microsoft.NETCore.App.Ref\8.0.22\ref\net8.0\System.Security.Cryptography.Csp.dll".
             Başvuru, "{RawFileName}" arama yolu konumunda bulundu.
             En az bir kaynak öğesi için "Private" "false" olarak ayarlanmış olduğundan ve "Private", herhangi bir kaynak öğesi için "true" olarak ayarlanmış olmadığından bu başvuru "CopyLocal" değildir.
         Birincil başvuru: "System.Security.Cryptography.Encoding, Version=8.0.0.0, Culture=neutral, PublicKeyToken=b03f5f7f11d50a3a".
             Çözümlenmiş dosya yolu: "C:\Program Files\dotnet\packs\Microsoft.NETCore.App.Ref\8.0.22\ref\net8.0\System.Security.Cryptography.Encoding.dll".
             Başvuru, "{RawFileName}" arama yolu konumunda bulundu.
             En az bir kaynak öğesi için "Private" "false" olarak ayarlanmış olduğundan ve "Private", herhangi bir kaynak öğesi için "true" olarak ayarlanmış olmadığından bu başvuru "CopyLocal" değildir.
         Birincil başvuru: "System.Security.Cryptography.OpenSsl, Version=8.0.0.0, Culture=neutral, PublicKeyToken=b03f5f7f11d50a3a".
             Çözümlenmiş dosya yolu: "C:\Program Files\dotnet\packs\Microsoft.NETCore.App.Ref\8.0.22\ref\net8.0\System.Security.Cryptography.OpenSsl.dll".
             Başvuru, "{RawFileName}" arama yolu konumunda bulundu.
             En az bir kaynak öğesi için "Private" "false" olarak ayarlanmış olduğundan ve "Private", herhangi bir kaynak öğesi için "true" olarak ayarlanmış olmadığından bu başvuru "CopyLocal" değildir.
         Birincil başvuru: "System.Security.Cryptography.Primitives, Version=8.0.0.0, Culture=neutral, PublicKeyToken=b03f5f7f11d50a3a".
             Çözümlenmiş dosya yolu: "C:\Program Files\dotnet\packs\Microsoft.NETCore.App.Ref\8.0.22\ref\net8.0\System.Security.Cryptography.Primitives.dll".
             Başvuru, "{RawFileName}" arama yolu konumunda bulundu.
             En az bir kaynak öğesi için "Private" "false" olarak ayarlanmış olduğundan ve "Private", herhangi bir kaynak öğesi için "true" olarak ayarlanmış olmadığından bu başvuru "CopyLocal" değildir.
         Birincil başvuru: "System.Security.Cryptography.X509Certificates, Version=8.0.0.0, Culture=neutral, PublicKeyToken=b03f5f7f11d50a3a".
             Çözümlenmiş dosya yolu: "C:\Program Files\dotnet\packs\Microsoft.NETCore.App.Ref\8.0.22\ref\net8.0\System.Security.Cryptography.X509Certificates.dll".
             Başvuru, "{RawFileName}" arama yolu konumunda bulundu.
             En az bir kaynak öğesi için "Private" "false" olarak ayarlanmış olduğundan ve "Private", herhangi bir kaynak öğesi için "true" olarak ayarlanmış olmadığından bu başvuru "CopyLocal" değildir.
         Birincil başvuru: "System.Security.Cryptography, Version=8.0.0.0, Culture=neutral, PublicKeyToken=b03f5f7f11d50a3a".
             Çözümlenmiş dosya yolu: "C:\Program Files\dotnet\packs\Microsoft.NETCore.App.Ref\8.0.22\ref\net8.0\System.Security.Cryptography.dll".
             Başvuru, "{RawFileName}" arama yolu konumunda bulundu.
             En az bir kaynak öğesi için "Private" "false" olarak ayarlanmış olduğundan ve "Private", herhangi bir kaynak öğesi için "true" olarak ayarlanmış olmadığından bu başvuru "CopyLocal" değildir.
         Birincil başvuru: "System.Security.Principal.Windows, Version=8.0.0.0, Culture=neutral, PublicKeyToken=b03f5f7f11d50a3a".
             Çözümlenmiş dosya yolu: "C:\Program Files\dotnet\packs\Microsoft.NETCore.App.Ref\8.0.22\ref\net8.0\System.Security.Principal.Windows.dll".
             Başvuru, "{RawFileName}" arama yolu konumunda bulundu.
             En az bir kaynak öğesi için "Private" "false" olarak ayarlanmış olduğundan ve "Private", herhangi bir kaynak öğesi için "true" olarak ayarlanmış olmadığından bu başvuru "CopyLocal" değildir.
         Birincil başvuru: "System.Security.Principal, Version=8.0.0.0, Culture=neutral, PublicKeyToken=b03f5f7f11d50a3a".
             Çözümlenmiş dosya yolu: "C:\Program Files\dotnet\packs\Microsoft.NETCore.App.Ref\8.0.22\ref\net8.0\System.Security.Principal.dll".
             Başvuru, "{RawFileName}" arama yolu konumunda bulundu.
             En az bir kaynak öğesi için "Private" "false" olarak ayarlanmış olduğundan ve "Private", herhangi bir kaynak öğesi için "true" olarak ayarlanmış olmadığından bu başvuru "CopyLocal" değildir.
         Birincil başvuru: "System.Security.SecureString, Version=8.0.0.0, Culture=neutral, PublicKeyToken=b03f5f7f11d50a3a".
             Çözümlenmiş dosya yolu: "C:\Program Files\dotnet\packs\Microsoft.NETCore.App.Ref\8.0.22\ref\net8.0\System.Security.SecureString.dll".
             Başvuru, "{RawFileName}" arama yolu konumunda bulundu.
             En az bir kaynak öğesi için "Private" "false" olarak ayarlanmış olduğundan ve "Private", herhangi bir kaynak öğesi için "true" olarak ayarlanmış olmadığından bu başvuru "CopyLocal" değildir.
         Birincil başvuru: "System.Security, Version=4.0.0.0, Culture=neutral, PublicKeyToken=b03f5f7f11d50a3a".
             Çözümlenmiş dosya yolu: "C:\Program Files\dotnet\packs\Microsoft.NETCore.App.Ref\8.0.22\ref\net8.0\System.Security.dll".
             Başvuru, "{RawFileName}" arama yolu konumunda bulundu.
             En az bir kaynak öğesi için "Private" "false" olarak ayarlanmış olduğundan ve "Private", herhangi bir kaynak öğesi için "true" olarak ayarlanmış olmadığından bu başvuru "CopyLocal" değildir.
         Birincil başvuru: "System.ServiceModel.Web, Version=4.0.0.0, Culture=neutral, PublicKeyToken=31bf3856ad364e35".
             Çözümlenmiş dosya yolu: "C:\Program Files\dotnet\packs\Microsoft.NETCore.App.Ref\8.0.22\ref\net8.0\System.ServiceModel.Web.dll".
             Başvuru, "{RawFileName}" arama yolu konumunda bulundu.
             En az bir kaynak öğesi için "Private" "false" olarak ayarlanmış olduğundan ve "Private", herhangi bir kaynak öğesi için "true" olarak ayarlanmış olmadığından bu başvuru "CopyLocal" değildir.
         Birincil başvuru: "System.ServiceProcess, Version=4.0.0.0, Culture=neutral, PublicKeyToken=b03f5f7f11d50a3a".
             Çözümlenmiş dosya yolu: "C:\Program Files\dotnet\packs\Microsoft.NETCore.App.Ref\8.0.22\ref\net8.0\System.ServiceProcess.dll".
             Başvuru, "{RawFileName}" arama yolu konumunda bulundu.
             En az bir kaynak öğesi için "Private" "false" olarak ayarlanmış olduğundan ve "Private", herhangi bir kaynak öğesi için "true" olarak ayarlanmış olmadığından bu başvuru "CopyLocal" değildir.
         Birincil başvuru: "System.Text.Encoding.CodePages, Version=8.0.0.0, Culture=neutral, PublicKeyToken=b03f5f7f11d50a3a".
             Çözümlenmiş dosya yolu: "C:\Program Files\dotnet\packs\Microsoft.NETCore.App.Ref\8.0.22\ref\net8.0\System.Text.Encoding.CodePages.dll".
             Başvuru, "{RawFileName}" arama yolu konumunda bulundu.
             En az bir kaynak öğesi için "Private" "false" olarak ayarlanmış olduğundan ve "Private", herhangi bir kaynak öğesi için "true" olarak ayarlanmış olmadığından bu başvuru "CopyLocal" değildir.
         Birincil başvuru: "System.Text.Encoding.Extensions, Version=8.0.0.0, Culture=neutral, PublicKeyToken=b03f5f7f11d50a3a".
             Çözümlenmiş dosya yolu: "C:\Program Files\dotnet\packs\Microsoft.NETCore.App.Ref\8.0.22\ref\net8.0\System.Text.Encoding.Extensions.dll".
             Başvuru, "{RawFileName}" arama yolu konumunda bulundu.
             En az bir kaynak öğesi için "Private" "false" olarak ayarlanmış olduğundan ve "Private", herhangi bir kaynak öğesi için "true" olarak ayarlanmış olmadığından bu başvuru "CopyLocal" değildir.
         Birincil başvuru: "System.Text.Encoding, Version=8.0.0.0, Culture=neutral, PublicKeyToken=b03f5f7f11d50a3a".
             Çözümlenmiş dosya yolu: "C:\Program Files\dotnet\packs\Microsoft.NETCore.App.Ref\8.0.22\ref\net8.0\System.Text.Encoding.dll".
             Başvuru, "{RawFileName}" arama yolu konumunda bulundu.
             En az bir kaynak öğesi için "Private" "false" olarak ayarlanmış olduğundan ve "Private", herhangi bir kaynak öğesi için "true" olarak ayarlanmış olmadığından bu başvuru "CopyLocal" değildir.
         Birincil başvuru: "System.Text.Encodings.Web, Version=8.0.0.0, Culture=neutral, PublicKeyToken=cc7b13ffcd2ddd51".
             Çözümlenmiş dosya yolu: "C:\Program Files\dotnet\packs\Microsoft.NETCore.App.Ref\8.0.22\ref\net8.0\System.Text.Encodings.Web.dll".
             Başvuru, "{RawFileName}" arama yolu konumunda bulundu.
             En az bir kaynak öğesi için "Private" "false" olarak ayarlanmış olduğundan ve "Private", herhangi bir kaynak öğesi için "true" olarak ayarlanmış olmadığından bu başvuru "CopyLocal" değildir.
         Birincil başvuru: "System.Text.Json, Version=8.0.0.0, Culture=neutral, PublicKeyToken=cc7b13ffcd2ddd51".
             Çözümlenmiş dosya yolu: "C:\Program Files\dotnet\packs\Microsoft.NETCore.App.Ref\8.0.22\ref\net8.0\System.Text.Json.dll".
             Başvuru, "{RawFileName}" arama yolu konumunda bulundu.
             En az bir kaynak öğesi için "Private" "false" olarak ayarlanmış olduğundan ve "Private", herhangi bir kaynak öğesi için "true" olarak ayarlanmış olmadığından bu başvuru "CopyLocal" değildir.
         Birincil başvuru: "System.Text.RegularExpressions, Version=8.0.0.0, Culture=neutral, PublicKeyToken=b03f5f7f11d50a3a".
             Çözümlenmiş dosya yolu: "C:\Program Files\dotnet\packs\Microsoft.NETCore.App.Ref\8.0.22\ref\net8.0\System.Text.RegularExpressions.dll".
             Başvuru, "{RawFileName}" arama yolu konumunda bulundu.
             En az bir kaynak öğesi için "Private" "false" olarak ayarlanmış olduğundan ve "Private", herhangi bir kaynak öğesi için "true" olarak ayarlanmış olmadığından bu başvuru "CopyLocal" değildir.
         Birincil başvuru: "System.Threading.Channels, Version=8.0.0.0, Culture=neutral, PublicKeyToken=cc7b13ffcd2ddd51".
             Çözümlenmiş dosya yolu: "C:\Program Files\dotnet\packs\Microsoft.NETCore.App.Ref\8.0.22\ref\net8.0\System.Threading.Channels.dll".
             Başvuru, "{RawFileName}" arama yolu konumunda bulundu.
             En az bir kaynak öğesi için "Private" "false" olarak ayarlanmış olduğundan ve "Private", herhangi bir kaynak öğesi için "true" olarak ayarlanmış olmadığından bu başvuru "CopyLocal" değildir.
         Birincil başvuru: "System.Threading.Overlapped, Version=8.0.0.0, Culture=neutral, PublicKeyToken=b03f5f7f11d50a3a".
             Çözümlenmiş dosya yolu: "C:\Program Files\dotnet\packs\Microsoft.NETCore.App.Ref\8.0.22\ref\net8.0\System.Threading.Overlapped.dll".
             Başvuru, "{RawFileName}" arama yolu konumunda bulundu.
             En az bir kaynak öğesi için "Private" "false" olarak ayarlanmış olduğundan ve "Private", herhangi bir kaynak öğesi için "true" olarak ayarlanmış olmadığından bu başvuru "CopyLocal" değildir.
         Birincil başvuru: "System.Threading.Tasks.Dataflow, Version=8.0.0.0, Culture=neutral, PublicKeyToken=b03f5f7f11d50a3a".
             Çözümlenmiş dosya yolu: "C:\Program Files\dotnet\packs\Microsoft.NETCore.App.Ref\8.0.22\ref\net8.0\System.Threading.Tasks.Dataflow.dll".
             Başvuru, "{RawFileName}" arama yolu konumunda bulundu.
             En az bir kaynak öğesi için "Private" "false" olarak ayarlanmış olduğundan ve "Private", herhangi bir kaynak öğesi için "true" olarak ayarlanmış olmadığından bu başvuru "CopyLocal" değildir.
         Birincil başvuru: "System.Threading.Tasks.Extensions, Version=8.0.0.0, Culture=neutral, PublicKeyToken=cc7b13ffcd2ddd51".
             Çözümlenmiş dosya yolu: "C:\Program Files\dotnet\packs\Microsoft.NETCore.App.Ref\8.0.22\ref\net8.0\System.Threading.Tasks.Extensions.dll".
             Başvuru, "{RawFileName}" arama yolu konumunda bulundu.
             En az bir kaynak öğesi için "Private" "false" olarak ayarlanmış olduğundan ve "Private", herhangi bir kaynak öğesi için "true" olarak ayarlanmış olmadığından bu başvuru "CopyLocal" değildir.
         Birincil başvuru: "System.Threading.Tasks.Parallel, Version=8.0.0.0, Culture=neutral, PublicKeyToken=b03f5f7f11d50a3a".
             Çözümlenmiş dosya yolu: "C:\Program Files\dotnet\packs\Microsoft.NETCore.App.Ref\8.0.22\ref\net8.0\System.Threading.Tasks.Parallel.dll".
             Başvuru, "{RawFileName}" arama yolu konumunda bulundu.
             En az bir kaynak öğesi için "Private" "false" olarak ayarlanmış olduğundan ve "Private", herhangi bir kaynak öğesi için "true" olarak ayarlanmış olmadığından bu başvuru "CopyLocal" değildir.
         Birincil başvuru: "System.Threading.Tasks, Version=8.0.0.0, Culture=neutral, PublicKeyToken=b03f5f7f11d50a3a".
             Çözümlenmiş dosya yolu: "C:\Program Files\dotnet\packs\Microsoft.NETCore.App.Ref\8.0.22\ref\net8.0\System.Threading.Tasks.dll".
             Başvuru, "{RawFileName}" arama yolu konumunda bulundu.
             En az bir kaynak öğesi için "Private" "false" olarak ayarlanmış olduğundan ve "Private", herhangi bir kaynak öğesi için "true" olarak ayarlanmış olmadığından bu başvuru "CopyLocal" değildir.
         Birincil başvuru: "System.Threading.Thread, Version=8.0.0.0, Culture=neutral, PublicKeyToken=b03f5f7f11d50a3a".
             Çözümlenmiş dosya yolu: "C:\Program Files\dotnet\packs\Microsoft.NETCore.App.Ref\8.0.22\ref\net8.0\System.Threading.Thread.dll".
             Başvuru, "{RawFileName}" arama yolu konumunda bulundu.
             En az bir kaynak öğesi için "Private" "false" olarak ayarlanmış olduğundan ve "Private", herhangi bir kaynak öğesi için "true" olarak ayarlanmış olmadığından bu başvuru "CopyLocal" değildir.
         Birincil başvuru: "System.Threading.ThreadPool, Version=8.0.0.0, Culture=neutral, PublicKeyToken=b03f5f7f11d50a3a".
             Çözümlenmiş dosya yolu: "C:\Program Files\dotnet\packs\Microsoft.NETCore.App.Ref\8.0.22\ref\net8.0\System.Threading.ThreadPool.dll".
             Başvuru, "{RawFileName}" arama yolu konumunda bulundu.
             En az bir kaynak öğesi için "Private" "false" olarak ayarlanmış olduğundan ve "Private", herhangi bir kaynak öğesi için "true" olarak ayarlanmış olmadığından bu başvuru "CopyLocal" değildir.
         Birincil başvuru: "System.Threading.Timer, Version=8.0.0.0, Culture=neutral, PublicKeyToken=b03f5f7f11d50a3a".
             Çözümlenmiş dosya yolu: "C:\Program Files\dotnet\packs\Microsoft.NETCore.App.Ref\8.0.22\ref\net8.0\System.Threading.Timer.dll".
             Başvuru, "{RawFileName}" arama yolu konumunda bulundu.
             En az bir kaynak öğesi için "Private" "false" olarak ayarlanmış olduğundan ve "Private", herhangi bir kaynak öğesi için "true" olarak ayarlanmış olmadığından bu başvuru "CopyLocal" değildir.
         Birincil başvuru: "System.Threading, Version=8.0.0.0, Culture=neutral, PublicKeyToken=b03f5f7f11d50a3a".
             Çözümlenmiş dosya yolu: "C:\Program Files\dotnet\packs\Microsoft.NETCore.App.Ref\8.0.22\ref\net8.0\System.Threading.dll".
             Başvuru, "{RawFileName}" arama yolu konumunda bulundu.
             En az bir kaynak öğesi için "Private" "false" olarak ayarlanmış olduğundan ve "Private", herhangi bir kaynak öğesi için "true" olarak ayarlanmış olmadığından bu başvuru "CopyLocal" değildir.
         Birincil başvuru: "System.Transactions.Local, Version=8.0.0.0, Culture=neutral, PublicKeyToken=cc7b13ffcd2ddd51".
             Çözümlenmiş dosya yolu: "C:\Program Files\dotnet\packs\Microsoft.NETCore.App.Ref\8.0.22\ref\net8.0\System.Transactions.Local.dll".
             Başvuru, "{RawFileName}" arama yolu konumunda bulundu.
             En az bir kaynak öğesi için "Private" "false" olarak ayarlanmış olduğundan ve "Private", herhangi bir kaynak öğesi için "true" olarak ayarlanmış olmadığından bu başvuru "CopyLocal" değildir.
         Birincil başvuru: "System.Transactions, Version=4.0.0.0, Culture=neutral, PublicKeyToken=b77a5c561934e089".
             Çözümlenmiş dosya yolu: "C:\Program Files\dotnet\packs\Microsoft.NETCore.App.Ref\8.0.22\ref\net8.0\System.Transactions.dll".
             Başvuru, "{RawFileName}" arama yolu konumunda bulundu.
             En az bir kaynak öğesi için "Private" "false" olarak ayarlanmış olduğundan ve "Private", herhangi bir kaynak öğesi için "true" olarak ayarlanmış olmadığından bu başvuru "CopyLocal" değildir.
         Birincil başvuru: "System.ValueTuple, Version=8.0.0.0, Culture=neutral, PublicKeyToken=cc7b13ffcd2ddd51".
             Çözümlenmiş dosya yolu: "C:\Program Files\dotnet\packs\Microsoft.NETCore.App.Ref\8.0.22\ref\net8.0\System.ValueTuple.dll".
             Başvuru, "{RawFileName}" arama yolu konumunda bulundu.
             En az bir kaynak öğesi için "Private" "false" olarak ayarlanmış olduğundan ve "Private", herhangi bir kaynak öğesi için "true" olarak ayarlanmış olmadığından bu başvuru "CopyLocal" değildir.
         Birincil başvuru: "System.Web.HttpUtility, Version=8.0.0.0, Culture=neutral, PublicKeyToken=cc7b13ffcd2ddd51".
             Çözümlenmiş dosya yolu: "C:\Program Files\dotnet\packs\Microsoft.NETCore.App.Ref\8.0.22\ref\net8.0\System.Web.HttpUtility.dll".
             Başvuru, "{RawFileName}" arama yolu konumunda bulundu.
             En az bir kaynak öğesi için "Private" "false" olarak ayarlanmış olduğundan ve "Private", herhangi bir kaynak öğesi için "true" olarak ayarlanmış olmadığından bu başvuru "CopyLocal" değildir.
         Birincil başvuru: "System.Web, Version=4.0.0.0, Culture=neutral, PublicKeyToken=b03f5f7f11d50a3a".
             Çözümlenmiş dosya yolu: "C:\Program Files\dotnet\packs\Microsoft.NETCore.App.Ref\8.0.22\ref\net8.0\System.Web.dll".
             Başvuru, "{RawFileName}" arama yolu konumunda bulundu.
             En az bir kaynak öğesi için "Private" "false" olarak ayarlanmış olduğundan ve "Private", herhangi bir kaynak öğesi için "true" olarak ayarlanmış olmadığından bu başvuru "CopyLocal" değildir.
         Birincil başvuru: "System.Windows, Version=4.0.0.0, Culture=neutral, PublicKeyToken=b03f5f7f11d50a3a".
             Çözümlenmiş dosya yolu: "C:\Program Files\dotnet\packs\Microsoft.NETCore.App.Ref\8.0.22\ref\net8.0\System.Windows.dll".
             Başvuru, "{RawFileName}" arama yolu konumunda bulundu.
             En az bir kaynak öğesi için "Private" "false" olarak ayarlanmış olduğundan ve "Private", herhangi bir kaynak öğesi için "true" olarak ayarlanmış olmadığından bu başvuru "CopyLocal" değildir.
         Birincil başvuru: "System.Xml.Linq, Version=4.0.0.0, Culture=neutral, PublicKeyToken=b77a5c561934e089".
             Çözümlenmiş dosya yolu: "C:\Program Files\dotnet\packs\Microsoft.NETCore.App.Ref\8.0.22\ref\net8.0\System.Xml.Linq.dll".
             Başvuru, "{RawFileName}" arama yolu konumunda bulundu.
             En az bir kaynak öğesi için "Private" "false" olarak ayarlanmış olduğundan ve "Private", herhangi bir kaynak öğesi için "true" olarak ayarlanmış olmadığından bu başvuru "CopyLocal" değildir.
         Birincil başvuru: "System.Xml.ReaderWriter, Version=8.0.0.0, Culture=neutral, PublicKeyToken=b03f5f7f11d50a3a".
             Çözümlenmiş dosya yolu: "C:\Program Files\dotnet\packs\Microsoft.NETCore.App.Ref\8.0.22\ref\net8.0\System.Xml.ReaderWriter.dll".
             Başvuru, "{RawFileName}" arama yolu konumunda bulundu.
             En az bir kaynak öğesi için "Private" "false" olarak ayarlanmış olduğundan ve "Private", herhangi bir kaynak öğesi için "true" olarak ayarlanmış olmadığından bu başvuru "CopyLocal" değildir.
         Birincil başvuru: "System.Xml.Serialization, Version=4.0.0.0, Culture=neutral, PublicKeyToken=b77a5c561934e089".
             Çözümlenmiş dosya yolu: "C:\Program Files\dotnet\packs\Microsoft.NETCore.App.Ref\8.0.22\ref\net8.0\System.Xml.Serialization.dll".
             Başvuru, "{RawFileName}" arama yolu konumunda bulundu.
             En az bir kaynak öğesi için "Private" "false" olarak ayarlanmış olduğundan ve "Private", herhangi bir kaynak öğesi için "true" olarak ayarlanmış olmadığından bu başvuru "CopyLocal" değildir.
         Birincil başvuru: "System.Xml.XDocument, Version=8.0.0.0, Culture=neutral, PublicKeyToken=b03f5f7f11d50a3a".
             Çözümlenmiş dosya yolu: "C:\Program Files\dotnet\packs\Microsoft.NETCore.App.Ref\8.0.22\ref\net8.0\System.Xml.XDocument.dll".
             Başvuru, "{RawFileName}" arama yolu konumunda bulundu.
             En az bir kaynak öğesi için "Private" "false" olarak ayarlanmış olduğundan ve "Private", herhangi bir kaynak öğesi için "true" olarak ayarlanmış olmadığından bu başvuru "CopyLocal" değildir.
         Birincil başvuru: "System.Xml.XPath.XDocument, Version=8.0.0.0, Culture=neutral, PublicKeyToken=b03f5f7f11d50a3a".
             Çözümlenmiş dosya yolu: "C:\Program Files\dotnet\packs\Microsoft.NETCore.App.Ref\8.0.22\ref\net8.0\System.Xml.XPath.XDocument.dll".
             Başvuru, "{RawFileName}" arama yolu konumunda bulundu.
             En az bir kaynak öğesi için "Private" "false" olarak ayarlanmış olduğundan ve "Private", herhangi bir kaynak öğesi için "true" olarak ayarlanmış olmadığından bu başvuru "CopyLocal" değildir.
         Birincil başvuru: "System.Xml.XPath, Version=8.0.0.0, Culture=neutral, PublicKeyToken=b03f5f7f11d50a3a".
             Çözümlenmiş dosya yolu: "C:\Program Files\dotnet\packs\Microsoft.NETCore.App.Ref\8.0.22\ref\net8.0\System.Xml.XPath.dll".
             Başvuru, "{RawFileName}" arama yolu konumunda bulundu.
             En az bir kaynak öğesi için "Private" "false" olarak ayarlanmış olduğundan ve "Private", herhangi bir kaynak öğesi için "true" olarak ayarlanmış olmadığından bu başvuru "CopyLocal" değildir.
         Birincil başvuru: "System.Xml.XmlDocument, Version=8.0.0.0, Culture=neutral, PublicKeyToken=b03f5f7f11d50a3a".
             Çözümlenmiş dosya yolu: "C:\Program Files\dotnet\packs\Microsoft.NETCore.App.Ref\8.0.22\ref\net8.0\System.Xml.XmlDocument.dll".
             Başvuru, "{RawFileName}" arama yolu konumunda bulundu.
             En az bir kaynak öğesi için "Private" "false" olarak ayarlanmış olduğundan ve "Private", herhangi bir kaynak öğesi için "true" olarak ayarlanmış olmadığından bu başvuru "CopyLocal" değildir.
         Birincil başvuru: "System.Xml.XmlSerializer, Version=8.0.0.0, Culture=neutral, PublicKeyToken=b03f5f7f11d50a3a".
             Çözümlenmiş dosya yolu: "C:\Program Files\dotnet\packs\Microsoft.NETCore.App.Ref\8.0.22\ref\net8.0\System.Xml.XmlSerializer.dll".
             Başvuru, "{RawFileName}" arama yolu konumunda bulundu.
             En az bir kaynak öğesi için "Private" "false" olarak ayarlanmış olduğundan ve "Private", herhangi bir kaynak öğesi için "true" olarak ayarlanmış olmadığından bu başvuru "CopyLocal" değildir.
         Birincil başvuru: "System.Xml, Version=4.0.0.0, Culture=neutral, PublicKeyToken=b77a5c561934e089".
             Çözümlenmiş dosya yolu: "C:\Program Files\dotnet\packs\Microsoft.NETCore.App.Ref\8.0.22\ref\net8.0\System.Xml.dll".
             Başvuru, "{RawFileName}" arama yolu konumunda bulundu.
             En az bir kaynak öğesi için "Private" "false" olarak ayarlanmış olduğundan ve "Private", herhangi bir kaynak öğesi için "true" olarak ayarlanmış olmadığından bu başvuru "CopyLocal" değildir.
         Birincil başvuru: "System, Version=4.0.0.0, Culture=neutral, PublicKeyToken=b77a5c561934e089".
             Çözümlenmiş dosya yolu: "C:\Program Files\dotnet\packs\Microsoft.NETCore.App.Ref\8.0.22\ref\net8.0\System.dll".
             Başvuru, "{RawFileName}" arama yolu konumunda bulundu.
             En az bir kaynak öğesi için "Private" "false" olarak ayarlanmış olduğundan ve "Private", herhangi bir kaynak öğesi için "true" olarak ayarlanmış olmadığından bu başvuru "CopyLocal" değildir.
         Birincil başvuru: "mscorlib, Version=4.0.0.0, Culture=neutral, PublicKeyToken=b77a5c561934e089".
             Çözümlenmiş dosya yolu: "C:\Program Files\dotnet\packs\Microsoft.NETCore.App.Ref\8.0.22\ref\net8.0\mscorlib.dll".
             Başvuru, "{RawFileName}" arama yolu konumunda bulundu.
             En az bir kaynak öğesi için "Private" "false" olarak ayarlanmış olduğundan ve "Private", herhangi bir kaynak öğesi için "true" olarak ayarlanmış olmadığından bu başvuru "CopyLocal" değildir.
         Birincil başvuru: "netstandard, Version=2.1.0.0, Culture=neutral, PublicKeyToken=cc7b13ffcd2ddd51".
             Çözümlenmiş dosya yolu: "C:\Program Files\dotnet\packs\Microsoft.NETCore.App.Ref\8.0.22\ref\net8.0\netstandard.dll".
             Başvuru, "{RawFileName}" arama yolu konumunda bulundu.
             En az bir kaynak öğesi için "Private" "false" olarak ayarlanmış olduğundan ve "Private", herhangi bir kaynak öğesi için "true" olarak ayarlanmış olmadığından bu başvuru "CopyLocal" değildir.
         Birincil başvuru: "Accessibility, Version=4.0.0.0, Culture=neutral, PublicKeyToken=31bf3856ad364e35".
             Çözümlenmiş dosya yolu: "C:\Program Files\dotnet\packs\Microsoft.WindowsDesktop.App.Ref\8.0.22\ref\net8.0\Accessibility.dll".
             Başvuru, "{RawFileName}" arama yolu konumunda bulundu.
             En az bir kaynak öğesi için "Private" "false" olarak ayarlanmış olduğundan ve "Private", herhangi bir kaynak öğesi için "true" olarak ayarlanmış olmadığından bu başvuru "CopyLocal" değildir.
         Birincil başvuru: "Microsoft.VisualBasic.Forms, Version=8.0.0.0, Culture=neutral, PublicKeyToken=b03f5f7f11d50a3a".
             Çözümlenmiş dosya yolu: "C:\Program Files\dotnet\packs\Microsoft.WindowsDesktop.App.Ref\8.0.22\ref\net8.0\Microsoft.VisualBasic.Forms.dll".
             Başvuru, "{RawFileName}" arama yolu konumunda bulundu.
             En az bir kaynak öğesi için "Private" "false" olarak ayarlanmış olduğundan ve "Private", herhangi bir kaynak öğesi için "true" olarak ayarlanmış olmadığından bu başvuru "CopyLocal" değildir.
         Birincil başvuru: "Microsoft.VisualBasic, Version=10.1.0.0, Culture=neutral, PublicKeyToken=b03f5f7f11d50a3a".
             Çözümlenmiş dosya yolu: "C:\Program Files\dotnet\packs\Microsoft.WindowsDesktop.App.Ref\8.0.22\ref\net8.0\Microsoft.VisualBasic.dll".
             Başvuru, "{RawFileName}" arama yolu konumunda bulundu.
             En az bir kaynak öğesi için "Private" "false" olarak ayarlanmış olduğundan ve "Private", herhangi bir kaynak öğesi için "true" olarak ayarlanmış olmadığından bu başvuru "CopyLocal" değildir.
         Birincil başvuru: "Microsoft.Win32.Registry.AccessControl, Version=8.0.0.0, Culture=neutral, PublicKeyToken=b03f5f7f11d50a3a".
             Çözümlenmiş dosya yolu: "C:\Program Files\dotnet\packs\Microsoft.WindowsDesktop.App.Ref\8.0.22\ref\net8.0\Microsoft.Win32.Registry.AccessControl.dll".
             Başvuru, "{RawFileName}" arama yolu konumunda bulundu.
             En az bir kaynak öğesi için "Private" "false" olarak ayarlanmış olduğundan ve "Private", herhangi bir kaynak öğesi için "true" olarak ayarlanmış olmadığından bu başvuru "CopyLocal" değildir.
         Birincil başvuru: "Microsoft.Win32.SystemEvents, Version=8.0.0.0, Culture=neutral, PublicKeyToken=cc7b13ffcd2ddd51".
             Çözümlenmiş dosya yolu: "C:\Program Files\dotnet\packs\Microsoft.WindowsDesktop.App.Ref\8.0.22\ref\net8.0\Microsoft.Win32.SystemEvents.dll".
             Başvuru, "{RawFileName}" arama yolu konumunda bulundu.
             En az bir kaynak öğesi için "Private" "false" olarak ayarlanmış olduğundan ve "Private", herhangi bir kaynak öğesi için "true" olarak ayarlanmış olmadığından bu başvuru "CopyLocal" değildir.
         Birincil başvuru: "PresentationCore, Version=8.0.0.0, Culture=neutral, PublicKeyToken=31bf3856ad364e35".
             Çözümlenmiş dosya yolu: "C:\Program Files\dotnet\packs\Microsoft.WindowsDesktop.App.Ref\8.0.22\ref\net8.0\PresentationCore.dll".
             Başvuru, "{RawFileName}" arama yolu konumunda bulundu.
             En az bir kaynak öğesi için "Private" "false" olarak ayarlanmış olduğundan ve "Private", herhangi bir kaynak öğesi için "true" olarak ayarlanmış olmadığından bu başvuru "CopyLocal" değildir.
         Birincil başvuru: "PresentationFramework.Aero, Version=8.0.0.0, Culture=neutral, PublicKeyToken=31bf3856ad364e35".
             Çözümlenmiş dosya yolu: "C:\Program Files\dotnet\packs\Microsoft.WindowsDesktop.App.Ref\8.0.22\ref\net8.0\PresentationFramework.Aero.dll".
             Başvuru, "{RawFileName}" arama yolu konumunda bulundu.
             En az bir kaynak öğesi için "Private" "false" olarak ayarlanmış olduğundan ve "Private", herhangi bir kaynak öğesi için "true" olarak ayarlanmış olmadığından bu başvuru "CopyLocal" değildir.
         Birincil başvuru: "PresentationFramework.Aero2, Version=8.0.0.0, Culture=neutral, PublicKeyToken=31bf3856ad364e35".
             Çözümlenmiş dosya yolu: "C:\Program Files\dotnet\packs\Microsoft.WindowsDesktop.App.Ref\8.0.22\ref\net8.0\PresentationFramework.Aero2.dll".
             Başvuru, "{RawFileName}" arama yolu konumunda bulundu.
             En az bir kaynak öğesi için "Private" "false" olarak ayarlanmış olduğundan ve "Private", herhangi bir kaynak öğesi için "true" olarak ayarlanmış olmadığından bu başvuru "CopyLocal" değildir.
         Birincil başvuru: "PresentationFramework.AeroLite, Version=8.0.0.0, Culture=neutral, PublicKeyToken=31bf3856ad364e35".
             Çözümlenmiş dosya yolu: "C:\Program Files\dotnet\packs\Microsoft.WindowsDesktop.App.Ref\8.0.22\ref\net8.0\PresentationFramework.AeroLite.dll".
             Başvuru, "{RawFileName}" arama yolu konumunda bulundu.
             En az bir kaynak öğesi için "Private" "false" olarak ayarlanmış olduğundan ve "Private", herhangi bir kaynak öğesi için "true" olarak ayarlanmış olmadığından bu başvuru "CopyLocal" değildir.
         Birincil başvuru: "PresentationFramework.Classic, Version=8.0.0.0, Culture=neutral, PublicKeyToken=31bf3856ad364e35".
             Çözümlenmiş dosya yolu: "C:\Program Files\dotnet\packs\Microsoft.WindowsDesktop.App.Ref\8.0.22\ref\net8.0\PresentationFramework.Classic.dll".
             Başvuru, "{RawFileName}" arama yolu konumunda bulundu.
             En az bir kaynak öğesi için "Private" "false" olarak ayarlanmış olduğundan ve "Private", herhangi bir kaynak öğesi için "true" olarak ayarlanmış olmadığından bu başvuru "CopyLocal" değildir.
         Birincil başvuru: "PresentationFramework.Luna, Version=8.0.0.0, Culture=neutral, PublicKeyToken=31bf3856ad364e35".
             Çözümlenmiş dosya yolu: "C:\Program Files\dotnet\packs\Microsoft.WindowsDesktop.App.Ref\8.0.22\ref\net8.0\PresentationFramework.Luna.dll".
             Başvuru, "{RawFileName}" arama yolu konumunda bulundu.
             En az bir kaynak öğesi için "Private" "false" olarak ayarlanmış olduğundan ve "Private", herhangi bir kaynak öğesi için "true" olarak ayarlanmış olmadığından bu başvuru "CopyLocal" değildir.
         Birincil başvuru: "PresentationFramework.Royale, Version=8.0.0.0, Culture=neutral, PublicKeyToken=31bf3856ad364e35".
             Çözümlenmiş dosya yolu: "C:\Program Files\dotnet\packs\Microsoft.WindowsDesktop.App.Ref\8.0.22\ref\net8.0\PresentationFramework.Royale.dll".
             Başvuru, "{RawFileName}" arama yolu konumunda bulundu.
             En az bir kaynak öğesi için "Private" "false" olarak ayarlanmış olduğundan ve "Private", herhangi bir kaynak öğesi için "true" olarak ayarlanmış olmadığından bu başvuru "CopyLocal" değildir.
         Birincil başvuru: "PresentationFramework, Version=8.0.0.0, Culture=neutral, PublicKeyToken=31bf3856ad364e35".
             Çözümlenmiş dosya yolu: "C:\Program Files\dotnet\packs\Microsoft.WindowsDesktop.App.Ref\8.0.22\ref\net8.0\PresentationFramework.dll".
             Başvuru, "{RawFileName}" arama yolu konumunda bulundu.
             En az bir kaynak öğesi için "Private" "false" olarak ayarlanmış olduğundan ve "Private", herhangi bir kaynak öğesi için "true" olarak ayarlanmış olmadığından bu başvuru "CopyLocal" değildir.
         Birincil başvuru: "PresentationUI, Version=8.0.0.0, Culture=neutral, PublicKeyToken=b77a5c561934e089".
             Çözümlenmiş dosya yolu: "C:\Program Files\dotnet\packs\Microsoft.WindowsDesktop.App.Ref\8.0.22\ref\net8.0\PresentationUI.dll".
             Başvuru, "{RawFileName}" arama yolu konumunda bulundu.
             En az bir kaynak öğesi için "Private" "false" olarak ayarlanmış olduğundan ve "Private", herhangi bir kaynak öğesi için "true" olarak ayarlanmış olmadığından bu başvuru "CopyLocal" değildir.
         Birincil başvuru: "ReachFramework, Version=8.0.0.0, Culture=neutral, PublicKeyToken=31bf3856ad364e35".
             Çözümlenmiş dosya yolu: "C:\Program Files\dotnet\packs\Microsoft.WindowsDesktop.App.Ref\8.0.22\ref\net8.0\ReachFramework.dll".
             Başvuru, "{RawFileName}" arama yolu konumunda bulundu.
             En az bir kaynak öğesi için "Private" "false" olarak ayarlanmış olduğundan ve "Private", herhangi bir kaynak öğesi için "true" olarak ayarlanmış olmadığından bu başvuru "CopyLocal" değildir.
         Birincil başvuru: "System.CodeDom, Version=8.0.0.0, Culture=neutral, PublicKeyToken=cc7b13ffcd2ddd51".
             Çözümlenmiş dosya yolu: "C:\Program Files\dotnet\packs\Microsoft.WindowsDesktop.App.Ref\8.0.22\ref\net8.0\System.CodeDom.dll".
             Başvuru, "{RawFileName}" arama yolu konumunda bulundu.
             En az bir kaynak öğesi için "Private" "false" olarak ayarlanmış olduğundan ve "Private", herhangi bir kaynak öğesi için "true" olarak ayarlanmış olmadığından bu başvuru "CopyLocal" değildir.
         Birincil başvuru: "System.Configuration.ConfigurationManager, Version=8.0.0.0, Culture=neutral, PublicKeyToken=cc7b13ffcd2ddd51".
             Çözümlenmiş dosya yolu: "C:\Program Files\dotnet\packs\Microsoft.WindowsDesktop.App.Ref\8.0.22\ref\net8.0\System.Configuration.ConfigurationManager.dll".
             Başvuru, "{RawFileName}" arama yolu konumunda bulundu.
             En az bir kaynak öğesi için "Private" "false" olarak ayarlanmış olduğundan ve "Private", herhangi bir kaynak öğesi için "true" olarak ayarlanmış olmadığından bu başvuru "CopyLocal" değildir.
         Birincil başvuru: "System.Design, Version=8.0.0.0, Culture=neutral, PublicKeyToken=b03f5f7f11d50a3a".
             Çözümlenmiş dosya yolu: "C:\Program Files\dotnet\packs\Microsoft.WindowsDesktop.App.Ref\8.0.22\ref\net8.0\System.Design.dll".
             Başvuru, "{RawFileName}" arama yolu konumunda bulundu.
             En az bir kaynak öğesi için "Private" "false" olarak ayarlanmış olduğundan ve "Private", herhangi bir kaynak öğesi için "true" olarak ayarlanmış olmadığından bu başvuru "CopyLocal" değildir.
         Birincil başvuru: "System.Diagnostics.EventLog, Version=8.0.0.0, Culture=neutral, PublicKeyToken=cc7b13ffcd2ddd51".
             Çözümlenmiş dosya yolu: "C:\Program Files\dotnet\packs\Microsoft.WindowsDesktop.App.Ref\8.0.22\ref\net8.0\System.Diagnostics.EventLog.dll".
             Başvuru, "{RawFileName}" arama yolu konumunda bulundu.
             En az bir kaynak öğesi için "Private" "false" olarak ayarlanmış olduğundan ve "Private", herhangi bir kaynak öğesi için "true" olarak ayarlanmış olmadığından bu başvuru "CopyLocal" değildir.
         Birincil başvuru: "System.Diagnostics.PerformanceCounter, Version=8.0.0.0, Culture=neutral, PublicKeyToken=cc7b13ffcd2ddd51".
             Çözümlenmiş dosya yolu: "C:\Program Files\dotnet\packs\Microsoft.WindowsDesktop.App.Ref\8.0.22\ref\net8.0\System.Diagnostics.PerformanceCounter.dll".
             Başvuru, "{RawFileName}" arama yolu konumunda bulundu.
             En az bir kaynak öğesi için "Private" "false" olarak ayarlanmış olduğundan ve "Private", herhangi bir kaynak öğesi için "true" olarak ayarlanmış olmadığından bu başvuru "CopyLocal" değildir.
         Birincil başvuru: "System.DirectoryServices, Version=8.0.0.0, Culture=neutral, PublicKeyToken=b03f5f7f11d50a3a".
             Çözümlenmiş dosya yolu: "C:\Program Files\dotnet\packs\Microsoft.WindowsDesktop.App.Ref\8.0.22\ref\net8.0\System.DirectoryServices.dll".
             Başvuru, "{RawFileName}" arama yolu konumunda bulundu.
             En az bir kaynak öğesi için "Private" "false" olarak ayarlanmış olduğundan ve "Private", herhangi bir kaynak öğesi için "true" olarak ayarlanmış olmadığından bu başvuru "CopyLocal" değildir.
         Birincil başvuru: "System.Drawing.Common, Version=8.0.0.0, Culture=neutral, PublicKeyToken=cc7b13ffcd2ddd51".
             Çözümlenmiş dosya yolu: "C:\Program Files\dotnet\packs\Microsoft.WindowsDesktop.App.Ref\8.0.22\ref\net8.0\System.Drawing.Common.dll".
             Başvuru, "{RawFileName}" arama yolu konumunda bulundu.
             En az bir kaynak öğesi için "Private" "false" olarak ayarlanmış olduğundan ve "Private", herhangi bir kaynak öğesi için "true" olarak ayarlanmış olmadığından bu başvuru "CopyLocal" değildir.
         Birincil başvuru: "System.Drawing.Design, Version=8.0.0.0, Culture=neutral, PublicKeyToken=b03f5f7f11d50a3a".
             Çözümlenmiş dosya yolu: "C:\Program Files\dotnet\packs\Microsoft.WindowsDesktop.App.Ref\8.0.22\ref\net8.0\System.Drawing.Design.dll".
             Başvuru, "{RawFileName}" arama yolu konumunda bulundu.
             En az bir kaynak öğesi için "Private" "false" olarak ayarlanmış olduğundan ve "Private", herhangi bir kaynak öğesi için "true" olarak ayarlanmış olmadığından bu başvuru "CopyLocal" değildir.
         Birincil başvuru: "System.Drawing, Version=8.0.0.0, Culture=neutral, PublicKeyToken=b03f5f7f11d50a3a".
             Çözümlenmiş dosya yolu: "C:\Program Files\dotnet\packs\Microsoft.WindowsDesktop.App.Ref\8.0.22\ref\net8.0\System.Drawing.dll".
             Başvuru, "{RawFileName}" arama yolu konumunda bulundu.
             En az bir kaynak öğesi için "Private" "false" olarak ayarlanmış olduğundan ve "Private", herhangi bir kaynak öğesi için "true" olarak ayarlanmış olmadığından bu başvuru "CopyLocal" değildir.
         Birincil başvuru: "System.IO.Packaging, Version=8.0.0.0, Culture=neutral, PublicKeyToken=b03f5f7f11d50a3a".
             Çözümlenmiş dosya yolu: "C:\Program Files\dotnet\packs\Microsoft.WindowsDesktop.App.Ref\8.0.22\ref\net8.0\System.IO.Packaging.dll".
             Başvuru, "{RawFileName}" arama yolu konumunda bulundu.
             En az bir kaynak öğesi için "Private" "false" olarak ayarlanmış olduğundan ve "Private", herhangi bir kaynak öğesi için "true" olarak ayarlanmış olmadığından bu başvuru "CopyLocal" değildir.
         Birincil başvuru: "System.Printing, Version=8.0.0.0, Culture=neutral, PublicKeyToken=31bf3856ad364e35".
             Çözümlenmiş dosya yolu: "C:\Program Files\dotnet\packs\Microsoft.WindowsDesktop.App.Ref\8.0.22\ref\net8.0\System.Printing.dll".
             Başvuru, "{RawFileName}" arama yolu konumunda bulundu.
             En az bir kaynak öğesi için "Private" "false" olarak ayarlanmış olduğundan ve "Private", herhangi bir kaynak öğesi için "true" olarak ayarlanmış olmadığından bu başvuru "CopyLocal" değildir.
         Birincil başvuru: "System.Resources.Extensions, Version=8.0.0.0, Culture=neutral, PublicKeyToken=cc7b13ffcd2ddd51".
             Çözümlenmiş dosya yolu: "C:\Program Files\dotnet\packs\Microsoft.WindowsDesktop.App.Ref\8.0.22\ref\net8.0\System.Resources.Extensions.dll".
             Başvuru, "{RawFileName}" arama yolu konumunda bulundu.
             En az bir kaynak öğesi için "Private" "false" olarak ayarlanmış olduğundan ve "Private", herhangi bir kaynak öğesi için "true" olarak ayarlanmış olmadığından bu başvuru "CopyLocal" değildir.
         Birincil başvuru: "System.Security.Cryptography.Pkcs, Version=8.0.0.0, Culture=neutral, PublicKeyToken=b03f5f7f11d50a3a".
             Çözümlenmiş dosya yolu: "C:\Program Files\dotnet\packs\Microsoft.WindowsDesktop.App.Ref\8.0.22\ref\net8.0\System.Security.Cryptography.Pkcs.dll".
             Başvuru, "{RawFileName}" arama yolu konumunda bulundu.
             En az bir kaynak öğesi için "Private" "false" olarak ayarlanmış olduğundan ve "Private", herhangi bir kaynak öğesi için "true" olarak ayarlanmış olmadığından bu başvuru "CopyLocal" değildir.
         Birincil başvuru: "System.Security.Cryptography.ProtectedData, Version=8.0.0.0, Culture=neutral, PublicKeyToken=b03f5f7f11d50a3a".
             Çözümlenmiş dosya yolu: "C:\Program Files\dotnet\packs\Microsoft.WindowsDesktop.App.Ref\8.0.22\ref\net8.0\System.Security.Cryptography.ProtectedData.dll".
             Başvuru, "{RawFileName}" arama yolu konumunda bulundu.
             En az bir kaynak öğesi için "Private" "false" olarak ayarlanmış olduğundan ve "Private", herhangi bir kaynak öğesi için "true" olarak ayarlanmış olmadığından bu başvuru "CopyLocal" değildir.
         Birincil başvuru: "System.Security.Cryptography.Xml, Version=8.0.0.0, Culture=neutral, PublicKeyToken=cc7b13ffcd2ddd51".
             Çözümlenmiş dosya yolu: "C:\Program Files\dotnet\packs\Microsoft.WindowsDesktop.App.Ref\8.0.22\ref\net8.0\System.Security.Cryptography.Xml.dll".
             Başvuru, "{RawFileName}" arama yolu konumunda bulundu.
             En az bir kaynak öğesi için "Private" "false" olarak ayarlanmış olduğundan ve "Private", herhangi bir kaynak öğesi için "true" olarak ayarlanmış olmadığından bu başvuru "CopyLocal" değildir.
         Birincil başvuru: "System.Security.Permissions, Version=8.0.0.0, Culture=neutral, PublicKeyToken=cc7b13ffcd2ddd51".
             Çözümlenmiş dosya yolu: "C:\Program Files\dotnet\packs\Microsoft.WindowsDesktop.App.Ref\8.0.22\ref\net8.0\System.Security.Permissions.dll".
             Başvuru, "{RawFileName}" arama yolu konumunda bulundu.
             En az bir kaynak öğesi için "Private" "false" olarak ayarlanmış olduğundan ve "Private", herhangi bir kaynak öğesi için "true" olarak ayarlanmış olmadığından bu başvuru "CopyLocal" değildir.
         Birincil başvuru: "System.Threading.AccessControl, Version=8.0.0.0, Culture=neutral, PublicKeyToken=b03f5f7f11d50a3a".
             Çözümlenmiş dosya yolu: "C:\Program Files\dotnet\packs\Microsoft.WindowsDesktop.App.Ref\8.0.22\ref\net8.0\System.Threading.AccessControl.dll".
             Başvuru, "{RawFileName}" arama yolu konumunda bulundu.
             En az bir kaynak öğesi için "Private" "false" olarak ayarlanmış olduğundan ve "Private", herhangi bir kaynak öğesi için "true" olarak ayarlanmış olmadığından bu başvuru "CopyLocal" değildir.
         Birincil başvuru: "System.Windows.Controls.Ribbon, Version=8.0.0.0, Culture=neutral, PublicKeyToken=b77a5c561934e089".
             Çözümlenmiş dosya yolu: "C:\Program Files\dotnet\packs\Microsoft.WindowsDesktop.App.Ref\8.0.22\ref\net8.0\System.Windows.Controls.Ribbon.dll".
             Başvuru, "{RawFileName}" arama yolu konumunda bulundu.
             En az bir kaynak öğesi için "Private" "false" olarak ayarlanmış olduğundan ve "Private", herhangi bir kaynak öğesi için "true" olarak ayarlanmış olmadığından bu başvuru "CopyLocal" değildir.
         Birincil başvuru: "System.Windows.Extensions, Version=8.0.0.0, Culture=neutral, PublicKeyToken=cc7b13ffcd2ddd51".
             Çözümlenmiş dosya yolu: "C:\Program Files\dotnet\packs\Microsoft.WindowsDesktop.App.Ref\8.0.22\ref\net8.0\System.Windows.Extensions.dll".
             Başvuru, "{RawFileName}" arama yolu konumunda bulundu.
             En az bir kaynak öğesi için "Private" "false" olarak ayarlanmış olduğundan ve "Private", herhangi bir kaynak öğesi için "true" olarak ayarlanmış olmadığından bu başvuru "CopyLocal" değildir.
         Birincil başvuru: "System.Windows.Forms.Design.Editors, Version=8.0.0.0, Culture=neutral, PublicKeyToken=b03f5f7f11d50a3a".
             Çözümlenmiş dosya yolu: "C:\Program Files\dotnet\packs\Microsoft.WindowsDesktop.App.Ref\8.0.22\ref\net8.0\System.Windows.Forms.Design.Editors.dll".
             Başvuru, "{RawFileName}" arama yolu konumunda bulundu.
             En az bir kaynak öğesi için "Private" "false" olarak ayarlanmış olduğundan ve "Private", herhangi bir kaynak öğesi için "true" olarak ayarlanmış olmadığından bu başvuru "CopyLocal" değildir.
         Birincil başvuru: "System.Windows.Forms.Design, Version=8.0.0.0, Culture=neutral, PublicKeyToken=b77a5c561934e089".
             Çözümlenmiş dosya yolu: "C:\Program Files\dotnet\packs\Microsoft.WindowsDesktop.App.Ref\8.0.22\ref\net8.0\System.Windows.Forms.Design.dll".
             Başvuru, "{RawFileName}" arama yolu konumunda bulundu.
             En az bir kaynak öğesi için "Private" "false" olarak ayarlanmış olduğundan ve "Private", herhangi bir kaynak öğesi için "true" olarak ayarlanmış olmadığından bu başvuru "CopyLocal" değildir.
         Birincil başvuru: "System.Windows.Forms.Primitives, Version=8.0.0.0, Culture=neutral, PublicKeyToken=b77a5c561934e089".
             Çözümlenmiş dosya yolu: "C:\Program Files\dotnet\packs\Microsoft.WindowsDesktop.App.Ref\8.0.22\ref\net8.0\System.Windows.Forms.Primitives.dll".
             Başvuru, "{RawFileName}" arama yolu konumunda bulundu.
             En az bir kaynak öğesi için "Private" "false" olarak ayarlanmış olduğundan ve "Private", herhangi bir kaynak öğesi için "true" olarak ayarlanmış olmadığından bu başvuru "CopyLocal" değildir.
         Birincil başvuru: "System.Windows.Forms, Version=8.0.0.0, Culture=neutral, PublicKeyToken=b77a5c561934e089".
             Çözümlenmiş dosya yolu: "C:\Program Files\dotnet\packs\Microsoft.WindowsDesktop.App.Ref\8.0.22\ref\net8.0\System.Windows.Forms.dll".
             Başvuru, "{RawFileName}" arama yolu konumunda bulundu.
             En az bir kaynak öğesi için "Private" "false" olarak ayarlanmış olduğundan ve "Private", herhangi bir kaynak öğesi için "true" olarak ayarlanmış olmadığından bu başvuru "CopyLocal" değildir.
         Birincil başvuru: "System.Windows.Input.Manipulations, Version=8.0.0.0, Culture=neutral, PublicKeyToken=b77a5c561934e089".
             Çözümlenmiş dosya yolu: "C:\Program Files\dotnet\packs\Microsoft.WindowsDesktop.App.Ref\8.0.22\ref\net8.0\System.Windows.Input.Manipulations.dll".
             Başvuru, "{RawFileName}" arama yolu konumunda bulundu.
             En az bir kaynak öğesi için "Private" "false" olarak ayarlanmış olduğundan ve "Private", herhangi bir kaynak öğesi için "true" olarak ayarlanmış olmadığından bu başvuru "CopyLocal" değildir.
         Birincil başvuru: "System.Windows.Presentation, Version=8.0.0.0, Culture=neutral, PublicKeyToken=b77a5c561934e089".
             Çözümlenmiş dosya yolu: "C:\Program Files\dotnet\packs\Microsoft.WindowsDesktop.App.Ref\8.0.22\ref\net8.0\System.Windows.Presentation.dll".
             Başvuru, "{RawFileName}" arama yolu konumunda bulundu.
             En az bir kaynak öğesi için "Private" "false" olarak ayarlanmış olduğundan ve "Private", herhangi bir kaynak öğesi için "true" olarak ayarlanmış olmadığından bu başvuru "CopyLocal" değildir.
         Birincil başvuru: "System.Xaml, Version=8.0.0.0, Culture=neutral, PublicKeyToken=b77a5c561934e089".
             Çözümlenmiş dosya yolu: "C:\Program Files\dotnet\packs\Microsoft.WindowsDesktop.App.Ref\8.0.22\ref\net8.0\System.Xaml.dll".
             Başvuru, "{RawFileName}" arama yolu konumunda bulundu.
             En az bir kaynak öğesi için "Private" "false" olarak ayarlanmış olduğundan ve "Private", herhangi bir kaynak öğesi için "true" olarak ayarlanmış olmadığından bu başvuru "CopyLocal" değildir.
         Birincil başvuru: "UIAutomationClient, Version=8.0.0.0, Culture=neutral, PublicKeyToken=31bf3856ad364e35".
             Çözümlenmiş dosya yolu: "C:\Program Files\dotnet\packs\Microsoft.WindowsDesktop.App.Ref\8.0.22\ref\net8.0\UIAutomationClient.dll".
             Başvuru, "{RawFileName}" arama yolu konumunda bulundu.
             En az bir kaynak öğesi için "Private" "false" olarak ayarlanmış olduğundan ve "Private", herhangi bir kaynak öğesi için "true" olarak ayarlanmış olmadığından bu başvuru "CopyLocal" değildir.
         Birincil başvuru: "UIAutomationClientSideProviders, Version=8.0.0.0, Culture=neutral, PublicKeyToken=b77a5c561934e089".
             Çözümlenmiş dosya yolu: "C:\Program Files\dotnet\packs\Microsoft.WindowsDesktop.App.Ref\8.0.22\ref\net8.0\UIAutomationClientSideProviders.dll".
             Başvuru, "{RawFileName}" arama yolu konumunda bulundu.
             En az bir kaynak öğesi için "Private" "false" olarak ayarlanmış olduğundan ve "Private", herhangi bir kaynak öğesi için "true" olarak ayarlanmış olmadığından bu başvuru "CopyLocal" değildir.
         Birincil başvuru: "UIAutomationProvider, Version=8.0.0.0, Culture=neutral, PublicKeyToken=31bf3856ad364e35".
             Çözümlenmiş dosya yolu: "C:\Program Files\dotnet\packs\Microsoft.WindowsDesktop.App.Ref\8.0.22\ref\net8.0\UIAutomationProvider.dll".
             Başvuru, "{RawFileName}" arama yolu konumunda bulundu.
             En az bir kaynak öğesi için "Private" "false" olarak ayarlanmış olduğundan ve "Private", herhangi bir kaynak öğesi için "true" olarak ayarlanmış olmadığından bu başvuru "CopyLocal" değildir.
         Birincil başvuru: "UIAutomationTypes, Version=8.0.0.0, Culture=neutral, PublicKeyToken=31bf3856ad364e35".
             Çözümlenmiş dosya yolu: "C:\Program Files\dotnet\packs\Microsoft.WindowsDesktop.App.Ref\8.0.22\ref\net8.0\UIAutomationTypes.dll".
             Başvuru, "{RawFileName}" arama yolu konumunda bulundu.
             En az bir kaynak öğesi için "Private" "false" olarak ayarlanmış olduğundan ve "Private", herhangi bir kaynak öğesi için "true" olarak ayarlanmış olmadığından bu başvuru "CopyLocal" değildir.
         Birincil başvuru: "WindowsBase, Version=8.0.0.0, Culture=neutral, PublicKeyToken=31bf3856ad364e35".
             Çözümlenmiş dosya yolu: "C:\Program Files\dotnet\packs\Microsoft.WindowsDesktop.App.Ref\8.0.22\ref\net8.0\WindowsBase.dll".
             Başvuru, "{RawFileName}" arama yolu konumunda bulundu.
             En az bir kaynak öğesi için "Private" "false" olarak ayarlanmış olduğundan ve "Private", herhangi bir kaynak öğesi için "true" olarak ayarlanmış olmadığından bu başvuru "CopyLocal" değildir.
         Birincil başvuru: "WindowsFormsIntegration, Version=8.0.0.0, Culture=neutral, PublicKeyToken=31bf3856ad364e35".
             Çözümlenmiş dosya yolu: "C:\Program Files\dotnet\packs\Microsoft.WindowsDesktop.App.Ref\8.0.22\ref\net8.0\WindowsFormsIntegration.dll".
             Başvuru, "{RawFileName}" arama yolu konumunda bulundu.
             En az bir kaynak öğesi için "Private" "false" olarak ayarlanmış olduğundan ve "Private", herhangi bir kaynak öğesi için "true" olarak ayarlanmış olmadığından bu başvuru "CopyLocal" değildir.
       "ResolveAssemblyReference" görevini yürütme tamamlandı.
   1:7>"TurkMorph.csproj" projesinde "ResolveAssemblyReferences" hedefini oluşturma tamamlandı.
   1:7>"C:\Users\Atakan\OneDrive\Documents\GitHub\tokenizer-filter-machine\TurkMorph\TurkMorph.csproj" projesinin "C:\Program Files\dotnet\sdk\10.0.101\Microsoft.Common.CurrentVersion.targets" dosyasındaki "AfterResolveReferences" hedefi ("ResolveReferences" hedefi buna bağımlı):
   1:7>"TurkMorph.csproj" projesinde "AfterResolveReferences" hedefini oluşturma tamamlandı.
   1:7>"C:\Users\Atakan\OneDrive\Documents\GitHub\tokenizer-filter-machine\TurkMorph\TurkMorph.csproj" projesinin "C:\Program Files\dotnet\sdk\10.0.101\Microsoft.Common.CurrentVersion.targets" dosyasındaki "ResolveReferences" hedefi ("_BlockWinMDsOnUnsupportedTFMs" hedefi buna bağımlı):
   1:7>"TurkMorph.csproj" projesinde "ResolveReferences" hedefini oluşturma tamamlandı.
   1:7>"C:\Users\Atakan\OneDrive\Documents\GitHub\tokenizer-filter-machine\TurkMorph\TurkMorph.csproj" projesinin "C:\Program Files\dotnet\sdk\10.0.101\Sdks\Microsoft.NET.Sdk\targets\Microsoft.NET.Sdk.targets" dosyasındaki "_BlockWinMDsOnUnsupportedTFMs" hedefi ("CoreBuild" hedefi buna bağımlı):
       "C:\Program Files\dotnet\sdk\10.0.101\Sdks\Microsoft.NET.Sdk\targets\..\tools\net10.0\Microsoft.NET.Build.Tasks.dll" derlemesindeki "CheckForUnsupportedWinMDReferences" görevi kullanılıyor.
       "CheckForUnsupportedWinMDReferences" görevi
       "CheckForUnsupportedWinMDReferences" görevini yürütme tamamlandı.
   1:7>"TurkMorph.csproj" projesinde "_BlockWinMDsOnUnsupportedTFMs" hedefini oluşturma tamamlandı.
       "ResolveReferences" hedefi atlandı. Önceden başarılı bir şekilde derlenmişti.
   1:7>"C:\Users\Atakan\OneDrive\Documents\GitHub\tokenizer-filter-machine\TurkMorph\TurkMorph.csproj" projesinin "C:\Program Files\dotnet\sdk\10.0.101\Sdks\Microsoft.NET.Sdk.WindowsDesktop\targets\Microsoft.WinFX.targets" dosyasındaki "AfterMarkupCompilePass1" hedefi ("PrepareResources" hedefi buna bağımlı):
   1:7>"TurkMorph.csproj" projesinde "AfterMarkupCompilePass1" hedefini oluşturma tamamlandı.
   1:7>"C:\Users\Atakan\OneDrive\Documents\GitHub\tokenizer-filter-machine\TurkMorph\TurkMorph.csproj" projesinin "C:\Program Files\dotnet\sdk\10.0.101\Sdks\Microsoft.NET.Sdk.WindowsDesktop\targets\Microsoft.WinFX.targets" dosyasındaki "FileClassification" hedefi ("PrepareResources" hedefi buna bağımlı):
   1:7>"TurkMorph.csproj" projesinde "FileClassification" hedefini oluşturma tamamlandı.
       "ResolvePackageDependenciesForBuild" hedefi atlandı. Önceden başarılı bir şekilde derlenmişti.
       "_HandlePackageFileConflicts" hedefi atlandı. Önceden başarılı bir şekilde derlenmişti.
   1:7>"C:\Users\Atakan\OneDrive\Documents\GitHub\tokenizer-filter-machine\TurkMorph\TurkMorph.csproj" projesinin "C:\Program Files\dotnet\sdk\10.0.101\Roslyn\Microsoft.Managed.Core.targets" dosyasındaki "CopyAdditionalFiles" hedefi ("AssignTargetPaths" hedefi buna bağımlı):
   1:7>"TurkMorph.csproj" projesinde "CopyAdditionalFiles" hedefini oluşturma tamamlandı.
       "ResolvePackageAssets" hedefi atlandı. Önceden başarılı bir şekilde derlenmişti.
       "ResolveFrameworkReferences" hedefi atlandı. Önceden başarılı bir şekilde derlenmişti.
   1:7>"C:\Users\Atakan\OneDrive\Documents\GitHub\tokenizer-filter-machine\TurkMorph\TurkMorph.csproj" projesinin "C:\Program Files\dotnet\sdk\10.0.101\Sdks\Microsoft.NET.Sdk\targets\Microsoft.NET.Sdk.targets" dosyasındaki "_GetAppHostPaths" hedefi ("_ComputeNETCoreBuildOutputFiles" hedefi buna bağımlı):
   1:7>"TurkMorph.csproj" projesinde "_GetAppHostPaths" hedefini oluşturma tamamlandı.
   1:7>"C:\Users\Atakan\OneDrive\Documents\GitHub\tokenizer-filter-machine\TurkMorph\TurkMorph.csproj" projesinin "C:\Program Files\dotnet\sdk\10.0.101\Sdks\Microsoft.NET.Sdk\targets\Microsoft.NET.Sdk.targets" dosyasındaki "_GetAppHostCreationConfiguration" hedefi ("_ComputeNETCoreBuildOutputFiles" hedefi buna bağımlı):
   1:7>"TurkMorph.csproj" projesinde "_GetAppHostCreationConfiguration" hedefini oluşturma tamamlandı.
   1:7>"C:\Users\Atakan\OneDrive\Documents\GitHub\tokenizer-filter-machine\TurkMorph\TurkMorph.csproj" projesinin "C:\Program Files\dotnet\sdk\10.0.101\Sdks\Microsoft.NET.Sdk\targets\Microsoft.NET.Sdk.targets" dosyasındaki "_ComputeNETCoreBuildOutputFiles" hedefi ("AssignTargetPaths" hedefi buna bağımlı):
   1:7>"TurkMorph.csproj" projesinde "_ComputeNETCoreBuildOutputFiles" hedefini oluşturma tamamlandı.
   1:7>"C:\Users\Atakan\OneDrive\Documents\GitHub\tokenizer-filter-machine\TurkMorph\TurkMorph.csproj" projesinin "C:\Program Files\dotnet\sdk\10.0.101\Microsoft.Common.CurrentVersion.targets" dosyasındaki "AssignTargetPaths" hedefi ("PrepareResourceNames" hedefi buna bağımlı):
       "Microsoft.Build.Tasks.Core, Version=15.1.0.0, Culture=neutral, PublicKeyToken=b03f5f7f11d50a3a" derlemesindeki "AssignTargetPath" görevi kullanılıyor.
       "AssignTargetPath" görevi
       "AssignTargetPath" görevini yürütme tamamlandı.
       "AssignTargetPath" görevi
       "AssignTargetPath" görevini yürütme tamamlandı.
       "AssignTargetPath" görevi
       "AssignTargetPath" görevini yürütme tamamlandı.
       "AssignTargetPath" görevi
       "AssignTargetPath" görevini yürütme tamamlandı.
   1:7>"TurkMorph.csproj" projesinde "AssignTargetPaths" hedefini oluşturma tamamlandı.
       "AssignTargetPaths" hedefi atlandı. Önceden başarılı bir şekilde derlenmişti.
   1:7>"C:\Users\Atakan\OneDrive\Documents\GitHub\tokenizer-filter-machine\TurkMorph\TurkMorph.csproj" projesinin "C:\Program Files\dotnet\sdk\10.0.101\Microsoft.Common.CurrentVersion.targets" dosyasındaki "SplitResourcesByCulture" hedefi ("PrepareResourceNames" hedefi buna bağımlı):
       "Microsoft.Build.Tasks.Core, Version=15.1.0.0, Culture=neutral, PublicKeyToken=b03f5f7f11d50a3a" derlemesindeki "AssignCulture" görevi kullanılıyor.
       "AssignCulture" görevi
       "AssignCulture" görevini yürütme tamamlandı.
   1:7>"TurkMorph.csproj" projesinde "SplitResourcesByCulture" hedefini oluşturma tamamlandı.
   1:7>"C:\Users\Atakan\OneDrive\Documents\GitHub\tokenizer-filter-machine\TurkMorph\TurkMorph.csproj" projesinin "C:\Program Files\dotnet\sdk\10.0.101\Microsoft.Common.CurrentVersion.targets" dosyasındaki "CreateCustomManifestResourceNames" hedefi ("PrepareResourceNames" hedefi buna bağımlı):
   1:7>"TurkMorph.csproj" projesinde "CreateCustomManifestResourceNames" hedefini oluşturma tamamlandı.
   1:7>"C:\Users\Atakan\OneDrive\Documents\GitHub\tokenizer-filter-machine\TurkMorph\TurkMorph.csproj" projesinin "C:\Program Files\dotnet\sdk\10.0.101\Microsoft.Common.CurrentVersion.targets" dosyasındaki "PrepareResourceNames" hedefi ("PrepareResources" hedefi buna bağımlı):
   1:7>"TurkMorph.csproj" projesinde "PrepareResourceNames" hedefini oluşturma tamamlandı.
       "ResolveAssemblyReferences" hedefi atlandı. Önceden başarılı bir şekilde derlenmişti.
       "SplitResourcesByCulture" hedefi atlandı. Önceden başarılı bir şekilde derlenmişti.
   1:7>"C:\Users\Atakan\OneDrive\Documents\GitHub\tokenizer-filter-machine\TurkMorph\TurkMorph.csproj" projesinin "C:\Program Files\dotnet\sdk\10.0.101\Microsoft.Common.CurrentVersion.targets" dosyasındaki "BeforeResGen" hedefi ("ResGen" hedefi buna bağımlı):
   1:7>"TurkMorph.csproj" projesinde "BeforeResGen" hedefini oluşturma tamamlandı.
       "ResolveReferences" hedefi atlandı. Önceden başarılı bir şekilde derlenmişti.
   1:7>"C:\Users\Atakan\OneDrive\Documents\GitHub\tokenizer-filter-machine\TurkMorph\TurkMorph.csproj" projesinin "C:\Program Files\dotnet\sdk\10.0.101\Microsoft.Common.CurrentVersion.targets" dosyasındaki "FindReferenceAssembliesForReferences" hedefi ("CoreResGen" hedefi buna bağımlı):
   1:7>"TurkMorph.csproj" projesinde "FindReferenceAssembliesForReferences" hedefini oluşturma tamamlandı.
   1:7>"C:\Users\Atakan\OneDrive\Documents\GitHub\tokenizer-filter-machine\TurkMorph\TurkMorph.csproj" projesinin "C:\Program Files\dotnet\sdk\10.0.101\Microsoft.Common.CurrentVersion.targets" dosyasındaki "CoreResGen" hedefi ("ResGen" hedefi buna bağımlı):
   1:7>"TurkMorph.csproj" projesinde "CoreResGen" hedefini oluşturma tamamlandı.
   1:7>"C:\Users\Atakan\OneDrive\Documents\GitHub\tokenizer-filter-machine\TurkMorph\TurkMorph.csproj" projesinin "C:\Program Files\dotnet\sdk\10.0.101\Microsoft.Common.CurrentVersion.targets" dosyasındaki "AfterResGen" hedefi ("ResGen" hedefi buna bağımlı):
   1:7>"TurkMorph.csproj" projesinde "AfterResGen" hedefini oluşturma tamamlandı.
   1:7>"C:\Users\Atakan\OneDrive\Documents\GitHub\tokenizer-filter-machine\TurkMorph\TurkMorph.csproj" projesinin "C:\Program Files\dotnet\sdk\10.0.101\Microsoft.Common.CurrentVersion.targets" dosyasındaki "ResGen" hedefi ("PrepareResources" hedefi buna bağımlı):
   1:7>"TurkMorph.csproj" projesinde "ResGen" hedefini oluşturma tamamlandı.
   1:7>"C:\Users\Atakan\OneDrive\Documents\GitHub\tokenizer-filter-machine\TurkMorph\TurkMorph.csproj" projesinin "C:\Program Files\dotnet\sdk\10.0.101\Microsoft.Common.CurrentVersion.targets" dosyasındaki "PrepareResources" hedefi ("CoreBuild" hedefi buna bağımlı):
   1:7>"TurkMorph.csproj" projesinde "PrepareResources" hedefini oluşturma tamamlandı.
       "ResolveReferences" hedefi atlandı. Önceden başarılı bir şekilde derlenmişti.
   1:7>"C:\Users\Atakan\OneDrive\Documents\GitHub\tokenizer-filter-machine\TurkMorph\TurkMorph.csproj" projesinin "C:\Program Files\dotnet\sdk\10.0.101\Microsoft.Common.CurrentVersion.targets" dosyasındaki "_SetEmbeddedWin32ManifestProperties" hedefi ("SetWin32ManifestProperties" hedefi buna bağımlı):
       "Microsoft.Build.Tasks.Core, Version=15.1.0.0, Culture=neutral, PublicKeyToken=b03f5f7f11d50a3a" derlemesindeki "GetFrameworkPath" görevi kullanılıyor.
       "GetFrameworkPath" görevi
       "GetFrameworkPath" görevini yürütme tamamlandı.
   1:7>"TurkMorph.csproj" projesinde "_SetEmbeddedWin32ManifestProperties" hedefini oluşturma tamamlandı.
   1:7>"C:\Users\Atakan\OneDrive\Documents\GitHub\tokenizer-filter-machine\TurkMorph\TurkMorph.csproj" projesinin "C:\Program Files\dotnet\sdk\10.0.101\Microsoft.Common.CurrentVersion.targets" dosyasındaki "SetWin32ManifestProperties" hedefi ("Compile" hedefi buna bağımlı):
   1:7>"TurkMorph.csproj" projesinde "SetWin32ManifestProperties" hedefini oluşturma tamamlandı.
       "FindReferenceAssembliesForReferences" hedefi atlandı. Önceden başarılı bir şekilde derlenmişti.
   1:7>"C:\Users\Atakan\OneDrive\Documents\GitHub\tokenizer-filter-machine\TurkMorph\TurkMorph.csproj" projesinin "C:\Program Files\dotnet\sdk\10.0.101\Microsoft.Common.CurrentVersion.targets" dosyasındaki "_GenerateCompileInputs" hedefi ("Compile" hedefi buna bağımlı):
   1:7>"TurkMorph.csproj" projesinde "_GenerateCompileInputs" hedefini oluşturma tamamlandı.
       "PrepareForBuild" hedefi atlandı. Önceden başarılı bir şekilde derlenmişti.
   1:7>"C:\Users\Atakan\OneDrive\Documents\GitHub\tokenizer-filter-machine\TurkMorph\TurkMorph.csproj" projesinin "C:\Program Files\dotnet\sdk\10.0.101\Roslyn\Microsoft.Managed.Core.targets" dosyasındaki "GenerateMSBuildEditorConfigFileShouldRun" hedefi ("GenerateMSBuildEditorConfigFile" hedefi buna bağımlı):
   1:7>"TurkMorph.csproj" projesinde "GenerateMSBuildEditorConfigFileShouldRun" hedefini oluşturma tamamlandı.
   1:7>"C:\Users\Atakan\OneDrive\Documents\GitHub\tokenizer-filter-machine\TurkMorph\TurkMorph.csproj" projesinin "C:\Program Files\dotnet\sdk\10.0.101\Sdks\Microsoft.NET.Sdk\codestyle\cs\build\Microsoft.CodeAnalysis.CSharp.CodeStyle.targets" dosyasındaki "AddGlobalAnalyzerConfigForPackage_MicrosoftCodeAnalysisCSharpCodeStyle" hedefi ("GenerateMSBuildEditorConfigFileCore" hedefi buna bağımlı):
   1:7>"TurkMorph.csproj" projesinde "AddGlobalAnalyzerConfigForPackage_MicrosoftCodeAnalysisCSharpCodeStyle" hedefini oluşturma tamamlandı.
   1:7>"C:\Users\Atakan\OneDrive\Documents\GitHub\tokenizer-filter-machine\TurkMorph\TurkMorph.csproj" projesinin "C:\Program Files\dotnet\sdk\10.0.101\Roslyn\Microsoft.Managed.Core.targets" dosyasındaki "GenerateMSBuildEditorConfigFileCore" hedefi ("GenerateMSBuildEditorConfigFile" hedefi buna bağımlı):
       "GenerateMSBuildEditorConfigFileCore" hedefi tam olarak oluşturuluyor.
       Giriş dosyası belirtilmedi.
       "C:\Program Files\dotnet\sdk\10.0.101\Sdks\Microsoft.NET.Sdk\targets\..\..\..\Roslyn\Microsoft.Build.Tasks.CodeAnalysis.dll" derlemesindeki "GenerateMSBuildEditorConfig" görevi kullanılıyor.
       "GenerateMSBuildEditorConfig" görevi
       "GenerateMSBuildEditorConfig" görevini yürütme tamamlandı.
   1:7>"TurkMorph.csproj" projesinde "GenerateMSBuildEditorConfigFileCore" hedefini oluşturma tamamlandı.
   1:7>"C:\Users\Atakan\OneDrive\Documents\GitHub\tokenizer-filter-machine\TurkMorph\TurkMorph.csproj" projesinin "C:\Program Files\dotnet\sdk\10.0.101\Roslyn\Microsoft.Managed.Core.targets" dosyasındaki "GenerateMSBuildEditorConfigFile" hedefi ("BeforeCompile" hedefi buna bağımlı):
   1:7>"TurkMorph.csproj" projesinde "GenerateMSBuildEditorConfigFile" hedefini oluşturma tamamlandı.
       "PrepareForBuild" hedefi atlandı. Önceden başarılı bir şekilde derlenmişti.
       "GetReferenceAssemblyPaths" hedefi atlandı. Önceden başarılı bir şekilde derlenmişti.
   1:7>"C:\Users\Atakan\OneDrive\Documents\GitHub\tokenizer-filter-machine\TurkMorph\TurkMorph.csproj" projesinin "C:\Program Files\dotnet\sdk\10.0.101\Microsoft.CSharp.CurrentVersion.targets" dosyasındaki "_SetTargetFrameworkMonikerAttribute" hedefi ("GenerateTargetFrameworkMonikerAttribute" hedefi buna bağımlı):
   1:7>"TurkMorph.csproj" projesinde "_SetTargetFrameworkMonikerAttribute" hedefini oluşturma tamamlandı.
   1:7>"C:\Users\Atakan\OneDrive\Documents\GitHub\tokenizer-filter-machine\TurkMorph\TurkMorph.csproj" projesinin "C:\Program Files\dotnet\sdk\10.0.101\Microsoft.Common.CurrentVersion.targets" dosyasındaki "GenerateTargetFrameworkMonikerAttribute" hedefi ("BeforeCompile" hedefi buna bağımlı):
       Tüm çıkış dosyaları, giriş dosyalarına göre güncel durumda olduğundan "GenerateTargetFrameworkMonikerAttribute" hedefi atlanıyor.
       Giriş dosyaları: C:\Program Files\dotnet\sdk\10.0.101\Microsoft.Common.targets
       Çıkış dosyaları: obj\Debug\net8.0-windows\.NETCoreApp,Version=v8.0.AssemblyAttributes.cs
   1:7>"TurkMorph.csproj" projesinde "GenerateTargetFrameworkMonikerAttribute" hedefini oluşturma tamamlandı.
       "PrepareForBuild" hedefi atlandı. Önceden başarılı bir şekilde derlenmişti.
   1:7>"C:\Users\Atakan\OneDrive\Documents\GitHub\tokenizer-filter-machine\TurkMorph\TurkMorph.csproj" projesinin "C:\Program Files\dotnet\sdk\10.0.101\Sdks\Microsoft.NET.Sdk\targets\Microsoft.NET.GenerateAssemblyInfo.targets" dosyasındaki "GetAssemblyVersion" hedefi ("GetAssemblyAttributes" hedefi buna bağımlı):
       "C:\Program Files\dotnet\sdk\10.0.101\Sdks\Microsoft.NET.Sdk\targets\..\tools\net10.0\Microsoft.NET.Build.Tasks.dll" derlemesindeki "GetAssemblyVersion" görevi kullanılıyor.
       "GetAssemblyVersion" görevi
       "GetAssemblyVersion" görevini yürütme tamamlandı.
   1:7>"TurkMorph.csproj" projesinde "GetAssemblyVersion" hedefini oluşturma tamamlandı.
   1:7>"C:\Users\Atakan\OneDrive\Documents\GitHub\tokenizer-filter-machine\TurkMorph\TurkMorph.csproj" projesinin "C:\Program Files\dotnet\sdk\10.0.101\Sdks\Microsoft.Build.Tasks.Git\build\Microsoft.Build.Tasks.Git.targets" dosyasındaki "InitializeSourceControlInformationFromSourceControlManager" hedefi ("_InitializeSourceControlInformationFromSourceControlManager" hedefi buna bağımlı):
       "C:\Program Files\dotnet\sdk\10.0.101\Sdks\Microsoft.Build.Tasks.Git\build\..\tools\net\Microsoft.Build.Tasks.Git.dll" derlemesindeki "Microsoft.Build.Tasks.Git.LocateRepository" görevi kullanılıyor.
       "Microsoft.Build.Tasks.Git.LocateRepository" görevi
         SourceLink: Repository instance not found in cache: '*:C:\Users\Atakan\OneDrive\Documents\GitHub\tokenizer-filter-machine\.git'
       "Microsoft.Build.Tasks.Git.LocateRepository" görevini yürütme tamamlandı.
   1:7>"TurkMorph.csproj" projesinde "InitializeSourceControlInformationFromSourceControlManager" hedefini oluşturma tamamlandı.
   1:7>"C:\Users\Atakan\OneDrive\Documents\GitHub\tokenizer-filter-machine\TurkMorph\TurkMorph.csproj" projesinin "C:\Program Files\dotnet\sdk\10.0.101\Sdks\Microsoft.SourceLink.Common\build\InitializeSourceControlInformation.targets" dosyasındaki "_SourceLinkHasSingleProvider" hedefi ("_InitializeSourceControlInformationFromSourceControlManager" hedefi buna bağımlı):
       Derleme TaskRun sırasında yüklendi: Microsoft.SourceLink.Common, Version=10.0.13.7005, Culture=neutral, PublicKeyToken=31bf3856ad364e35 (konum: C:\Program Files\dotnet\sdk\10.0.101\Sdks\Microsoft.SourceLink.Common\tools\net\Microsoft.SourceLink.Common.dll, MVID: 3cb9be59-45f3-469a-bcf6-c9ffcd17a00c, AssemblyLoadContext: MSBuild plugin C:\Program Files\dotnet\sdk\10.0.101\Sdks\Microsoft.SourceLink.Common\tools\net\Microsoft.SourceLink.Common.dll)
       "C:\Program Files\dotnet\sdk\10.0.101\Sdks\Microsoft.SourceLink.Common\build\..\tools\net\Microsoft.SourceLink.Common.dll" derlemesindeki "Microsoft.SourceLink.Common.SourceLinkHasSingleProvider" görevi kullanılıyor.
       "Microsoft.SourceLink.Common.SourceLinkHasSingleProvider" görevi
       "Microsoft.SourceLink.Common.SourceLinkHasSingleProvider" görevini yürütme tamamlandı.
   1:7>"TurkMorph.csproj" projesinde "_SourceLinkHasSingleProvider" hedefini oluşturma tamamlandı.
   1:7>"C:\Users\Atakan\OneDrive\Documents\GitHub\tokenizer-filter-machine\TurkMorph\TurkMorph.csproj" projesinin "C:\Program Files\dotnet\sdk\10.0.101\Sdks\Microsoft.SourceLink.GitHub\build\Microsoft.SourceLink.GitHub.targets" dosyasındaki "TranslateGitHubUrlsInSourceControlInformation" hedefi ("_InitializeSourceControlInformationFromSourceControlManager" hedefi buna bağımlı):
       Derleme TaskRun sırasında yüklendi: Microsoft.SourceLink.GitHub, Version=10.0.13.7005, Culture=neutral, PublicKeyToken=31bf3856ad364e35 (konum: C:\Program Files\dotnet\sdk\10.0.101\Sdks\Microsoft.SourceLink.GitHub\tools\net\Microsoft.SourceLink.GitHub.dll, MVID: 36076676-40e3-4132-a682-ec33e7c38cb5, AssemblyLoadContext: MSBuild plugin C:\Program Files\dotnet\sdk\10.0.101\Sdks\Microsoft.SourceLink.GitHub\tools\net\Microsoft.SourceLink.GitHub.dll)
       "C:\Program Files\dotnet\sdk\10.0.101\Sdks\Microsoft.SourceLink.GitHub\build\..\tools\net\Microsoft.SourceLink.GitHub.dll" derlemesindeki "Microsoft.SourceLink.GitHub.TranslateRepositoryUrls" görevi kullanılıyor.
       "Microsoft.SourceLink.GitHub.TranslateRepositoryUrls" görevi
       "Microsoft.SourceLink.GitHub.TranslateRepositoryUrls" görevini yürütme tamamlandı.
   1:7>"TurkMorph.csproj" projesinde "TranslateGitHubUrlsInSourceControlInformation" hedefini oluşturma tamamlandı.
   1:7>"C:\Users\Atakan\OneDrive\Documents\GitHub\tokenizer-filter-machine\TurkMorph\TurkMorph.csproj" projesinin "C:\Program Files\dotnet\sdk\10.0.101\Sdks\Microsoft.SourceLink.GitLab\build\Microsoft.SourceLink.GitLab.targets" dosyasındaki "TranslateGitLabUrlsInSourceControlInformation" hedefi ("_InitializeSourceControlInformationFromSourceControlManager" hedefi buna bağımlı):
       Derleme TaskRun sırasında yüklendi: Microsoft.SourceLink.GitLab, Version=10.0.13.7005, Culture=neutral, PublicKeyToken=31bf3856ad364e35 (konum: C:\Program Files\dotnet\sdk\10.0.101\Sdks\Microsoft.SourceLink.GitLab\tools\net\Microsoft.SourceLink.GitLab.dll, MVID: ecde11a6-fe59-46bf-9fae-7364c94777ba, AssemblyLoadContext: MSBuild plugin C:\Program Files\dotnet\sdk\10.0.101\Sdks\Microsoft.SourceLink.GitLab\tools\net\Microsoft.SourceLink.GitLab.dll)
       "C:\Program Files\dotnet\sdk\10.0.101\Sdks\Microsoft.SourceLink.GitLab\build\..\tools\net\Microsoft.SourceLink.GitLab.dll" derlemesindeki "Microsoft.SourceLink.GitLab.TranslateRepositoryUrls" görevi kullanılıyor.
       "Microsoft.SourceLink.GitLab.TranslateRepositoryUrls" görevi
       "Microsoft.SourceLink.GitLab.TranslateRepositoryUrls" görevini yürütme tamamlandı.
   1:7>"TurkMorph.csproj" projesinde "TranslateGitLabUrlsInSourceControlInformation" hedefini oluşturma tamamlandı.
   1:7>"C:\Users\Atakan\OneDrive\Documents\GitHub\tokenizer-filter-machine\TurkMorph\TurkMorph.csproj" projesinin "C:\Program Files\dotnet\sdk\10.0.101\Sdks\Microsoft.SourceLink.AzureRepos.Git\build\Microsoft.SourceLink.AzureRepos.Git.targets" dosyasındaki "TranslateAzureReposGitUrlsInSourceControlInformation" hedefi ("_InitializeSourceControlInformationFromSourceControlManager" hedefi buna bağımlı):
       Derleme TaskRun sırasında yüklendi: Microsoft.SourceLink.AzureRepos.Git, Version=10.0.13.7005, Culture=neutral, PublicKeyToken=31bf3856ad364e35 (konum: C:\Program Files\dotnet\sdk\10.0.101\Sdks\Microsoft.SourceLink.AzureRepos.Git\tools\net\Microsoft.SourceLink.AzureRepos.Git.dll, MVID: 0c017808-bddf-44d0-8d72-b0d1c8417eac, AssemblyLoadContext: MSBuild plugin C:\Program Files\dotnet\sdk\10.0.101\Sdks\Microsoft.SourceLink.AzureRepos.Git\tools\net\Microsoft.SourceLink.AzureRepos.Git.dll)
       "C:\Program Files\dotnet\sdk\10.0.101\Sdks\Microsoft.SourceLink.AzureRepos.Git\build\..\tools\net\Microsoft.SourceLink.AzureRepos.Git.dll" derlemesindeki "Microsoft.SourceLink.AzureRepos.Git.TranslateRepositoryUrls" görevi kullanılıyor.
       "Microsoft.SourceLink.AzureRepos.Git.TranslateRepositoryUrls" görevi
       "Microsoft.SourceLink.AzureRepos.Git.TranslateRepositoryUrls" görevini yürütme tamamlandı.
   1:7>"TurkMorph.csproj" projesinde "TranslateAzureReposGitUrlsInSourceControlInformation" hedefini oluşturma tamamlandı.
   1:7>"C:\Users\Atakan\OneDrive\Documents\GitHub\tokenizer-filter-machine\TurkMorph\TurkMorph.csproj" projesinin "C:\Program Files\dotnet\sdk\10.0.101\Sdks\Microsoft.SourceLink.Bitbucket.Git\build\Microsoft.SourceLink.Bitbucket.Git.targets" dosyasındaki "TranslateBitbucketGitUrlsInSourceControlInformation" hedefi ("_InitializeSourceControlInformationFromSourceControlManager" hedefi buna bağımlı):
       Derleme TaskRun sırasında yüklendi: Microsoft.SourceLink.Bitbucket.Git, Version=10.0.13.7005, Culture=neutral, PublicKeyToken=31bf3856ad364e35 (konum: C:\Program Files\dotnet\sdk\10.0.101\Sdks\Microsoft.SourceLink.Bitbucket.Git\tools\net\Microsoft.SourceLink.Bitbucket.Git.dll, MVID: 4b52ed62-9a3e-4649-b031-80835f902681, AssemblyLoadContext: MSBuild plugin C:\Program Files\dotnet\sdk\10.0.101\Sdks\Microsoft.SourceLink.Bitbucket.Git\tools\net\Microsoft.SourceLink.Bitbucket.Git.dll)
       "C:\Program Files\dotnet\sdk\10.0.101\Sdks\Microsoft.SourceLink.Bitbucket.Git\build\..\tools\net\Microsoft.SourceLink.Bitbucket.Git.dll" derlemesindeki "Microsoft.SourceLink.Bitbucket.Git.TranslateRepositoryUrls" görevi kullanılıyor.
       "Microsoft.SourceLink.Bitbucket.Git.TranslateRepositoryUrls" görevi
       "Microsoft.SourceLink.Bitbucket.Git.TranslateRepositoryUrls" görevini yürütme tamamlandı.
   1:7>"TurkMorph.csproj" projesinde "TranslateBitbucketGitUrlsInSourceControlInformation" hedefini oluşturma tamamlandı.
   1:7>"C:\Users\Atakan\OneDrive\Documents\GitHub\tokenizer-filter-machine\TurkMorph\TurkMorph.csproj" projesinin "C:\Program Files\dotnet\sdk\10.0.101\Sdks\Microsoft.SourceLink.Common\build\InitializeSourceControlInformation.targets" dosyasındaki "SourceControlManagerPublishTranslatedUrls" hedefi ("_InitializeSourceControlInformationFromSourceControlManager" hedefi buna bağımlı):
   1:7>"TurkMorph.csproj" projesinde "SourceControlManagerPublishTranslatedUrls" hedefini oluşturma tamamlandı.
   1:7>"C:\Users\Atakan\OneDrive\Documents\GitHub\tokenizer-filter-machine\TurkMorph\TurkMorph.csproj" projesinin "C:\Program Files\dotnet\sdk\10.0.101\Sdks\Microsoft.SourceLink.Common\build\InitializeSourceControlInformation.targets" dosyasındaki "_InitializeSourceControlInformationFromSourceControlManager" hedefi ("InitializeSourceControlInformation" hedefi buna bağımlı):
   1:7>"TurkMorph.csproj" projesinde "_InitializeSourceControlInformationFromSourceControlManager" hedefini oluşturma tamamlandı.
   1:7>"C:\Users\Atakan\OneDrive\Documents\GitHub\tokenizer-filter-machine\TurkMorph\TurkMorph.csproj" projesinin "C:\Program Files\dotnet\sdk\10.0.101\Microsoft.Common.CurrentVersion.targets" dosyasındaki "InitializeSourceControlInformation" hedefi ("GetAssemblyAttributes" hedefi buna bağımlı):
   1:7>"TurkMorph.csproj" projesinde "InitializeSourceControlInformation" hedefini oluşturma tamamlandı.
       "GetAssemblyVersion" hedefi atlandı. Önceden başarılı bir şekilde derlenmişti.
       "InitializeSourceControlInformation" hedefi atlandı. Önceden başarılı bir şekilde derlenmişti.
   1:7>"C:\Users\Atakan\OneDrive\Documents\GitHub\tokenizer-filter-machine\TurkMorph\TurkMorph.csproj" projesinin "C:\Program Files\dotnet\sdk\10.0.101\Sdks\Microsoft.NET.Sdk\targets\Microsoft.NET.GenerateAssemblyInfo.targets" dosyasındaki "AddSourceRevisionToInformationalVersion" hedefi ("GetAssemblyAttributes" hedefi buna bağımlı):
       C:\Program Files\dotnet\sdk\10.0.101\Sdks\Microsoft.NET.Sdk\targets\Microsoft.NET.GenerateAssemblyInfo.targets(70,7): message : Özellik yeniden ataması: $(InformationalVersion)="1.0.0+c8f80387293ecd7e5186c50cdcd3223f7f80b9a8" (önceki değer: "1.0.0") konum: C:\Program Files\dotnet\sdk\10.0.101\Sdks\Microsoft.NET.Sdk\targets\Microsoft.NET.GenerateAssemblyInfo.targets (70,7) [C:\Users\Atakan\OneDrive\Documents\GitHub\tokenizer-filter-machine\TurkMorph\TurkMorph.csproj]
   1:7>"TurkMorph.csproj" projesinde "AddSourceRevisionToInformationalVersion" hedefini oluşturma tamamlandı.
   1:7>"C:\Users\Atakan\OneDrive\Documents\GitHub\tokenizer-filter-machine\TurkMorph\TurkMorph.csproj" projesinin "C:\Program Files\dotnet\sdk\10.0.101\Sdks\Microsoft.NET.Sdk\targets\Microsoft.NET.GenerateAssemblyInfo.targets" dosyasındaki "GetAssemblyAttributes" hedefi ("CreateGeneratedAssemblyInfoInputsCacheFile" hedefi buna bağımlı):
   1:7>"TurkMorph.csproj" projesinde "GetAssemblyAttributes" hedefini oluşturma tamamlandı.
   1:7>"C:\Users\Atakan\OneDrive\Documents\GitHub\tokenizer-filter-machine\TurkMorph\TurkMorph.csproj" projesinin "C:\Program Files\dotnet\sdk\10.0.101\Sdks\Microsoft.NET.Sdk\targets\Microsoft.NET.GenerateAssemblyInfo.targets" dosyasındaki "CreateGeneratedAssemblyInfoInputsCacheFile" hedefi ("CoreGenerateAssemblyInfo" hedefi buna bağımlı):
       "Microsoft.Build.Tasks.Core, Version=15.1.0.0, Culture=neutral, PublicKeyToken=b03f5f7f11d50a3a" derlemesindeki "Hash" görevi kullanılıyor.
       "Hash" görevi
       "Hash" görevini yürütme tamamlandı.
       "WriteLinesToFile" görevi
         İçerik değişmeyeceğinden "obj\Debug\net8.0-windows\TurkMorph.AssemblyInfoInputs.cache" dosyası üzerine yazma işlemi atlanacak.
       "WriteLinesToFile" görevini yürütme tamamlandı.
   1:7>"TurkMorph.csproj" projesinde "CreateGeneratedAssemblyInfoInputsCacheFile" hedefini oluşturma tamamlandı.
   1:7>"C:\Users\Atakan\OneDrive\Documents\GitHub\tokenizer-filter-machine\TurkMorph\TurkMorph.csproj" projesinin "C:\Program Files\dotnet\sdk\10.0.101\Sdks\Microsoft.NET.Sdk\targets\Microsoft.NET.GenerateAssemblyInfo.targets" dosyasındaki "CoreGenerateAssemblyInfo" hedefi ("GenerateAssemblyInfo" hedefi buna bağımlı):
       Tüm çıkış dosyaları, giriş dosyalarına göre güncel durumda olduğundan "CoreGenerateAssemblyInfo" hedefi atlanıyor.
       Giriş dosyaları: obj\Debug\net8.0-windows\TurkMorph.AssemblyInfoInputs.cache
       Çıkış dosyaları: obj\Debug\net8.0-windows\TurkMorph.AssemblyInfo.cs
   1:7>"TurkMorph.csproj" projesinde "CoreGenerateAssemblyInfo" hedefini oluşturma tamamlandı.
   1:7>"C:\Users\Atakan\OneDrive\Documents\GitHub\tokenizer-filter-machine\TurkMorph\TurkMorph.csproj" projesinin "C:\Program Files\dotnet\sdk\10.0.101\Sdks\Microsoft.NET.Sdk\targets\Microsoft.NET.GenerateAssemblyInfo.targets" dosyasındaki "GenerateAssemblyInfo" hedefi ("BeforeCompile" hedefi buna bağımlı):
   1:7>"TurkMorph.csproj" projesinde "GenerateAssemblyInfo" hedefini oluşturma tamamlandı.
   1:7>"C:\Users\Atakan\OneDrive\Documents\GitHub\tokenizer-filter-machine\TurkMorph\TurkMorph.csproj" projesinin "C:\Program Files\dotnet\sdk\10.0.101\Microsoft.Common.CurrentVersion.targets" dosyasındaki "BeforeCompile" hedefi ("Compile" hedefi buna bağımlı):
   1:7>"TurkMorph.csproj" projesinde "BeforeCompile" hedefini oluşturma tamamlandı.
       "ResolveAssemblyReferences" hedefi atlandı. Önceden başarılı bir şekilde derlenmişti.
       "_GenerateCompileInputs" hedefi atlandı. Önceden başarılı bir şekilde derlenmişti.
   1:7>"C:\Users\Atakan\OneDrive\Documents\GitHub\tokenizer-filter-machine\TurkMorph\TurkMorph.csproj" projesinin "C:\Program Files\dotnet\sdk\10.0.101\Microsoft.Common.CurrentVersion.targets" dosyasındaki "_GenerateCompileDependencyCache" hedefi ("Compile" hedefi buna bağımlı):
       "Hash" görevi
       "Hash" görevini yürütme tamamlandı.
       "WriteLinesToFile" görevi
         İçerik değişmeyeceğinden "obj\Debug\net8.0-windows\TurkMorph.csproj.CoreCompileInputs.cache" dosyası üzerine yazma işlemi atlanacak.
       "WriteLinesToFile" görevini yürütme tamamlandı.
   1:7>"TurkMorph.csproj" projesinde "_GenerateCompileDependencyCache" hedefini oluşturma tamamlandı.
   1:7>"C:\Users\Atakan\OneDrive\Documents\GitHub\tokenizer-filter-machine\TurkMorph\TurkMorph.csproj" projesinin "C:\Program Files\dotnet\sdk\10.0.101\Roslyn\Microsoft.Managed.Core.targets" dosyasındaki "_BeforeVBCSCoreCompile" hedefi ("CoreCompile" hedefi buna bağımlı):
   1:7>"TurkMorph.csproj" projesinde "_BeforeVBCSCoreCompile" hedefini oluşturma tamamlandı.
   1:7>"C:\Users\Atakan\OneDrive\Documents\GitHub\tokenizer-filter-machine\TurkMorph\TurkMorph.csproj" projesinin "C:\Program Files\dotnet\sdk\10.0.101\Roslyn\Microsoft.Managed.Core.targets" dosyasındaki "_ComputeSkipAnalyzers" hedefi ("CoreCompile" hedefi buna bağımlı):
   1:7>"TurkMorph.csproj" projesinde "_ComputeSkipAnalyzers" hedefini oluşturma tamamlandı.
       "BeforeCompile" hedefi atlandı. Önceden başarılı bir şekilde derlenmişti.
       "InitializeSourceControlInformationFromSourceControlManager" hedefi atlandı. Önceden başarılı bir şekilde derlenmişti.
   1:7>"C:\Users\Atakan\OneDrive\Documents\GitHub\tokenizer-filter-machine\TurkMorph\TurkMorph.csproj" projesinin "C:\Program Files\dotnet\sdk\10.0.101\Sdks\Microsoft.Build.Tasks.Git\build\Microsoft.Build.Tasks.Git.targets" dosyasındaki "SetEmbeddedFilesFromSourceControlManagerUntrackedFiles" hedefi ("_SetEmbeddedFilesFromSourceControlManagerUntrackedFiles" hedefi buna bağımlı):
       "C:\Program Files\dotnet\sdk\10.0.101\Sdks\Microsoft.Build.Tasks.Git\build\..\tools\net\Microsoft.Build.Tasks.Git.dll" derlemesindeki "Microsoft.Build.Tasks.Git.GetUntrackedFiles" görevi kullanılıyor.
       "Microsoft.Build.Tasks.Git.GetUntrackedFiles" görevi
         SourceLink: Reusing cached git repository information.
       "Microsoft.Build.Tasks.Git.GetUntrackedFiles" görevini yürütme tamamlandı.
   1:7>"TurkMorph.csproj" projesinde "SetEmbeddedFilesFromSourceControlManagerUntrackedFiles" hedefini oluşturma tamamlandı.
   1:7>"C:\Users\Atakan\OneDrive\Documents\GitHub\tokenizer-filter-machine\TurkMorph\TurkMorph.csproj" projesinin "C:\Program Files\dotnet\sdk\10.0.101\Sdks\Microsoft.SourceLink.Common\build\Microsoft.SourceLink.Common.targets" dosyasındaki "_SetEmbeddedFilesFromSourceControlManagerUntrackedFiles" hedefi ("CoreCompile" hedefi buna bağımlı):
   1:7>"TurkMorph.csproj" projesinde "_SetEmbeddedFilesFromSourceControlManagerUntrackedFiles" hedefini oluşturma tamamlandı.
       "InitializeSourceControlInformation" hedefi atlandı. Önceden başarılı bir şekilde derlenmişti.
   1:7>"C:\Users\Atakan\OneDrive\Documents\GitHub\tokenizer-filter-machine\TurkMorph\TurkMorph.csproj" projesinin "C:\Program Files\dotnet\sdk\10.0.101\Sdks\Microsoft.SourceLink.Common\build\Microsoft.SourceLink.Common.targets" dosyasındaki "_SetSourceLinkFilePath" hedefi ("_GenerateSourceLinkFile" hedefi buna bağımlı):
   1:7>"TurkMorph.csproj" projesinde "_SetSourceLinkFilePath" hedefini oluşturma tamamlandı.
       "InitializeSourceControlInformation" hedefi atlandı. Önceden başarılı bir şekilde derlenmişti.
   1:7>"C:\Users\Atakan\OneDrive\Documents\GitHub\tokenizer-filter-machine\TurkMorph\TurkMorph.csproj" projesinin "C:\Program Files\dotnet\sdk\10.0.101\Roslyn\Microsoft.Managed.Core.targets" dosyasındaki "_InitializeSourceRootMappedPathsFromSourceControl" hedefi ("InitializeSourceRootMappedPaths" hedefi buna bağımlı):
   1:7>"TurkMorph.csproj" projesinde "_InitializeSourceRootMappedPathsFromSourceControl" hedefini oluşturma tamamlandı.
   1:7>"C:\Users\Atakan\OneDrive\Documents\GitHub\tokenizer-filter-machine\TurkMorph\TurkMorph.csproj" projesinin "C:\Program Files\dotnet\sdk\10.0.101\Roslyn\Microsoft.Managed.Core.targets" dosyasındaki "InitializeSourceRootMappedPaths" hedefi ("_InitializeSourceRootMappedPathsOpt" hedefi buna bağımlı):
       "C:\Program Files\dotnet\sdk\10.0.101\Sdks\Microsoft.NET.Sdk\targets\..\..\..\Roslyn\Microsoft.Build.Tasks.CodeAnalysis.dll" derlemesindeki "Microsoft.CodeAnalysis.BuildTasks.MapSourceRoots" görevi kullanılıyor.
       "Microsoft.CodeAnalysis.BuildTasks.MapSourceRoots" görevi
       "Microsoft.CodeAnalysis.BuildTasks.MapSourceRoots" görevini yürütme tamamlandı.
   1:7>"TurkMorph.csproj" projesinde "InitializeSourceRootMappedPaths" hedefini oluşturma tamamlandı.
   1:7>"C:\Users\Atakan\OneDrive\Documents\GitHub\tokenizer-filter-machine\TurkMorph\TurkMorph.csproj" projesinin "C:\Program Files\dotnet\sdk\10.0.101\Sdks\Microsoft.SourceLink.Common\build\Microsoft.SourceLink.Common.targets" dosyasındaki "_InitializeSourceRootMappedPathsOpt" hedefi ("_GenerateSourceLinkFile" hedefi buna bağımlı):
   1:7>"TurkMorph.csproj" projesinde "_InitializeSourceRootMappedPathsOpt" hedefini oluşturma tamamlandı.
   1:7>"C:\Users\Atakan\OneDrive\Documents\GitHub\tokenizer-filter-machine\TurkMorph\TurkMorph.csproj" projesinin "C:\Program Files\dotnet\sdk\10.0.101\Sdks\Microsoft.SourceLink.GitHub\build\Microsoft.SourceLink.GitHub.targets" dosyasındaki "_InitializeGitHubSourceLinkUrl" hedefi ("_GenerateSourceLinkFile" hedefi buna bağımlı):
       "_InitializeGitHubSourceLinkUrl" hedefi tam olarak oluşturuluyor.
       Giriş dosyası belirtilmedi.
       "C:\Program Files\dotnet\sdk\10.0.101\Sdks\Microsoft.SourceLink.GitHub\build\..\tools\net\Microsoft.SourceLink.GitHub.dll" derlemesindeki "Microsoft.SourceLink.GitHub.GetSourceLinkUrl" görevi kullanılıyor.
       "Microsoft.SourceLink.GitHub.GetSourceLinkUrl" görevi
       "Microsoft.SourceLink.GitHub.GetSourceLinkUrl" görevini yürütme tamamlandı.
   1:7>"TurkMorph.csproj" projesinde "_InitializeGitHubSourceLinkUrl" hedefini oluşturma tamamlandı.
   1:7>"C:\Users\Atakan\OneDrive\Documents\GitHub\tokenizer-filter-machine\TurkMorph\TurkMorph.csproj" projesinin "C:\Program Files\dotnet\sdk\10.0.101\Sdks\Microsoft.SourceLink.GitHub\build\Microsoft.SourceLink.GitHub.targets" dosyasındaki "_InitializeGitHubSourceLinkUrl" hedefi ("_GenerateSourceLinkFile" hedefi buna bağımlı):
       "_InitializeGitHubSourceLinkUrl" hedefi tam olarak oluşturuluyor.
       Giriş dosyası belirtilmedi.
       "Microsoft.SourceLink.GitHub.GetSourceLinkUrl" görevi
       "Microsoft.SourceLink.GitHub.GetSourceLinkUrl" görevini yürütme tamamlandı.
   1:7>"TurkMorph.csproj" projesinde "_InitializeGitHubSourceLinkUrl" hedefini oluşturma tamamlandı.
   1:7>"C:\Users\Atakan\OneDrive\Documents\GitHub\tokenizer-filter-machine\TurkMorph\TurkMorph.csproj" projesinin "C:\Program Files\dotnet\sdk\10.0.101\Sdks\Microsoft.SourceLink.GitHub\build\Microsoft.SourceLink.GitHub.targets" dosyasındaki "_InitializeGitHubSourceLinkUrl" hedefi ("_GenerateSourceLinkFile" hedefi buna bağımlı):
       "_InitializeGitHubSourceLinkUrl" hedefi tam olarak oluşturuluyor.
       Giriş dosyası belirtilmedi.
       "Microsoft.SourceLink.GitHub.GetSourceLinkUrl" görevi
       "Microsoft.SourceLink.GitHub.GetSourceLinkUrl" görevini yürütme tamamlandı.
   1:7>"TurkMorph.csproj" projesinde "_InitializeGitHubSourceLinkUrl" hedefini oluşturma tamamlandı.
   1:7>"C:\Users\Atakan\OneDrive\Documents\GitHub\tokenizer-filter-machine\TurkMorph\TurkMorph.csproj" projesinin "C:\Program Files\dotnet\sdk\10.0.101\Sdks\Microsoft.SourceLink.GitHub\build\Microsoft.SourceLink.GitHub.targets" dosyasındaki "_InitializeGitHubSourceLinkUrl" hedefi ("_GenerateSourceLinkFile" hedefi buna bağımlı):
       "_InitializeGitHubSourceLinkUrl" hedefi tam olarak oluşturuluyor.
       Giriş dosyası belirtilmedi.
       "Microsoft.SourceLink.GitHub.GetSourceLinkUrl" görevi
       "Microsoft.SourceLink.GitHub.GetSourceLinkUrl" görevini yürütme tamamlandı.
   1:7>"TurkMorph.csproj" projesinde "_InitializeGitHubSourceLinkUrl" hedefini oluşturma tamamlandı.
   1:7>"C:\Users\Atakan\OneDrive\Documents\GitHub\tokenizer-filter-machine\TurkMorph\TurkMorph.csproj" projesinin "C:\Program Files\dotnet\sdk\10.0.101\Sdks\Microsoft.SourceLink.GitHub\build\Microsoft.SourceLink.GitHub.targets" dosyasındaki "_InitializeGitHubSourceLinkUrl" hedefi ("_GenerateSourceLinkFile" hedefi buna bağımlı):
       "_InitializeGitHubSourceLinkUrl" hedefi tam olarak oluşturuluyor.
       Giriş dosyası belirtilmedi.
       "Microsoft.SourceLink.GitHub.GetSourceLinkUrl" görevi
       "Microsoft.SourceLink.GitHub.GetSourceLinkUrl" görevini yürütme tamamlandı.
   1:7>"TurkMorph.csproj" projesinde "_InitializeGitHubSourceLinkUrl" hedefini oluşturma tamamlandı.
   1:7>"C:\Users\Atakan\OneDrive\Documents\GitHub\tokenizer-filter-machine\TurkMorph\TurkMorph.csproj" projesinin "C:\Program Files\dotnet\sdk\10.0.101\Sdks\Microsoft.SourceLink.GitLab\build\Microsoft.SourceLink.GitLab.targets" dosyasındaki "_InitializeGitLabSourceLinkUrl" hedefi ("_GenerateSourceLinkFile" hedefi buna bağımlı):
       "_InitializeGitLabSourceLinkUrl" hedefi tam olarak oluşturuluyor.
       Giriş dosyası belirtilmedi.
       "C:\Program Files\dotnet\sdk\10.0.101\Sdks\Microsoft.SourceLink.GitLab\build\..\tools\net\Microsoft.SourceLink.GitLab.dll" derlemesindeki "Microsoft.SourceLink.GitLab.GetSourceLinkUrl" görevi kullanılıyor.
       "Microsoft.SourceLink.GitLab.GetSourceLinkUrl" görevi
       C:\Program Files\dotnet\sdk\10.0.101\Sdks\Microsoft.SourceLink.GitLab\build\Microsoft.SourceLink.GitLab.targets(37,7): message : Özellik yeniden ataması: $(_SourceLinkUrlToUpdate)="N/A" (önceki değer: "https://raw.githubusercontent.com/atechan44/tokenizer-filter-machine/c8f80387293ecd7e5186c50cdcd3223f7f80b9a8/*") konum: C:\Program Files\dotnet\sdk\10.0.101\Sdks\Microsoft.SourceLink.GitLab\build\Microsoft.SourceLink.GitLab.targets (37,7) [C:\Users\Atakan\OneDrive\Documents\GitHub\tokenizer-filter-machine\TurkMorph\TurkMorph.csproj]
       "Microsoft.SourceLink.GitLab.GetSourceLinkUrl" görevini yürütme tamamlandı.
   1:7>"TurkMorph.csproj" projesinde "_InitializeGitLabSourceLinkUrl" hedefini oluşturma tamamlandı.
   1:7>"C:\Users\Atakan\OneDrive\Documents\GitHub\tokenizer-filter-machine\TurkMorph\TurkMorph.csproj" projesinin "C:\Program Files\dotnet\sdk\10.0.101\Sdks\Microsoft.SourceLink.GitLab\build\Microsoft.SourceLink.GitLab.targets" dosyasındaki "_InitializeGitLabSourceLinkUrl" hedefi ("_GenerateSourceLinkFile" hedefi buna bağımlı):
       "_InitializeGitLabSourceLinkUrl" hedefi tam olarak oluşturuluyor.
       Giriş dosyası belirtilmedi.
       "Microsoft.SourceLink.GitLab.GetSourceLinkUrl" görevi
       C:\Program Files\dotnet\sdk\10.0.101\Sdks\Microsoft.SourceLink.GitLab\build\Microsoft.SourceLink.GitLab.targets(37,7): message : Özellik yeniden ataması: $(_SourceLinkUrlToUpdate)="N/A" (önceki değer: "https://raw.githubusercontent.com/atechan44/tokenizer-filter-machine/c8f80387293ecd7e5186c50cdcd3223f7f80b9a8/*") konum: C:\Program Files\dotnet\sdk\10.0.101\Sdks\Microsoft.SourceLink.GitLab\build\Microsoft.SourceLink.GitLab.targets (37,7) [C:\Users\Atakan\OneDrive\Documents\GitHub\tokenizer-filter-machine\TurkMorph\TurkMorph.csproj]
       "Microsoft.SourceLink.GitLab.GetSourceLinkUrl" görevini yürütme tamamlandı.
   1:7>"TurkMorph.csproj" projesinde "_InitializeGitLabSourceLinkUrl" hedefini oluşturma tamamlandı.
   1:7>"C:\Users\Atakan\OneDrive\Documents\GitHub\tokenizer-filter-machine\TurkMorph\TurkMorph.csproj" projesinin "C:\Program Files\dotnet\sdk\10.0.101\Sdks\Microsoft.SourceLink.GitLab\build\Microsoft.SourceLink.GitLab.targets" dosyasındaki "_InitializeGitLabSourceLinkUrl" hedefi ("_GenerateSourceLinkFile" hedefi buna bağımlı):
       "_InitializeGitLabSourceLinkUrl" hedefi tam olarak oluşturuluyor.
       Giriş dosyası belirtilmedi.
       "Microsoft.SourceLink.GitLab.GetSourceLinkUrl" görevi
       C:\Program Files\dotnet\sdk\10.0.101\Sdks\Microsoft.SourceLink.GitLab\build\Microsoft.SourceLink.GitLab.targets(37,7): message : Özellik yeniden ataması: $(_SourceLinkUrlToUpdate)="N/A" (önceki değer: "https://raw.githubusercontent.com/atechan44/tokenizer-filter-machine/c8f80387293ecd7e5186c50cdcd3223f7f80b9a8/*") konum: C:\Program Files\dotnet\sdk\10.0.101\Sdks\Microsoft.SourceLink.GitLab\build\Microsoft.SourceLink.GitLab.targets (37,7) [C:\Users\Atakan\OneDrive\Documents\GitHub\tokenizer-filter-machine\TurkMorph\TurkMorph.csproj]
       "Microsoft.SourceLink.GitLab.GetSourceLinkUrl" görevini yürütme tamamlandı.
   1:7>"TurkMorph.csproj" projesinde "_InitializeGitLabSourceLinkUrl" hedefini oluşturma tamamlandı.
   1:7>"C:\Users\Atakan\OneDrive\Documents\GitHub\tokenizer-filter-machine\TurkMorph\TurkMorph.csproj" projesinin "C:\Program Files\dotnet\sdk\10.0.101\Sdks\Microsoft.SourceLink.GitLab\build\Microsoft.SourceLink.GitLab.targets" dosyasındaki "_InitializeGitLabSourceLinkUrl" hedefi ("_GenerateSourceLinkFile" hedefi buna bağımlı):
       "_InitializeGitLabSourceLinkUrl" hedefi tam olarak oluşturuluyor.
       Giriş dosyası belirtilmedi.
       "Microsoft.SourceLink.GitLab.GetSourceLinkUrl" görevi
       C:\Program Files\dotnet\sdk\10.0.101\Sdks\Microsoft.SourceLink.GitLab\build\Microsoft.SourceLink.GitLab.targets(37,7): message : Özellik yeniden ataması: $(_SourceLinkUrlToUpdate)="N/A" (önceki değer: "https://raw.githubusercontent.com/atechan44/tokenizer-filter-machine/c8f80387293ecd7e5186c50cdcd3223f7f80b9a8/*") konum: C:\Program Files\dotnet\sdk\10.0.101\Sdks\Microsoft.SourceLink.GitLab\build\Microsoft.SourceLink.GitLab.targets (37,7) [C:\Users\Atakan\OneDrive\Documents\GitHub\tokenizer-filter-machine\TurkMorph\TurkMorph.csproj]
       "Microsoft.SourceLink.GitLab.GetSourceLinkUrl" görevini yürütme tamamlandı.
   1:7>"TurkMorph.csproj" projesinde "_InitializeGitLabSourceLinkUrl" hedefini oluşturma tamamlandı.
   1:7>"C:\Users\Atakan\OneDrive\Documents\GitHub\tokenizer-filter-machine\TurkMorph\TurkMorph.csproj" projesinin "C:\Program Files\dotnet\sdk\10.0.101\Sdks\Microsoft.SourceLink.GitLab\build\Microsoft.SourceLink.GitLab.targets" dosyasındaki "_InitializeGitLabSourceLinkUrl" hedefi ("_GenerateSourceLinkFile" hedefi buna bağımlı):
       "_InitializeGitLabSourceLinkUrl" hedefi tam olarak oluşturuluyor.
       Giriş dosyası belirtilmedi.
       "Microsoft.SourceLink.GitLab.GetSourceLinkUrl" görevi
       C:\Program Files\dotnet\sdk\10.0.101\Sdks\Microsoft.SourceLink.GitLab\build\Microsoft.SourceLink.GitLab.targets(37,7): message : Özellik yeniden ataması: $(_SourceLinkUrlToUpdate)="N/A" (önceki değer: "https://raw.githubusercontent.com/atechan44/tokenizer-filter-machine/c8f80387293ecd7e5186c50cdcd3223f7f80b9a8/*") konum: C:\Program Files\dotnet\sdk\10.0.101\Sdks\Microsoft.SourceLink.GitLab\build\Microsoft.SourceLink.GitLab.targets (37,7) [C:\Users\Atakan\OneDrive\Documents\GitHub\tokenizer-filter-machine\TurkMorph\TurkMorph.csproj]
       "Microsoft.SourceLink.GitLab.GetSourceLinkUrl" görevini yürütme tamamlandı.
   1:7>"TurkMorph.csproj" projesinde "_InitializeGitLabSourceLinkUrl" hedefini oluşturma tamamlandı.
   1:7>"C:\Users\Atakan\OneDrive\Documents\GitHub\tokenizer-filter-machine\TurkMorph\TurkMorph.csproj" projesinin "C:\Program Files\dotnet\sdk\10.0.101\Sdks\Microsoft.SourceLink.AzureRepos.Git\build\Microsoft.SourceLink.AzureRepos.Git.targets" dosyasındaki "_InitializeAzureReposGitSourceLinkUrl" hedefi ("_GenerateSourceLinkFile" hedefi buna bağımlı):
       "_InitializeAzureReposGitSourceLinkUrl" hedefi tam olarak oluşturuluyor.
       Giriş dosyası belirtilmedi.
       "C:\Program Files\dotnet\sdk\10.0.101\Sdks\Microsoft.SourceLink.AzureRepos.Git\build\..\tools\net\Microsoft.SourceLink.AzureRepos.Git.dll" derlemesindeki "Microsoft.SourceLink.AzureRepos.Git.GetSourceLinkUrl" görevi kullanılıyor.
       "Microsoft.SourceLink.AzureRepos.Git.GetSourceLinkUrl" görevi
       "Microsoft.SourceLink.AzureRepos.Git.GetSourceLinkUrl" görevini yürütme tamamlandı.
   1:7>"TurkMorph.csproj" projesinde "_InitializeAzureReposGitSourceLinkUrl" hedefini oluşturma tamamlandı.
   1:7>"C:\Users\Atakan\OneDrive\Documents\GitHub\tokenizer-filter-machine\TurkMorph\TurkMorph.csproj" projesinin "C:\Program Files\dotnet\sdk\10.0.101\Sdks\Microsoft.SourceLink.AzureRepos.Git\build\Microsoft.SourceLink.AzureRepos.Git.targets" dosyasındaki "_InitializeAzureReposGitSourceLinkUrl" hedefi ("_GenerateSourceLinkFile" hedefi buna bağımlı):
       "_InitializeAzureReposGitSourceLinkUrl" hedefi tam olarak oluşturuluyor.
       Giriş dosyası belirtilmedi.
       "Microsoft.SourceLink.AzureRepos.Git.GetSourceLinkUrl" görevi
       "Microsoft.SourceLink.AzureRepos.Git.GetSourceLinkUrl" görevini yürütme tamamlandı.
   1:7>"TurkMorph.csproj" projesinde "_InitializeAzureReposGitSourceLinkUrl" hedefini oluşturma tamamlandı.
   1:7>"C:\Users\Atakan\OneDrive\Documents\GitHub\tokenizer-filter-machine\TurkMorph\TurkMorph.csproj" projesinin "C:\Program Files\dotnet\sdk\10.0.101\Sdks\Microsoft.SourceLink.AzureRepos.Git\build\Microsoft.SourceLink.AzureRepos.Git.targets" dosyasındaki "_InitializeAzureReposGitSourceLinkUrl" hedefi ("_GenerateSourceLinkFile" hedefi buna bağımlı):
       "_InitializeAzureReposGitSourceLinkUrl" hedefi tam olarak oluşturuluyor.
       Giriş dosyası belirtilmedi.
       "Microsoft.SourceLink.AzureRepos.Git.GetSourceLinkUrl" görevi
       "Microsoft.SourceLink.AzureRepos.Git.GetSourceLinkUrl" görevini yürütme tamamlandı.
   1:7>"TurkMorph.csproj" projesinde "_InitializeAzureReposGitSourceLinkUrl" hedefini oluşturma tamamlandı.
   1:7>"C:\Users\Atakan\OneDrive\Documents\GitHub\tokenizer-filter-machine\TurkMorph\TurkMorph.csproj" projesinin "C:\Program Files\dotnet\sdk\10.0.101\Sdks\Microsoft.SourceLink.AzureRepos.Git\build\Microsoft.SourceLink.AzureRepos.Git.targets" dosyasındaki "_InitializeAzureReposGitSourceLinkUrl" hedefi ("_GenerateSourceLinkFile" hedefi buna bağımlı):
       "_InitializeAzureReposGitSourceLinkUrl" hedefi tam olarak oluşturuluyor.
       Giriş dosyası belirtilmedi.
       "Microsoft.SourceLink.AzureRepos.Git.GetSourceLinkUrl" görevi
       "Microsoft.SourceLink.AzureRepos.Git.GetSourceLinkUrl" görevini yürütme tamamlandı.
   1:7>"TurkMorph.csproj" projesinde "_InitializeAzureReposGitSourceLinkUrl" hedefini oluşturma tamamlandı.
   1:7>"C:\Users\Atakan\OneDrive\Documents\GitHub\tokenizer-filter-machine\TurkMorph\TurkMorph.csproj" projesinin "C:\Program Files\dotnet\sdk\10.0.101\Sdks\Microsoft.SourceLink.AzureRepos.Git\build\Microsoft.SourceLink.AzureRepos.Git.targets" dosyasındaki "_InitializeAzureReposGitSourceLinkUrl" hedefi ("_GenerateSourceLinkFile" hedefi buna bağımlı):
       "_InitializeAzureReposGitSourceLinkUrl" hedefi tam olarak oluşturuluyor.
       Giriş dosyası belirtilmedi.
       "Microsoft.SourceLink.AzureRepos.Git.GetSourceLinkUrl" görevi
       "Microsoft.SourceLink.AzureRepos.Git.GetSourceLinkUrl" görevini yürütme tamamlandı.
   1:7>"TurkMorph.csproj" projesinde "_InitializeAzureReposGitSourceLinkUrl" hedefini oluşturma tamamlandı.
   1:7>"C:\Users\Atakan\OneDrive\Documents\GitHub\tokenizer-filter-machine\TurkMorph\TurkMorph.csproj" projesinin "C:\Program Files\dotnet\sdk\10.0.101\Sdks\Microsoft.SourceLink.Bitbucket.Git\build\Microsoft.SourceLink.Bitbucket.Git.targets" dosyasındaki "_InitializeBitbucketGitSourceLinkUrl" hedefi ("_GenerateSourceLinkFile" hedefi buna bağımlı):
       "_InitializeBitbucketGitSourceLinkUrl" hedefi tam olarak oluşturuluyor.
       Giriş dosyası belirtilmedi.
       "C:\Program Files\dotnet\sdk\10.0.101\Sdks\Microsoft.SourceLink.Bitbucket.Git\build\..\tools\net\Microsoft.SourceLink.Bitbucket.Git.dll" derlemesindeki "Microsoft.SourceLink.Bitbucket.Git.GetSourceLinkUrl" görevi kullanılıyor.
       "Microsoft.SourceLink.Bitbucket.Git.GetSourceLinkUrl" görevi
       "Microsoft.SourceLink.Bitbucket.Git.GetSourceLinkUrl" görevini yürütme tamamlandı.
   1:7>"TurkMorph.csproj" projesinde "_InitializeBitbucketGitSourceLinkUrl" hedefini oluşturma tamamlandı.
   1:7>"C:\Users\Atakan\OneDrive\Documents\GitHub\tokenizer-filter-machine\TurkMorph\TurkMorph.csproj" projesinin "C:\Program Files\dotnet\sdk\10.0.101\Sdks\Microsoft.SourceLink.Bitbucket.Git\build\Microsoft.SourceLink.Bitbucket.Git.targets" dosyasındaki "_InitializeBitbucketGitSourceLinkUrl" hedefi ("_GenerateSourceLinkFile" hedefi buna bağımlı):
       "_InitializeBitbucketGitSourceLinkUrl" hedefi tam olarak oluşturuluyor.
       Giriş dosyası belirtilmedi.
       "Microsoft.SourceLink.Bitbucket.Git.GetSourceLinkUrl" görevi
       "Microsoft.SourceLink.Bitbucket.Git.GetSourceLinkUrl" görevini yürütme tamamlandı.
   1:7>"TurkMorph.csproj" projesinde "_InitializeBitbucketGitSourceLinkUrl" hedefini oluşturma tamamlandı.
   1:7>"C:\Users\Atakan\OneDrive\Documents\GitHub\tokenizer-filter-machine\TurkMorph\TurkMorph.csproj" projesinin "C:\Program Files\dotnet\sdk\10.0.101\Sdks\Microsoft.SourceLink.Bitbucket.Git\build\Microsoft.SourceLink.Bitbucket.Git.targets" dosyasındaki "_InitializeBitbucketGitSourceLinkUrl" hedefi ("_GenerateSourceLinkFile" hedefi buna bağımlı):
       "_InitializeBitbucketGitSourceLinkUrl" hedefi tam olarak oluşturuluyor.
       Giriş dosyası belirtilmedi.
       "Microsoft.SourceLink.Bitbucket.Git.GetSourceLinkUrl" görevi
       "Microsoft.SourceLink.Bitbucket.Git.GetSourceLinkUrl" görevini yürütme tamamlandı.
   1:7>"TurkMorph.csproj" projesinde "_InitializeBitbucketGitSourceLinkUrl" hedefini oluşturma tamamlandı.
   1:7>"C:\Users\Atakan\OneDrive\Documents\GitHub\tokenizer-filter-machine\TurkMorph\TurkMorph.csproj" projesinin "C:\Program Files\dotnet\sdk\10.0.101\Sdks\Microsoft.SourceLink.Bitbucket.Git\build\Microsoft.SourceLink.Bitbucket.Git.targets" dosyasındaki "_InitializeBitbucketGitSourceLinkUrl" hedefi ("_GenerateSourceLinkFile" hedefi buna bağımlı):
       "_InitializeBitbucketGitSourceLinkUrl" hedefi tam olarak oluşturuluyor.
       Giriş dosyası belirtilmedi.
       "Microsoft.SourceLink.Bitbucket.Git.GetSourceLinkUrl" görevi
       "Microsoft.SourceLink.Bitbucket.Git.GetSourceLinkUrl" görevini yürütme tamamlandı.
   1:7>"TurkMorph.csproj" projesinde "_InitializeBitbucketGitSourceLinkUrl" hedefini oluşturma tamamlandı.
   1:7>"C:\Users\Atakan\OneDrive\Documents\GitHub\tokenizer-filter-machine\TurkMorph\TurkMorph.csproj" projesinin "C:\Program Files\dotnet\sdk\10.0.101\Sdks\Microsoft.SourceLink.Bitbucket.Git\build\Microsoft.SourceLink.Bitbucket.Git.targets" dosyasındaki "_InitializeBitbucketGitSourceLinkUrl" hedefi ("_GenerateSourceLinkFile" hedefi buna bağımlı):
       "_InitializeBitbucketGitSourceLinkUrl" hedefi tam olarak oluşturuluyor.
       Giriş dosyası belirtilmedi.
       "Microsoft.SourceLink.Bitbucket.Git.GetSourceLinkUrl" görevi
       "Microsoft.SourceLink.Bitbucket.Git.GetSourceLinkUrl" görevini yürütme tamamlandı.
   1:7>"TurkMorph.csproj" projesinde "_InitializeBitbucketGitSourceLinkUrl" hedefini oluşturma tamamlandı.
   1:7>"C:\Users\Atakan\OneDrive\Documents\GitHub\tokenizer-filter-machine\TurkMorph\TurkMorph.csproj" projesinin "C:\Program Files\dotnet\sdk\10.0.101\Sdks\Microsoft.SourceLink.Common\build\Microsoft.SourceLink.Common.targets" dosyasındaki "_GenerateSourceLinkFile" hedefi ("GenerateSourceLinkFile" hedefi buna bağımlı):
       "_GenerateSourceLinkFile" hedefi tam olarak oluşturuluyor.
       Giriş dosyası belirtilmedi.
       "C:\Program Files\dotnet\sdk\10.0.101\Sdks\Microsoft.SourceLink.Common\build\..\tools\net\Microsoft.SourceLink.Common.dll" derlemesindeki "Microsoft.SourceLink.Common.GenerateSourceLinkFile" görevi kullanılıyor.
       "Microsoft.SourceLink.Common.GenerateSourceLinkFile" görevi
         Derleme TaskRun (Microsoft.SourceLink.Common.GenerateSourceLinkFile) sırasında yüklendi: Microsoft.SourceLink.Common.resources, Version=10.0.13.7005, Culture=tr, PublicKeyToken=31bf3856ad364e35 (konum: C:\Program Files\dotnet\sdk\10.0.101\Sdks\Microsoft.SourceLink.Common\tools\net\tr\Microsoft.SourceLink.Common.resources.dll, MVID: 956d3181-0e73-4d08-8699-a0b7c5dcaec9, AssemblyLoadContext: MSBuild plugin C:\Program Files\dotnet\sdk\10.0.101\Sdks\Microsoft.SourceLink.Common\tools\net\Microsoft.SourceLink.Common.dll)
         'obj\Debug\net8.0-windows\TurkMorph.sourcelink.json' Source Link dosyası güncel.
       "Microsoft.SourceLink.Common.GenerateSourceLinkFile" görevini yürütme tamamlandı.
   1:7>"TurkMorph.csproj" projesinde "_GenerateSourceLinkFile" hedefini oluşturma tamamlandı.
   1:7>"C:\Users\Atakan\OneDrive\Documents\GitHub\tokenizer-filter-machine\TurkMorph\TurkMorph.csproj" projesinin "C:\Program Files\dotnet\sdk\10.0.101\Sdks\Microsoft.SourceLink.Common\build\Microsoft.SourceLink.Common.targets" dosyasındaki "GenerateSourceLinkFile" hedefi ("CoreCompile" hedefi buna bağımlı):
   1:7>"TurkMorph.csproj" projesinde "GenerateSourceLinkFile" hedefini oluşturma tamamlandı.
   1:7>"C:\Users\Atakan\OneDrive\Documents\GitHub\tokenizer-filter-machine\TurkMorph\TurkMorph.csproj" projesinin "C:\Program Files\dotnet\sdk\10.0.101\Sdks\Microsoft.NET.Sdk\analyzers\build\Microsoft.CodeAnalysis.NetAnalyzers.targets" dosyasındaki "AddGlobalAnalyzerConfigForPackage_MicrosoftCodeAnalysisNetAnalyzers" hedefi ("CoreCompile" hedefi buna bağımlı):
   1:7>"TurkMorph.csproj" projesinde "AddGlobalAnalyzerConfigForPackage_MicrosoftCodeAnalysisNetAnalyzers" hedefini oluşturma tamamlandı.
   1:7>"C:\Users\Atakan\OneDrive\Documents\GitHub\tokenizer-filter-machine\TurkMorph\TurkMorph.csproj" projesinin "C:\Program Files\dotnet\sdk\10.0.101\Sdks\Microsoft.NET.Sdk.WindowsDesktop\targets\Microsoft.WinFX.targets" dosyasındaki "RemoveDuplicateAnalyzers" hedefi ("CoreCompile" hedefi buna bağımlı):
   1:7>"TurkMorph.csproj" projesinde "RemoveDuplicateAnalyzers" hedefini oluşturma tamamlandı.
   1:7>"C:\Users\Atakan\OneDrive\Documents\GitHub\tokenizer-filter-machine\TurkMorph\TurkMorph.csproj" projesinin "C:\Program Files\dotnet\sdk\10.0.101\Roslyn\Microsoft.CSharp.Core.targets" dosyasındaki "CoreCompile" hedefi ("Compile" hedefi buna bağımlı):
       "CoreCompile" hedefi tam olarak oluşturuluyor.
       "obj\Debug\net8.0-windows\TurkMorph.dll" çıkış dosyası yok.
       C:\Program Files\dotnet\sdk\10.0.101\Roslyn\Microsoft.CSharp.Core.targets(66,7): message : Özellik yeniden ataması: $(NoWarn)="1701;1702;1701;1702" (önceki değer: "1701;1702") konum: C:\Program Files\dotnet\sdk\10.0.101\Roslyn\Microsoft.CSharp.Core.targets (66,7) [C:\Users\Atakan\OneDrive\Documents\GitHub\tokenizer-filter-machine\TurkMorph\TurkMorph.csproj]
       "C:\Program Files\dotnet\sdk\10.0.101\Sdks\Microsoft.NET.Sdk\targets\..\..\..\Roslyn\Microsoft.Build.Tasks.CodeAnalysis.dll" derlemesindeki "Csc" görevi kullanılıyor.
       "Csc" görevi
         Setting DOTNET_ROOT to 'C:\Program Files\dotnet'
         Derleme TaskRun (Microsoft.CodeAnalysis.BuildTasks.Csc) sırasında yüklendi: Microsoft.Build.Utilities.Core.resources, Version=15.1.0.0, Culture=tr, PublicKeyToken=b03f5f7f11d50a3a (konum: C:\Program Files\dotnet\sdk\10.0.101\tr\Microsoft.Build.Utilities.Core.resources.dll, MVID: 42fe5fdb-895e-4136-a60a-00786767790e, AssemblyLoadContext: Default)
         Araca geçirilen Ortam Değişkenleri:
           DOTNET_ROOT=C:\Program Files\dotnet
         C:\Program Files\dotnet\sdk\10.0.101\Roslyn\bincore\csc.exe /noconfig /unsafe- /checked- /nowarn:1701,1702,1701,1702 /fullpaths /nostdlib+ /errorreport:prompt /warn:8 /define:TRACE;DEBUG;NET;NET8_0;NETCOREAPP;WINDOWS;WINDOWS7_0;NET5_0_OR_GREATER;NET6_0_OR_GREATER;NET7_0_OR_GREATER;NET8_0_OR_GREATER;NETCOREAPP3_0_OR_GREATER;NETCOREAPP3_1_OR_GREATER;WİNDOWS7_0_OR_GREATER /highentropyva+ /nullable:disable /reference:"C:\Program Files\dotnet\packs\Microsoft.WindowsDesktop.App.Ref\8.0.22\ref\net8.0\Accessibility.dll" /reference:C:\Users\Atakan\.nuget\packages\dapper\2.1.28\lib\net7.0\Dapper.dll /reference:C:\Users\Atakan\.nuget\packages\devexpress.charts.core\25.1.3\lib\net8.0\DevExpress.Charts.v25.1.Core.dll /reference:C:\Users\Atakan\.nuget\packages\devexpress.codeparser\25.1.3\lib\net8.0\DevExpress.CodeParser.v25.1.dll /reference:C:\Users\Atakan\.nuget\packages\devexpress.data.desktop\25.1.3\lib\net8.0-windows\DevExpress.Data.Desktop.v25.1.dll /reference:C:\Users\Atakan\.nuget\packages\devexpress.data\25.1.3\lib\net8.0\DevExpress.Data.v25.1.dll /reference:C:\Users\Atakan\.nuget\packages\devexpress.dataaccess\25.1.3\lib\net8.0\DevExpress.DataAccess.v25.1.dll /reference:C:\Users\Atakan\.nuget\packages\devexpress.dataaccess.ui\25.1.3\lib\net8.0-windows\DevExpress.DataAccess.v25.1.UI.dll /reference:C:\Users\Atakan\.nuget\packages\devexpress.datavisualization.core\25.1.3\lib\net8.0\DevExpress.DataVisualization.v25.1.Core.dll /reference:C:\Users\Atakan\.nuget\packages\devexpress.diagram.core\25.1.3\lib\net8.0-windows\DevExpress.Diagram.v25.1.Core.dll /reference:C:\Users\Atakan\.nuget\packages\devexpress.win.dialogs.core\25.1.3\lib\net8.0-windows\DevExpress.Dialogs.v25.1.Core.dll /reference:C:\Users\Atakan\.nuget\packages\devexpress.drawing\25.1.3\lib\net8.0\DevExpress.Drawing.v25.1.dll /reference:C:\Users\Atakan\.nuget\packages\devexpress.images\25.1.3\lib\net8.0\DevExpress.Images.v25.1.dll /reference:C:\Users\Atakan\.nuget\packages\devexpress.map.core\25.1.3\lib\net8.0\DevExpress.Map.v25.1.Core.dll /reference:C:\Users\Atakan\.nuget\packages\devexpress.mvvm\25.1.3\lib\net8.0-windows\DevExpress.Mvvm.v25.1.dll /reference:C:\Users\Atakan\.nuget\packages\devexpress.office.core\25.1.3\lib\net8.0\DevExpress.Office.v25.1.Core.dll /reference:C:\Users\Atakan\.nuget\packages\devexpress.pdf.core\25.1.3\lib\net8.0\DevExpress.Pdf.v25.1.Core.dll /reference:C:\Users\Atakan\.nuget\packages\devexpress.pdf.drawing\25.1.3\lib\net8.0\DevExpress.Pdf.v25.1.Drawing.dll /reference:C:\Users\Atakan\.nuget\packages\devexpress.pivotgrid.core\25.1.3\lib\net8.0\DevExpress.PivotGrid.v25.1.Core.dll /reference:C:\Users\Atakan\.nuget\packages\devexpress.printing.core\25.1.3\lib\net8.0\DevExpress.Printing.v25.1.Core.dll /reference:C:\Users\Atakan\.nuget\packages\devexpress.richedit.core\25.1.3\lib\net8.0\DevExpress.RichEdit.v25.1.Core.dll /reference:C:\Users\Atakan\.nuget\packages\devexpress.richedit.export\25.1.3\lib\net8.0\DevExpress.RichEdit.v25.1.Export.dll /reference:C:\Users\Atakan\.nuget\packages\devexpress.sparkline.core\25.1.3\lib\net8.0\DevExpress.Sparkline.v25.1.Core.dll /reference:C:\Users\Atakan\.nuget\packages\devexpress.spellchecker.core\25.1.3\lib\net8.0\DevExpress.SpellChecker.v25.1.Core.dll /reference:C:\Users\Atakan\.nuget\packages\devexpress.spreadsheet.core\25.1.3\lib\net8.0\DevExpress.Spreadsheet.v25.1.Core.dll /reference:C:\Users\Atakan\.nuget\packages\devexpress.treemap.core\25.1.3\lib\net8.0\DevExpress.TreeMap.v25.1.Core.dll /reference:C:\Users\Atakan\.nuget\packages\devexpress.utils\25.1.3\lib\net8.0-windows\DevExpress.Utils.v25.1.dll /reference:C:\Users\Atakan\.nuget\packages\devexpress.utils.ui\25.1.3\lib\net8.0-windows\DevExpress.Utils.v25.1.UI.dll /reference:C:\Users\Atakan\.nuget\packages\devexpress.xpo\25.1.3\lib\net8.0\DevExpress.Xpo.v25.1.dll /reference:C:\Users\Atakan\.nuget\packages\devexpress.win.navigation\25.1.3\lib\net8.0-windows\DevExpress.XtraBars.v25.1.dll /reference:C:\Users\Atakan\.nuget\packages\devexpress.charts\25.1.3\lib\net8.0\DevExpress.XtraCharts.v25.1.dll /reference:C:\Users\Atakan\.nuget\packages\devexpress.win.charts\25.1.3\lib\net8.0-windows\DevExpress.XtraCharts.v25.1.Extensions.dll /reference:C:\Users\Atakan\.nuget\packages\devexpress.win.charts\25.1.3\lib\net8.0-windows\DevExpress.XtraCharts.v25.1.UI.dll /reference:C:\Users\Atakan\.nuget\packages\devexpress.win.charts\25.1.3\lib\net8.0-windows\DevExpress.XtraCharts.v25.1.Wizard.dll /reference:C:\Users\Atakan\.nuget\packages\devexpress.win.diagram\25.1.3\lib\net8.0-windows\DevExpress.XtraDiagram.v25.1.dll /reference:C:\Users\Atakan\.nuget\packages\devexpress.win.dialogs\25.1.3\lib\net8.0-windows\DevExpress.XtraDialogs.v25.1.dll /reference:C:\Users\Atakan\.nuget\packages\devexpress.win.navigation\25.1.3\lib\net8.0-windows\DevExpress.XtraEditors.v25.1.dll /reference:C:\Users\Atakan\.nuget\packages\devexpress.win.gantt\25.1.3\lib\net8.0-windows\DevExpress.XtraGantt.v25.1.dll /reference:C:\Users\Atakan\.nuget\packages\devexpress.gauges.core\25.1.3\lib\net8.0\DevExpress.XtraGauges.v25.1.Core.dll /reference:C:\Users\Atakan\.nuget\packages\devexpress.win.gauges\25.1.3\lib\net8.0-windows\DevExpress.XtraGauges.v25.1.Presets.dll /reference:C:\Users\Atakan\.nuget\packages\devexpress.win.gauges\25.1.3\lib\net8.0-windows\DevExpress.XtraGauges.v25.1.Win.dll /reference:C:\Users\Atakan\.nuget\packages\devexpress.win.grid\25.1.3\lib\net8.0-windows\DevExpress.XtraGrid.v25.1.dll /reference:C:\Users\Atakan\.nuget\packages\devexpress.win.navigation\25.1.3\lib\net8.0-windows\DevExpress.XtraLayout.v25.1.dll /reference:C:\Users\Atakan\.nuget\packages\devexpress.win.map\25.1.3\lib\net8.0-windows\DevExpress.XtraMap.v25.1.dll /reference:C:\Users\Atakan\.nuget\packages\devexpress.win\25.1.3\lib\net8.0-windows\DevExpress.XtraNavBar.v25.1.dll /reference:C:\Users\Atakan\.nuget\packages\devexpress.win.pdfviewer\25.1.3\lib\net8.0-windows\DevExpress.XtraPdfViewer.v25.1.dll /reference:C:\Users\Atakan\.nuget\packages\devexpress.win.pivotgrid\25.1.3\lib\net8.0-windows\DevExpress.XtraPivotGrid.v25.1.dll /reference:C:\Users\Atakan\.nuget\packages\devexpress.win.printing\25.1.3\lib\net8.0-windows\DevExpress.XtraPrinting.v25.1.dll /reference:C:\Users\Atakan\.nuget\packages\devexpress.reporting.core\25.1.3\lib\net8.0\DevExpress.XtraReports.v25.1.dll /reference:C:\Users\Atakan\.nuget\packages\devexpress.win.reporting\25.1.3\lib\net8.0-windows\DevExpress.XtraReports.v25.1.Extensions.dll /reference:C:\Users\Atakan\.nuget\packages\devexpress.win.richedit\25.1.3\lib\net8.0-windows\DevExpress.XtraRichEdit.v25.1.dll /reference:C:\Users\Atakan\.nuget\packages\devexpress.scheduler.coredesktop\25.1.3\lib\net8.0-windows\DevExpress.XtraScheduler.v25.1.Core.Desktop.dll /reference:C:\Users\Atakan\.nuget\packages\devexpress.scheduler.core\25.1.3\lib\net8.0\DevExpress.XtraScheduler.v25.1.Core.dll /reference:C:\Users\Atakan\.nuget\packages\devexpress.win.scheduler\25.1.3\lib\net8.0-windows\DevExpress.XtraScheduler.v25.1.dll /reference:C:\Users\Atakan\.nuget\packages\devexpress.win.schedulerextensions\25.1.3\lib\net8.0-windows\DevExpress.XtraScheduler.v25.1.Extensions.dll /reference:C:\Users\Atakan\.nuget\packages\devexpress.win.schedulerreporting\25.1.3\lib\net8.0-windows\DevExpress.XtraScheduler.v25.1.Reporting.dll /reference:C:\Users\Atakan\.nuget\packages\devexpress.win.schedulerextensions\25.1.3\lib\net8.0-windows\DevExpress.XtraScheduler.v25.1.Reporting.Extensions.dll /reference:C:\Users\Atakan\.nuget\packages\devexpress.win.spellchecker\25.1.3\lib\net8.0-windows\DevExpress.XtraSpellChecker.v25.1.dll /reference:C:\Users\Atakan\.nuget\packages\devexpress.win.spreadsheet\25.1.3\lib\net8.0-windows\DevExpress.XtraSpreadsheet.v25.1.dll /reference:C:\Users\Atakan\.nuget\packages\devexpress.win.treelist\25.1.3\lib\net8.0-windows\DevExpress.XtraTreeList.v25.1.dll /reference:C:\Users\Atakan\.nuget\packages\devexpress.treemap\25.1.3\lib\net8.0\DevExpress.XtraTreeMap.v25.1.dll /reference:C:\Users\Atakan\.nuget\packages\devexpress.win.treemap\25.1.3\lib\net8.0-windows\DevExpress.XtraTreeMap.v25.1.UI.dll /reference:C:\Users\Atakan\.nuget\packages\devexpress.win.verticalgrid\25.1.3\lib\net8.0-windows\DevExpress.XtraVerticalGrid.v25.1.dll /reference:C:\Users\Atakan\.nuget\packages\devexpress.win\25.1.3\lib\net8.0-windows\DevExpress.XtraWizard.v25.1.dll /reference:"C:\Program Files\dotnet\packs\Microsoft.NETCore.App.Ref\8.0.22\ref\net8.0\Microsoft.CSharp.dll" /reference:C:\Users\Atakan\.nuget\packages\microsoft.extensions.dependencyinjection.abstractions\8.0.2\lib\net8.0\Microsoft.Extensions.DependencyInjection.Abstractions.dll /reference:C:\Users\Atakan\.nuget\packages\microsoft.extensions.dependencyinjection\8.0.1\lib\net8.0\Microsoft.Extensions.DependencyInjection.dll /reference:C:\Users\Atakan\.nuget\packages\microsoft.extensions.objectpool\8.0.10\lib\net8.0\Microsoft.Extensions.ObjectPool.dll /reference:"C:\Program Files\dotnet\packs\Microsoft.NETCore.App.Ref\8.0.22\ref\net8.0\Microsoft.VisualBasic.Core.dll" /reference:"C:\Program Files\dotnet\packs\Microsoft.WindowsDesktop.App.Ref\8.0.22\ref\net8.0\Microsoft.VisualBasic.dll" /reference:"C:\Program Files\dotnet\packs\Microsoft.WindowsDesktop.App.Ref\8.0.22\ref\net8.0\Microsoft.VisualBasic.Forms.dll" /reference:"C:\Program Files\dotnet\packs\Microsoft.NETCore.App.Ref\8.0.22\ref\net8.0\Microsoft.Win32.Primitives.dll" /reference:"C:\Program Files\dotnet\packs\Microsoft.WindowsDesktop.App.Ref\8.0.22\ref\net8.0\Microsoft.Win32.Registry.AccessControl.dll" /reference:"C:\Program Files\dotnet\packs\Microsoft.NETCore.App.Ref\8.0.22\ref\net8.0\Microsoft.Win32.Registry.dll" /reference:"C:\Program Files\dotnet\packs\Microsoft.WindowsDesktop.App.Ref\8.0.22\ref\net8.0\Microsoft.Win32.SystemEvents.dll" /reference:"C:\Program Files\dotnet\packs\Microsoft.NETCore.App.Ref\8.0.22\ref\net8.0\mscorlib.dll" /reference:"C:\Program Files\dotnet\packs\Microsoft.NETCore.App.Ref\8.0.22\ref\net8.0\netstandard.dll" /reference:C:\Users\Atakan\.nuget\packages\newtonsoft.json\13.0.3\lib\net6.0\Newtonsoft.Json.dll /reference:"C:\Program Files\dotnet\packs\Microsoft.WindowsDesktop.App.Ref\8.0.22\ref\net8.0\PresentationCore.dll" /reference:"C:\Program Files\dotnet\packs\Microsoft.WindowsDesktop.App.Ref\8.0.22\ref\net8.0\PresentationFramework.Aero.dll" /reference:"C:\Program Files\dotnet\packs\Microsoft.WindowsDesktop.App.Ref\8.0.22\ref\net8.0\PresentationFramework.Aero2.dll" /reference:"C:\Program Files\dotnet\packs\Microsoft.WindowsDesktop.App.Ref\8.0.22\ref\net8.0\PresentationFramework.AeroLite.dll" /reference:"C:\Program Files\dotnet\packs\Microsoft.WindowsDesktop.App.Ref\8.0.22\ref\net8.0\PresentationFramework.Classic.dll" /reference:"C:\Program Files\dotnet\packs\Microsoft.WindowsDesktop.App.Ref\8.0.22\ref\net8.0\PresentationFramework.dll" /reference:"C:\Program Files\dotnet\packs\Microsoft.WindowsDesktop.App.Ref\8.0.22\ref\net8.0\PresentationFramework.Luna.dll" /reference:"C:\Program Files\dotnet\packs\Microsoft.WindowsDesktop.App.Ref\8.0.22\ref\net8.0\PresentationFramework.Royale.dll" /reference:"C:\Program Files\dotnet\packs\Microsoft.WindowsDesktop.App.Ref\8.0.22\ref\net8.0\PresentationUI.dll" /reference:"C:\Program Files\dotnet\packs\Microsoft.WindowsDesktop.App.Ref\8.0.22\ref\net8.0\ReachFramework.dll" /reference:"C:\Program Files\dotnet\packs\Microsoft.NETCore.App.Ref\8.0.22\ref\net8.0\System.AppContext.dll" /reference:"C:\Program Files\dotnet\packs\Microsoft.NETCore.App.Ref\8.0.22\ref\net8.0\System.Buffers.dll" /reference:"C:\Program Files\dotnet\packs\Microsoft.WindowsDesktop.App.Ref\8.0.22\ref\net8.0\System.CodeDom.dll" /reference:"C:\Program Files\dotnet\packs\Microsoft.NETCore.App.Ref\8.0.22\ref\net8.0\System.Collections.Concurrent.dll" /reference:"C:\Program Files\dotnet\packs\Microsoft.NETCore.App.Ref\8.0.22\ref\net8.0\System.Collections.dll" /reference:"C:\Program Files\dotnet\packs\Microsoft.NETCore.App.Ref\8.0.22\ref\net8.0\System.Collections.Immutable.dll" /reference:"C:\Program Files\dotnet\packs\Microsoft.NETCore.App.Ref\8.0.22\ref\net8.0\System.Collections.NonGeneric.dll" /reference:"C:\Program Files\dotnet\packs\Microsoft.NETCore.App.Ref\8.0.22\ref\net8.0\System.Collections.Specialized.dll" /reference:"C:\Program Files\dotnet\packs\Microsoft.NETCore.App.Ref\8.0.22\ref\net8.0\System.ComponentModel.Annotations.dll" /reference:"C:\Program Files\dotnet\packs\Microsoft.NETCore.App.Ref\8.0.22\ref\net8.0\System.ComponentModel.DataAnnotations.dll" /reference:"C:\Program Files\dotnet\packs\Microsoft.NETCore.App.Ref\8.0.22\ref\net8.0\System.ComponentModel.dll" /reference:"C:\Program Files\dotnet\packs\Microsoft.NETCore.App.Ref\8.0.22\ref\net8.0\System.ComponentModel.EventBasedAsync.dll" /reference:"C:\Program Files\dotnet\packs\Microsoft.NETCore.App.Ref\8.0.22\ref\net8.0\System.ComponentModel.Primitives.dll" /reference:"C:\Program Files\dotnet\packs\Microsoft.NETCore.App.Ref\8.0.22\ref\net8.0\System.ComponentModel.TypeConverter.dll" /reference:"C:\Program Files\dotnet\packs\Microsoft.WindowsDesktop.App.Ref\8.0.22\ref\net8.0\System.Configuration.ConfigurationManager.dll" /reference:"C:\Program Files\dotnet\packs\Microsoft.NETCore.App.Ref\8.0.22\ref\net8.0\System.Configuration.dll" /reference:"C:\Program Files\dotnet\packs\Microsoft.NETCore.App.Ref\8.0.22\ref\net8.0\System.Console.dll" /reference:"C:\Program Files\dotnet\packs\Microsoft.NETCore.App.Ref\8.0.22\ref\net8.0\System.Core.dll" /reference:"C:\Program Files\dotnet\packs\Microsoft.NETCore.App.Ref\8.0.22\ref\net8.0\System.Data.Common.dll" /reference:"C:\Program Files\dotnet\packs\Microsoft.NETCore.App.Ref\8.0.22\ref\net8.0\System.Data.DataSetExtensions.dll" /reference:"C:\Program Files\dotnet\packs\Microsoft.NETCore.App.Ref\8.0.22\ref\net8.0\System.Data.dll" /reference:C:\Users\Atakan\.nuget\packages\system.data.oledb\8.0.1\lib\net8.0\System.Data.OleDb.dll /reference:C:\Users\Atakan\.nuget\packages\system.data.sqlclient\4.8.6\ref\netcoreapp2.1\System.Data.SqlClient.dll /reference:C:\Users\Atakan\.nuget\packages\stub.system.data.sqlite.core.netstandard\1.0.118\lib\netstandard2.1\System.Data.SQLite.dll /reference:"C:\Program Files\dotnet\packs\Microsoft.WindowsDesktop.App.Ref\8.0.22\ref\net8.0\System.Design.dll" /reference:"C:\Program Files\dotnet\packs\Microsoft.NETCore.App.Ref\8.0.22\ref\net8.0\System.Diagnostics.Contracts.dll" /reference:"C:\Program Files\dotnet\packs\Microsoft.NETCore.App.Ref\8.0.22\ref\net8.0\System.Diagnostics.Debug.dll" /reference:"C:\Program Files\dotnet\packs\Microsoft.NETCore.App.Ref\8.0.22\ref\net8.0\System.Diagnostics.DiagnosticSource.dll" /reference:"C:\Program Files\dotnet\packs\Microsoft.WindowsDesktop.App.Ref\8.0.22\ref\net8.0\System.Diagnostics.EventLog.dll" /reference:"C:\Program Files\dotnet\packs\Microsoft.NETCore.App.Ref\8.0.22\ref\net8.0\System.Diagnostics.FileVersionInfo.dll" /reference:"C:\Program Files\dotnet\packs\Microsoft.WindowsDesktop.App.Ref\8.0.22\ref\net8.0\System.Diagnostics.PerformanceCounter.dll" /reference:"C:\Program Files\dotnet\packs\Microsoft.NETCore.App.Ref\8.0.22\ref\net8.0\System.Diagnostics.Process.dll" /reference:"C:\Program Files\dotnet\packs\Microsoft.NETCore.App.Ref\8.0.22\ref\net8.0\System.Diagnostics.StackTrace.dll" /reference:"C:\Program Files\dotnet\packs\Microsoft.NETCore.App.Ref\8.0.22\ref\net8.0\System.Diagnostics.TextWriterTraceListener.dll" /reference:"C:\Program Files\dotnet\packs\Microsoft.NETCore.App.Ref\8.0.22\ref\net8.0\System.Diagnostics.Tools.dll" /reference:"C:\Program Files\dotnet\packs\Microsoft.NETCore.App.Ref\8.0.22\ref\net8.0\System.Diagnostics.TraceSource.dll" /reference:"C:\Program Files\dotnet\packs\Microsoft.NETCore.App.Ref\8.0.22\ref\net8.0\System.Diagnostics.Tracing.dll" /reference:"C:\Program Files\dotnet\packs\Microsoft.WindowsDesktop.App.Ref\8.0.22\ref\net8.0\System.DirectoryServices.dll" /reference:"C:\Program Files\dotnet\packs\Microsoft.NETCore.App.Ref\8.0.22\ref\net8.0\System.dll" /reference:"C:\Program Files\dotnet\packs\Microsoft.WindowsDesktop.App.Ref\8.0.22\ref\net8.0\System.Drawing.Common.dll" /reference:"C:\Program Files\dotnet\packs\Microsoft.WindowsDesktop.App.Ref\8.0.22\ref\net8.0\System.Drawing.Design.dll" /reference:"C:\Program Files\dotnet\packs\Microsoft.WindowsDesktop.App.Ref\8.0.22\ref\net8.0\System.Drawing.dll" /reference:"C:\Program Files\dotnet\packs\Microsoft.NETCore.App.Ref\8.0.22\ref\net8.0\System.Drawing.Primitives.dll" /reference:"C:\Program Files\dotnet\packs\Microsoft.NETCore.App.Ref\8.0.22\ref\net8.0\System.Dynamic.Runtime.dll" /reference:"C:\Program Files\dotnet\packs\Microsoft.NETCore.App.Ref\8.0.22\ref\net8.0\System.Formats.Asn1.dll" /reference:"C:\Program Files\dotnet\packs\Microsoft.NETCore.App.Ref\8.0.22\ref\net8.0\System.Formats.Tar.dll" /reference:"C:\Program Files\dotnet\packs\Microsoft.NETCore.App.Ref\8.0.22\ref\net8.0\System.Globalization.Calendars.dll" /reference:"C:\Program Files\dotnet\packs\Microsoft.NETCore.App.Ref\8.0.22\ref\net8.0\System.Globalization.dll" /reference:"C:\Program Files\dotnet\packs\Microsoft.NETCore.App.Ref\8.0.22\ref\net8.0\System.Globalization.Extensions.dll" /reference:"C:\Program Files\dotnet\packs\Microsoft.NETCore.App.Ref\8.0.22\ref\net8.0\System.IO.Compression.Brotli.dll" /reference:"C:\Program Files\dotnet\packs\Microsoft.NETCore.App.Ref\8.0.22\ref\net8.0\System.IO.Compression.dll" /reference:"C:\Program Files\dotnet\packs\Microsoft.NETCore.App.Ref\8.0.22\ref\net8.0\System.IO.Compression.FileSystem.dll" /reference:"C:\Program Files\dotnet\packs\Microsoft.NETCore.App.Ref\8.0.22\ref\net8.0\System.IO.Compression.ZipFile.dll" /reference:"C:\Program Files\dotnet\packs\Microsoft.NETCore.App.Ref\8.0.22\ref\net8.0\System.IO.dll" /reference:"C:\Program Files\dotnet\packs\Microsoft.NETCore.App.Ref\8.0.22\ref\net8.0\System.IO.FileSystem.AccessControl.dll" /reference:"C:\Program Files\dotnet\packs\Microsoft.NETCore.App.Ref\8.0.22\ref\net8.0\System.IO.FileSystem.dll" /reference:"C:\Program Files\dotnet\packs\Microsoft.NETCore.App.Ref\8.0.22\ref\net8.0\System.IO.FileSystem.DriveInfo.dll" /reference:"C:\Program Files\dotnet\packs\Microsoft.NETCore.App.Ref\8.0.22\ref\net8.0\System.IO.FileSystem.Primitives.dll" /reference:"C:\Program Files\dotnet\packs\Microsoft.NETCore.App.Ref\8.0.22\ref\net8.0\System.IO.FileSystem.Watcher.dll" /reference:"C:\Program Files\dotnet\packs\Microsoft.NETCore.App.Ref\8.0.22\ref\net8.0\System.IO.IsolatedStorage.dll" /reference:"C:\Program Files\dotnet\packs\Microsoft.NETCore.App.Ref\8.0.22\ref\net8.0\System.IO.MemoryMappedFiles.dll" /reference:"C:\Program Files\dotnet\packs\Microsoft.WindowsDesktop.App.Ref\8.0.22\ref\net8.0\System.IO.Packaging.dll" /reference:"C:\Program Files\dotnet\packs\Microsoft.NETCore.App.Ref\8.0.22\ref\net8.0\System.IO.Pipes.AccessControl.dll" /reference:"C:\Program Files\dotnet\packs\Microsoft.NETCore.App.Ref\8.0.22\ref\net8.0\System.IO.Pipes.dll" /reference:"C:\Program Files\dotnet\packs\Microsoft.NETCore.App.Ref\8.0.22\ref\net8.0\System.IO.UnmanagedMemoryStream.dll" /reference:"C:\Program Files\dotnet\packs\Microsoft.NETCore.App.Ref\8.0.22\ref\net8.0\System.Linq.dll" /reference:"C:\Program Files\dotnet\packs\Microsoft.NETCore.App.Ref\8.0.22\ref\net8.0\System.Linq.Expressions.dll" /reference:"C:\Program Files\dotnet\packs\Microsoft.NETCore.App.Ref\8.0.22\ref\net8.0\System.Linq.Parallel.dll" /reference:"C:\Program Files\dotnet\packs\Microsoft.NETCore.App.Ref\8.0.22\ref\net8.0\System.Linq.Queryable.dll" /reference:"C:\Program Files\dotnet\packs\Microsoft.NETCore.App.Ref\8.0.22\ref\net8.0\System.Memory.dll" /reference:"C:\Program Files\dotnet\packs\Microsoft.NETCore.App.Ref\8.0.22\ref\net8.0\System.Net.dll" /reference:"C:\Program Files\dotnet\packs\Microsoft.NETCore.App.Ref\8.0.22\ref\net8.0\System.Net.Http.dll" /reference:"C:\Program Files\dotnet\packs\Microsoft.NETCore.App.Ref\8.0.22\ref\net8.0\System.Net.Http.Json.dll" /reference:"C:\Program Files\dotnet\packs\Microsoft.NETCore.App.Ref\8.0.22\ref\net8.0\System.Net.HttpListener.dll" /reference:"C:\Program Files\dotnet\packs\Microsoft.NETCore.App.Ref\8.0.22\ref\net8.0\System.Net.Mail.dll" /reference:"C:\Program Files\dotnet\packs\Microsoft.NETCore.App.Ref\8.0.22\ref\net8.0\System.Net.NameResolution.dll" /reference:"C:\Program Files\dotnet\packs\Microsoft.NETCore.App.Ref\8.0.22\ref\net8.0\System.Net.NetworkInformation.dll" /reference:"C:\Program Files\dotnet\packs\Microsoft.NETCore.App.Ref\8.0.22\ref\net8.0\System.Net.Ping.dll" /reference:"C:\Program Files\dotnet\packs\Microsoft.NETCore.App.Ref\8.0.22\ref\net8.0\System.Net.Primitives.dll" /reference:"C:\Program Files\dotnet\packs\Microsoft.NETCore.App.Ref\8.0.22\ref\net8.0\System.Net.Quic.dll" /reference:"C:\Program Files\dotnet\packs\Microsoft.NETCore.App.Ref\8.0.22\ref\net8.0\System.Net.Requests.dll" /reference:"C:\Program Files\dotnet\packs\Microsoft.NETCore.App.Ref\8.0.22\ref\net8.0\System.Net.Security.dll" /reference:"C:\Program Files\dotnet\packs\Microsoft.NETCore.App.Ref\8.0.22\ref\net8.0\System.Net.ServicePoint.dll" /reference:"C:\Program Files\dotnet\packs\Microsoft.NETCore.App.Ref\8.0.22\ref\net8.0\System.Net.Sockets.dll" /reference:"C:\Program Files\dotnet\packs\Microsoft.NETCore.App.Ref\8.0.22\ref\net8.0\System.Net.WebClient.dll" /reference:"C:\Program Files\dotnet\packs\Microsoft.NETCore.App.Ref\8.0.22\ref\net8.0\System.Net.WebHeaderCollection.dll" /reference:"C:\Program Files\dotnet\packs\Microsoft.NETCore.App.Ref\8.0.22\ref\net8.0\System.Net.WebProxy.dll" /reference:"C:\Program Files\dotnet\packs\Microsoft.NETCore.App.Ref\8.0.22\ref\net8.0\System.Net.WebSockets.Client.dll" /reference:"C:\Program Files\dotnet\packs\Microsoft.NETCore.App.Ref\8.0.22\ref\net8.0\System.Net.WebSockets.dll" /reference:"C:\Program Files\dotnet\packs\Microsoft.NETCore.App.Ref\8.0.22\ref\net8.0\System.Numerics.dll" /reference:"C:\Program Files\dotnet\packs\Microsoft.NETCore.App.Ref\8.0.22\ref\net8.0\System.Numerics.Vectors.dll" /reference:"C:\Program Files\dotnet\packs\Microsoft.NETCore.App.Ref\8.0.22\ref\net8.0\System.ObjectModel.dll" /reference:"C:\Program Files\dotnet\packs\Microsoft.WindowsDesktop.App.Ref\8.0.22\ref\net8.0\System.Printing.dll" /reference:"C:\Program Files\dotnet\packs\Microsoft.NETCore.App.Ref\8.0.22\ref\net8.0\System.Reflection.DispatchProxy.dll" /reference:"C:\Program Files\dotnet\packs\Microsoft.NETCore.App.Ref\8.0.22\ref\net8.0\System.Reflection.dll" /reference:"C:\Program Files\dotnet\packs\Microsoft.NETCore.App.Ref\8.0.22\ref\net8.0\System.Reflection.Emit.dll" /reference:"C:\Program Files\dotnet\packs\Microsoft.NETCore.App.Ref\8.0.22\ref\net8.0\System.Reflection.Emit.ILGeneration.dll" /reference:"C:\Program Files\dotnet\packs\Microsoft.NETCore.App.Ref\8.0.22\ref\net8.0\System.Reflection.Emit.Lightweight.dll" /reference:"C:\Program Files\dotnet\packs\Microsoft.NETCore.App.Ref\8.0.22\ref\net8.0\System.Reflection.Extensions.dll" /reference:"C:\Program Files\dotnet\packs\Microsoft.NETCore.App.Ref\8.0.22\ref\net8.0\System.Reflection.Metadata.dll" /reference:"C:\Program Files\dotnet\packs\Microsoft.NETCore.App.Ref\8.0.22\ref\net8.0\System.Reflection.Primitives.dll" /reference:"C:\Program Files\dotnet\packs\Microsoft.NETCore.App.Ref\8.0.22\ref\net8.0\System.Reflection.TypeExtensions.dll" /reference:"C:\Program Files\dotnet\packs\Microsoft.WindowsDesktop.App.Ref\8.0.22\ref\net8.0\System.Resources.Extensions.dll" /reference:"C:\Program Files\dotnet\packs\Microsoft.NETCore.App.Ref\8.0.22\ref\net8.0\System.Resources.Reader.dll" /reference:"C:\Program Files\dotnet\packs\Microsoft.NETCore.App.Ref\8.0.22\ref\net8.0\System.Resources.ResourceManager.dll" /reference:"C:\Program Files\dotnet\packs\Microsoft.NETCore.App.Ref\8.0.22\ref\net8.0\System.Resources.Writer.dll" /reference:"C:\Program Files\dotnet\packs\Microsoft.NETCore.App.Ref\8.0.22\ref\net8.0\System.Runtime.CompilerServices.Unsafe.dll" /reference:"C:\Program Files\dotnet\packs\Microsoft.NETCore.App.Ref\8.0.22\ref\net8.0\System.Runtime.CompilerServices.VisualC.dll" /reference:"C:\Program Files\dotnet\packs\Microsoft.NETCore.App.Ref\8.0.22\ref\net8.0\System.Runtime.dll" /reference:"C:\Program Files\dotnet\packs\Microsoft.NETCore.App.Ref\8.0.22\ref\net8.0\System.Runtime.Extensions.dll" /reference:"C:\Program Files\dotnet\packs\Microsoft.NETCore.App.Ref\8.0.22\ref\net8.0\System.Runtime.Handles.dll" /reference:"C:\Program Files\dotnet\packs\Microsoft.NETCore.App.Ref\8.0.22\ref\net8.0\System.Runtime.InteropServices.dll" /reference:"C:\Program Files\dotnet\packs\Microsoft.NETCore.App.Ref\8.0.22\ref\net8.0\System.Runtime.InteropServices.JavaScript.dll" /reference:"C:\Program Files\dotnet\packs\Microsoft.NETCore.App.Ref\8.0.22\ref\net8.0\System.Runtime.InteropServices.RuntimeInformation.dll" /reference:"C:\Program Files\dotnet\packs\Microsoft.NETCore.App.Ref\8.0.22\ref\net8.0\System.Runtime.Intrinsics.dll" /reference:"C:\Program Files\dotnet\packs\Microsoft.NETCore.App.Ref\8.0.22\ref\net8.0\System.Runtime.Loader.dll" /reference:"C:\Program Files\dotnet\packs\Microsoft.NETCore.App.Ref\8.0.22\ref\net8.0\System.Runtime.Numerics.dll" /reference:"C:\Program Files\dotnet\packs\Microsoft.NETCore.App.Ref\8.0.22\ref\net8.0\System.Runtime.Serialization.dll" /reference:"C:\Program Files\dotnet\packs\Microsoft.NETCore.App.Ref\8.0.22\ref\net8.0\System.Runtime.Serialization.Formatters.dll" /reference:"C:\Program Files\dotnet\packs\Microsoft.NETCore.App.Ref\8.0.22\ref\net8.0\System.Runtime.Serialization.Json.dll" /reference:"C:\Program Files\dotnet\packs\Microsoft.NETCore.App.Ref\8.0.22\ref\net8.0\System.Runtime.Serialization.Primitives.dll" /reference:"C:\Program Files\dotnet\packs\Microsoft.NETCore.App.Ref\8.0.22\ref\net8.0\System.Runtime.Serialization.Xml.dll" /reference:"C:\Program Files\dotnet\packs\Microsoft.NETCore.App.Ref\8.0.22\ref\net8.0\System.Security.AccessControl.dll" /reference:"C:\Program Files\dotnet\packs\Microsoft.NETCore.App.Ref\8.0.22\ref\net8.0\System.Security.Claims.dll" /reference:"C:\Program Files\dotnet\packs\Microsoft.NETCore.App.Ref\8.0.22\ref\net8.0\System.Security.Cryptography.Algorithms.dll" /reference:"C:\Program Files\dotnet\packs\Microsoft.NETCore.App.Ref\8.0.22\ref\net8.0\System.Security.Cryptography.Cng.dll" /reference:"C:\Program Files\dotnet\packs\Microsoft.NETCore.App.Ref\8.0.22\ref\net8.0\System.Security.Cryptography.Csp.dll" /reference:"C:\Program Files\dotnet\packs\Microsoft.NETCore.App.Ref\8.0.22\ref\net8.0\System.Security.Cryptography.dll" /reference:"C:\Program Files\dotnet\packs\Microsoft.NETCore.App.Ref\8.0.22\ref\net8.0\System.Security.Cryptography.Encoding.dll" /reference:"C:\Program Files\dotnet\packs\Microsoft.NETCore.App.Ref\8.0.22\ref\net8.0\System.Security.Cryptography.OpenSsl.dll" /reference:"C:\Program Files\dotnet\packs\Microsoft.WindowsDesktop.App.Ref\8.0.22\ref\net8.0\System.Security.Cryptography.Pkcs.dll" /reference:"C:\Program Files\dotnet\packs\Microsoft.NETCore.App.Ref\8.0.22\ref\net8.0\System.Security.Cryptography.Primitives.dll" /reference:"C:\Program Files\dotnet\packs\Microsoft.WindowsDesktop.App.Ref\8.0.22\ref\net8.0\System.Security.Cryptography.ProtectedData.dll" /reference:"C:\Program Files\dotnet\packs\Microsoft.NETCore.App.Ref\8.0.22\ref\net8.0\System.Security.Cryptography.X509Certificates.dll" /reference:"C:\Program Files\dotnet\packs\Microsoft.WindowsDesktop.App.Ref\8.0.22\ref\net8.0\System.Security.Cryptography.Xml.dll" /reference:"C:\Program Files\dotnet\packs\Microsoft.NETCore.App.Ref\8.0.22\ref\net8.0\System.Security.dll" /reference:"C:\Program Files\dotnet\packs\Microsoft.WindowsDesktop.App.Ref\8.0.22\ref\net8.0\System.Security.Permissions.dll" /reference:"C:\Program Files\dotnet\packs\Microsoft.NETCore.App.Ref\8.0.22\ref\net8.0\System.Security.Principal.dll" /reference:"C:\Program Files\dotnet\packs\Microsoft.NETCore.App.Ref\8.0.22\ref\net8.0\System.Security.Principal.Windows.dll" /reference:"C:\Program Files\dotnet\packs\Microsoft.NETCore.App.Ref\8.0.22\ref\net8.0\System.Security.SecureString.dll" /reference:C:\Users\Atakan\.nuget\packages\system.servicemodel.primitives\8.1.2\ref\net8.0\System.ServiceModel.dll /reference:C:\Users\Atakan\.nuget\packages\system.servicemodel.primitives\8.1.2\ref\net8.0\System.ServiceModel.Duplex.dll /reference:C:\Users\Atakan\.nuget\packages\system.servicemodel.http\8.1.2\ref\net8.0\System.ServiceModel.Http.dll /reference:C:\Users\Atakan\.nuget\packages\system.servicemodel.netframingbase\8.1.2\ref\net8.0\System.ServiceModel.NetFramingBase.dll /reference:C:\Users\Atakan\.nuget\packages\system.servicemodel.nettcp\8.1.2\ref\net8.0\System.ServiceModel.NetTcp.dll /reference:C:\Users\Atakan\.nuget\packages\system.servicemodel.primitives\8.1.2\ref\net8.0\System.ServiceModel.Primitives.dll /reference:C:\Users\Atakan\.nuget\packages\system.servicemodel.primitives\8.1.2\ref\net8.0\System.ServiceModel.Security.dll /reference:"C:\Program Files\dotnet\packs\Microsoft.NETCore.App.Ref\8.0.22\ref\net8.0\System.ServiceModel.Web.dll" /reference:"C:\Program Files\dotnet\packs\Microsoft.NETCore.App.Ref\8.0.22\ref\net8.0\System.ServiceProcess.dll" /reference:"C:\Program Files\dotnet\packs\Microsoft.NETCore.App.Ref\8.0.22\ref\net8.0\System.Text.Encoding.CodePages.dll" /reference:"C:\Program Files\dotnet\packs\Microsoft.NETCore.App.Ref\8.0.22\ref\net8.0\System.Text.Encoding.dll" /reference:"C:\Program Files\dotnet\packs\Microsoft.NETCore.App.Ref\8.0.22\ref\net8.0\System.Text.Encoding.Extensions.dll" /reference:"C:\Program Files\dotnet\packs\Microsoft.NETCore.App.Ref\8.0.22\ref\net8.0\System.Text.Encodings.Web.dll" /reference:"C:\Program Files\dotnet\packs\Microsoft.NETCore.App.Ref\8.0.22\ref\net8.0\System.Text.Json.dll" /reference:"C:\Program Files\dotnet\packs\Microsoft.NETCore.App.Ref\8.0.22\ref\net8.0\System.Text.RegularExpressions.dll" /reference:"C:\Program Files\dotnet\packs\Microsoft.WindowsDesktop.App.Ref\8.0.22\ref\net8.0\System.Threading.AccessControl.dll" /reference:"C:\Program Files\dotnet\packs\Microsoft.NETCore.App.Ref\8.0.22\ref\net8.0\System.Threading.Channels.dll" /reference:"C:\Program Files\dotnet\packs\Microsoft.NETCore.App.Ref\8.0.22\ref\net8.0\System.Threading.dll" /reference:"C:\Program Files\dotnet\packs\Microsoft.NETCore.App.Ref\8.0.22\ref\net8.0\System.Threading.Overlapped.dll" /reference:"C:\Program Files\dotnet\packs\Microsoft.NETCore.App.Ref\8.0.22\ref\net8.0\System.Threading.Tasks.Dataflow.dll" /reference:"C:\Program Files\dotnet\packs\Microsoft.NETCore.App.Ref\8.0.22\ref\net8.0\System.Threading.Tasks.dll" /reference:"C:\Program Files\dotnet\packs\Microsoft.NETCore.App.Ref\8.0.22\ref\net8.0\System.Threading.Tasks.Extensions.dll" /reference:"C:\Program Files\dotnet\packs\Microsoft.NETCore.App.Ref\8.0.22\ref\net8.0\System.Threading.Tasks.Parallel.dll" /reference:"C:\Program Files\dotnet\packs\Microsoft.NETCore.App.Ref\8.0.22\ref\net8.0\System.Threading.Thread.dll" /reference:"C:\Program Files\dotnet\packs\Microsoft.NETCore.App.Ref\8.0.22\ref\net8.0\System.Threading.ThreadPool.dll" /reference:"C:\Program Files\dotnet\packs\Microsoft.NETCore.App.Ref\8.0.22\ref\net8.0\System.Threading.Timer.dll" /reference:"C:\Program Files\dotnet\packs\Microsoft.NETCore.App.Ref\8.0.22\ref\net8.0\System.Transactions.dll" /reference:"C:\Program Files\dotnet\packs\Microsoft.NETCore.App.Ref\8.0.22\ref\net8.0\System.Transactions.Local.dll" /reference:"C:\Program Files\dotnet\packs\Microsoft.NETCore.App.Ref\8.0.22\ref\net8.0\System.ValueTuple.dll" /reference:"C:\Program Files\dotnet\packs\Microsoft.NETCore.App.Ref\8.0.22\ref\net8.0\System.Web.dll" /reference:"C:\Program Files\dotnet\packs\Microsoft.NETCore.App.Ref\8.0.22\ref\net8.0\System.Web.HttpUtility.dll" /reference:"C:\Program Files\dotnet\packs\Microsoft.WindowsDesktop.App.Ref\8.0.22\ref\net8.0\System.Windows.Controls.Ribbon.dll" /reference:"C:\Program Files\dotnet\packs\Microsoft.NETCore.App.Ref\8.0.22\ref\net8.0\System.Windows.dll" /reference:"C:\Program Files\dotnet\packs\Microsoft.WindowsDesktop.App.Ref\8.0.22\ref\net8.0\System.Windows.Extensions.dll" /reference:"C:\Program Files\dotnet\packs\Microsoft.WindowsDesktop.App.Ref\8.0.22\ref\net8.0\System.Windows.Forms.Design.dll" /reference:"C:\Program Files\dotnet\packs\Microsoft.WindowsDesktop.App.Ref\8.0.22\ref\net8.0\System.Windows.Forms.Design.Editors.dll" /reference:"C:\Program Files\dotnet\packs\Microsoft.WindowsDesktop.App.Ref\8.0.22\ref\net8.0\System.Windows.Forms.dll" /reference:"C:\Program Files\dotnet\packs\Microsoft.WindowsDesktop.App.Ref\8.0.22\ref\net8.0\System.Windows.Forms.Primitives.dll" /reference:"C:\Program Files\dotnet\packs\Microsoft.WindowsDesktop.App.Ref\8.0.22\ref\net8.0\System.Windows.Input.Manipulations.dll" /reference:"C:\Program Files\dotnet\packs\Microsoft.WindowsDesktop.App.Ref\8.0.22\ref\net8.0\System.Windows.Presentation.dll" /reference:"C:\Program Files\dotnet\packs\Microsoft.WindowsDesktop.App.Ref\8.0.22\ref\net8.0\System.Xaml.dll" /reference:"C:\Program Files\dotnet\packs\Microsoft.NETCore.App.Ref\8.0.22\ref\net8.0\System.Xml.dll" /reference:"C:\Program Files\dotnet\packs\Microsoft.NETCore.App.Ref\8.0.22\ref\net8.0\System.Xml.Linq.dll" /reference:"C:\Program Files\dotnet\packs\Microsoft.NETCore.App.Ref\8.0.22\ref\net8.0\System.Xml.ReaderWriter.dll" /reference:"C:\Program Files\dotnet\packs\Microsoft.NETCore.App.Ref\8.0.22\ref\net8.0\System.Xml.Serialization.dll" /reference:"C:\Program Files\dotnet\packs\Microsoft.NETCore.App.Ref\8.0.22\ref\net8.0\System.Xml.XDocument.dll" /reference:"C:\Program Files\dotnet\packs\Microsoft.NETCore.App.Ref\8.0.22\ref\net8.0\System.Xml.XmlDocument.dll" /reference:"C:\Program Files\dotnet\packs\Microsoft.NETCore.App.Ref\8.0.22\ref\net8.0\System.Xml.XmlSerializer.dll" /reference:"C:\Program Files\dotnet\packs\Microsoft.NETCore.App.Ref\8.0.22\ref\net8.0\System.Xml.XPath.dll" /reference:"C:\Program Files\dotnet\packs\Microsoft.NETCore.App.Ref\8.0.22\ref\net8.0\System.Xml.XPath.XDocument.dll" /reference:"C:\Program Files\dotnet\packs\Microsoft.WindowsDesktop.App.Ref\8.0.22\ref\net8.0\UIAutomationClient.dll" /reference:"C:\Program Files\dotnet\packs\Microsoft.WindowsDesktop.App.Ref\8.0.22\ref\net8.0\UIAutomationClientSideProviders.dll" /reference:"C:\Program Files\dotnet\packs\Microsoft.WindowsDesktop.App.Ref\8.0.22\ref\net8.0\UIAutomationProvider.dll" /reference:"C:\Program Files\dotnet\packs\Microsoft.WindowsDesktop.App.Ref\8.0.22\ref\net8.0\UIAutomationTypes.dll" /reference:"C:\Program Files\dotnet\packs\Microsoft.WindowsDesktop.App.Ref\8.0.22\ref\net8.0\WindowsBase.dll" /reference:"C:\Program Files\dotnet\packs\Microsoft.WindowsDesktop.App.Ref\8.0.22\ref\net8.0\WindowsFormsIntegration.dll" /debug+ /debug:portable /filealign:512 /optimize- /out:obj\Debug\net8.0-windows\TurkMorph.dll /refout:obj\Debug\net8.0-windows\refint\TurkMorph.dll /target:winexe /warnaserror- /utf8output /deterministic+ /sourcelink:obj\Debug\net8.0-windows\TurkMorph.sourcelink.json /langversion:12.0 /analyzerconfig:obj\Debug\net8.0-windows\TurkMorph.GeneratedMSBuildEditorConfig.editorconfig /analyzerconfig:"C:\Program Files\dotnet\sdk\10.0.101\Sdks\Microsoft.NET.Sdk\analyzers\build\config\analysislevel_8_default.globalconfig" /analyzer:"C:\Program Files\dotnet\sdk\10.0.101\Sdks\Microsoft.NET.Sdk\targets\..\analyzers\Microsoft.CodeAnalysis.CSharp.NetAnalyzers.dll" /analyzer:"C:\Program Files\dotnet\sdk\10.0.101\Sdks\Microsoft.NET.Sdk\targets\..\analyzers\Microsoft.CodeAnalysis.NetAnalyzers.dll" /analyzer:C:\Users\Atakan\.nuget\packages\devexpress.data\25.1.3\analyzers\dotnet\DevExpress.Generator.dll /analyzer:"C:\Program Files\dotnet\packs\Microsoft.NETCore.App.Ref\8.0.22\analyzers/dotnet/cs/Microsoft.Interop.ComInterfaceGenerator.dll" /analyzer:"C:\Program Files\dotnet\packs\Microsoft.NETCore.App.Ref\8.0.22\analyzers/dotnet/cs/Microsoft.Interop.JavaScript.JSImportGenerator.dll" /analyzer:"C:\Program Files\dotnet\packs\Microsoft.NETCore.App.Ref\8.0.22\analyzers/dotnet/cs/Microsoft.Interop.LibraryImportGenerator.dll" /analyzer:"C:\Program Files\dotnet\packs\Microsoft.NETCore.App.Ref\8.0.22\analyzers/dotnet/cs/Microsoft.Interop.SourceGeneration.dll" /analyzer:"C:\Program Files\dotnet\packs\Microsoft.NETCore.App.Ref\8.0.22\analyzers/dotnet/cs/System.Text.Json.SourceGeneration.dll" /analyzer:"C:\Program Files\dotnet\packs\Microsoft.NETCore.App.Ref\8.0.22\analyzers/dotnet/cs/System.Text.RegularExpressions.Generator.dll" /analyzer:"C:\Program Files\dotnet\packs\Microsoft.WindowsDesktop.App.Ref\8.0.22\analyzers/dotnet/System.Windows.Forms.Analyzers.dll" /analyzer:"C:\Program Files\dotnet\packs\Microsoft.WindowsDesktop.App.Ref\8.0.22\analyzers/dotnet/cs/System.Windows.Forms.Analyzers.CSharp.dll" Database\Repositories\WordRootRepository.cs Database\TurkMorphContext.cs Forms\MainForm.cs Interfaces\INlpService.cs Interfaces\IWordValidator.cs Models\AdjectiveRoot.cs Models\NounRoot.cs Models\VerbRoot.cs Models\WordRoot.cs Program.cs Services\DTOs\AnalysisResult.cs Services\NlpApiService.cs Services\WordFactory.cs obj\Debug\net8.0-windows\TurkMorph.GlobalUsings.g.cs "obj\Debug\net8.0-windows\.NETCoreApp,Version=v8.0.AssemblyAttributes.cs" obj\Debug\net8.0-windows\TurkMorph.AssemblyInfo.cs /warnaserror+:NU1605,SYSLIB0011
         Compilation request TurkMorph (net8.0-windows), PathToTool=C:\Program Files\dotnet\sdk\10.0.101\Roslyn\bincore\csc.exe
         CommandLine = ' /noconfig'
         BuildResponseFile = '/unsafe- /checked- /nowarn:1701,1702,1701,1702 /fullpaths /nostdlib+ /errorreport:prompt /warn:8 /define:TRACE;DEBUG;NET;NET8_0;NETCOREAPP;WINDOWS;WINDOWS7_0;NET5_0_OR_GREATER;NET6_0_OR_GREATER;NET7_0_OR_GREATER;NET8_0_OR_GREATER;NETCOREAPP3_0_OR_GREATER;NETCOREAPP3_1_OR_GREATER;WİNDOWS7_0_OR_GREATER /highentropyva+ /nullable:disable /reference:"C:\Program Files\dotnet\packs\Microsoft.WindowsDesktop.App.Ref\8.0.22\ref\net8.0\Accessibility.dll" /reference:C:\Users\Atakan\.nuget\packages\dapper\2.1.28\lib\net7.0\Dapper.dll /reference:C:\Users\Atakan\.nuget\packages\devexpress.charts.core\25.1.3\lib\net8.0\DevExpress.Charts.v25.1.Core.dll /reference:C:\Users\Atakan\.nuget\packages\devexpress.codeparser\25.1.3\lib\net8.0\DevExpress.CodeParser.v25.1.dll /reference:C:\Users\Atakan\.nuget\packages\devexpress.data.desktop\25.1.3\lib\net8.0-windows\DevExpress.Data.Desktop.v25.1.dll /reference:C:\Users\Atakan\.nuget\packages\devexpress.data\25.1.3\lib\net8.0\DevExpress.Data.v25.1.dll /reference:C:\Users\Atakan\.nuget\packages\devexpress.dataaccess\25.1.3\lib\net8.0\DevExpress.DataAccess.v25.1.dll /reference:C:\Users\Atakan\.nuget\packages\devexpress.dataaccess.ui\25.1.3\lib\net8.0-windows\DevExpress.DataAccess.v25.1.UI.dll /reference:C:\Users\Atakan\.nuget\packages\devexpress.datavisualization.core\25.1.3\lib\net8.0\DevExpress.DataVisualization.v25.1.Core.dll /reference:C:\Users\Atakan\.nuget\packages\devexpress.diagram.core\25.1.3\lib\net8.0-windows\DevExpress.Diagram.v25.1.Core.dll /reference:C:\Users\Atakan\.nuget\packages\devexpress.win.dialogs.core\25.1.3\lib\net8.0-windows\DevExpress.Dialogs.v25.1.Core.dll /reference:C:\Users\Atakan\.nuget\packages\devexpress.drawing\25.1.3\lib\net8.0\DevExpress.Drawing.v25.1.dll /reference:C:\Users\Atakan\.nuget\packages\devexpress.images\25.1.3\lib\net8.0\DevExpress.Images.v25.1.dll /reference:C:\Users\Atakan\.nuget\packages\devexpress.map.core\25.1.3\lib\net8.0\DevExpress.Map.v25.1.Core.dll /reference:C:\Users\Atakan\.nuget\packages\devexpress.mvvm\25.1.3\lib\net8.0-windows\DevExpress.Mvvm.v25.1.dll /reference:C:\Users\Atakan\.nuget\packages\devexpress.office.core\25.1.3\lib\net8.0\DevExpress.Office.v25.1.Core.dll /reference:C:\Users\Atakan\.nuget\packages\devexpress.pdf.core\25.1.3\lib\net8.0\DevExpress.Pdf.v25.1.Core.dll /reference:C:\Users\Atakan\.nuget\packages\devexpress.pdf.drawing\25.1.3\lib\net8.0\DevExpress.Pdf.v25.1.Drawing.dll /reference:C:\Users\Atakan\.nuget\packages\devexpress.pivotgrid.core\25.1.3\lib\net8.0\DevExpress.PivotGrid.v25.1.Core.dll /reference:C:\Users\Atakan\.nuget\packages\devexpress.printing.core\25.1.3\lib\net8.0\DevExpress.Printing.v25.1.Core.dll /reference:C:\Users\Atakan\.nuget\packages\devexpress.richedit.core\25.1.3\lib\net8.0\DevExpress.RichEdit.v25.1.Core.dll /reference:C:\Users\Atakan\.nuget\packages\devexpress.richedit.export\25.1.3\lib\net8.0\DevExpress.RichEdit.v25.1.Export.dll /reference:C:\Users\Atakan\.nuget\packages\devexpress.sparkline.core\25.1.3\lib\net8.0\DevExpress.Sparkline.v25.1.Core.dll /reference:C:\Users\Atakan\.nuget\packages\devexpress.spellchecker.core\25.1.3\lib\net8.0\DevExpress.SpellChecker.v25.1.Core.dll /reference:C:\Users\Atakan\.nuget\packages\devexpress.spreadsheet.core\25.1.3\lib\net8.0\DevExpress.Spreadsheet.v25.1.Core.dll /reference:C:\Users\Atakan\.nuget\packages\devexpress.treemap.core\25.1.3\lib\net8.0\DevExpress.TreeMap.v25.1.Core.dll /reference:C:\Users\Atakan\.nuget\packages\devexpress.utils\25.1.3\lib\net8.0-windows\DevExpress.Utils.v25.1.dll /reference:C:\Users\Atakan\.nuget\packages\devexpress.utils.ui\25.1.3\lib\net8.0-windows\DevExpress.Utils.v25.1.UI.dll /reference:C:\Users\Atakan\.nuget\packages\devexpress.xpo\25.1.3\lib\net8.0\DevExpress.Xpo.v25.1.dll /reference:C:\Users\Atakan\.nuget\packages\devexpress.win.navigation\25.1.3\lib\net8.0-windows\DevExpress.XtraBars.v25.1.dll /reference:C:\Users\Atakan\.nuget\packages\devexpress.charts\25.1.3\lib\net8.0\DevExpress.XtraCharts.v25.1.dll /reference:C:\Users\Atakan\.nuget\packages\devexpress.win.charts\25.1.3\lib\net8.0-windows\DevExpress.XtraCharts.v25.1.Extensions.dll /reference:C:\Users\Atakan\.nuget\packages\devexpress.win.charts\25.1.3\lib\net8.0-windows\DevExpress.XtraCharts.v25.1.UI.dll /reference:C:\Users\Atakan\.nuget\packages\devexpress.win.charts\25.1.3\lib\net8.0-windows\DevExpress.XtraCharts.v25.1.Wizard.dll /reference:C:\Users\Atakan\.nuget\packages\devexpress.win.diagram\25.1.3\lib\net8.0-windows\DevExpress.XtraDiagram.v25.1.dll /reference:C:\Users\Atakan\.nuget\packages\devexpress.win.dialogs\25.1.3\lib\net8.0-windows\DevExpress.XtraDialogs.v25.1.dll /reference:C:\Users\Atakan\.nuget\packages\devexpress.win.navigation\25.1.3\lib\net8.0-windows\DevExpress.XtraEditors.v25.1.dll /reference:C:\Users\Atakan\.nuget\packages\devexpress.win.gantt\25.1.3\lib\net8.0-windows\DevExpress.XtraGantt.v25.1.dll /reference:C:\Users\Atakan\.nuget\packages\devexpress.gauges.core\25.1.3\lib\net8.0\DevExpress.XtraGauges.v25.1.Core.dll /reference:C:\Users\Atakan\.nuget\packages\devexpress.win.gauges\25.1.3\lib\net8.0-windows\DevExpress.XtraGauges.v25.1.Presets.dll /reference:C:\Users\Atakan\.nuget\packages\devexpress.win.gauges\25.1.3\lib\net8.0-windows\DevExpress.XtraGauges.v25.1.Win.dll /reference:C:\Users\Atakan\.nuget\packages\devexpress.win.grid\25.1.3\lib\net8.0-windows\DevExpress.XtraGrid.v25.1.dll /reference:C:\Users\Atakan\.nuget\packages\devexpress.win.navigation\25.1.3\lib\net8.0-windows\DevExpress.XtraLayout.v25.1.dll /reference:C:\Users\Atakan\.nuget\packages\devexpress.win.map\25.1.3\lib\net8.0-windows\DevExpress.XtraMap.v25.1.dll /reference:C:\Users\Atakan\.nuget\packages\devexpress.win\25.1.3\lib\net8.0-windows\DevExpress.XtraNavBar.v25.1.dll /reference:C:\Users\Atakan\.nuget\packages\devexpress.win.pdfviewer\25.1.3\lib\net8.0-windows\DevExpress.XtraPdfViewer.v25.1.dll /reference:C:\Users\Atakan\.nuget\packages\devexpress.win.pivotgrid\25.1.3\lib\net8.0-windows\DevExpress.XtraPivotGrid.v25.1.dll /reference:C:\Users\Atakan\.nuget\packages\devexpress.win.printing\25.1.3\lib\net8.0-windows\DevExpress.XtraPrinting.v25.1.dll /reference:C:\Users\Atakan\.nuget\packages\devexpress.reporting.core\25.1.3\lib\net8.0\DevExpress.XtraReports.v25.1.dll /reference:C:\Users\Atakan\.nuget\packages\devexpress.win.reporting\25.1.3\lib\net8.0-windows\DevExpress.XtraReports.v25.1.Extensions.dll /reference:C:\Users\Atakan\.nuget\packages\devexpress.win.richedit\25.1.3\lib\net8.0-windows\DevExpress.XtraRichEdit.v25.1.dll /reference:C:\Users\Atakan\.nuget\packages\devexpress.scheduler.coredesktop\25.1.3\lib\net8.0-windows\DevExpress.XtraScheduler.v25.1.Core.Desktop.dll /reference:C:\Users\Atakan\.nuget\packages\devexpress.scheduler.core\25.1.3\lib\net8.0\DevExpress.XtraScheduler.v25.1.Core.dll /reference:C:\Users\Atakan\.nuget\packages\devexpress.win.scheduler\25.1.3\lib\net8.0-windows\DevExpress.XtraScheduler.v25.1.dll /reference:C:\Users\Atakan\.nuget\packages\devexpress.win.schedulerextensions\25.1.3\lib\net8.0-windows\DevExpress.XtraScheduler.v25.1.Extensions.dll /reference:C:\Users\Atakan\.nuget\packages\devexpress.win.schedulerreporting\25.1.3\lib\net8.0-windows\DevExpress.XtraScheduler.v25.1.Reporting.dll /reference:C:\Users\Atakan\.nuget\packages\devexpress.win.schedulerextensions\25.1.3\lib\net8.0-windows\DevExpress.XtraScheduler.v25.1.Reporting.Extensions.dll /reference:C:\Users\Atakan\.nuget\packages\devexpress.win.spellchecker\25.1.3\lib\net8.0-windows\DevExpress.XtraSpellChecker.v25.1.dll /reference:C:\Users\Atakan\.nuget\packages\devexpress.win.spreadsheet\25.1.3\lib\net8.0-windows\DevExpress.XtraSpreadsheet.v25.1.dll /reference:C:\Users\Atakan\.nuget\packages\devexpress.win.treelist\25.1.3\lib\net8.0-windows\DevExpress.XtraTreeList.v25.1.dll /reference:C:\Users\Atakan\.nuget\packages\devexpress.treemap\25.1.3\lib\net8.0\DevExpress.XtraTreeMap.v25.1.dll /reference:C:\Users\Atakan\.nuget\packages\devexpress.win.treemap\25.1.3\lib\net8.0-windows\DevExpress.XtraTreeMap.v25.1.UI.dll /reference:C:\Users\Atakan\.nuget\packages\devexpress.win.verticalgrid\25.1.3\lib\net8.0-windows\DevExpress.XtraVerticalGrid.v25.1.dll /reference:C:\Users\Atakan\.nuget\packages\devexpress.win\25.1.3\lib\net8.0-windows\DevExpress.XtraWizard.v25.1.dll /reference:"C:\Program Files\dotnet\packs\Microsoft.NETCore.App.Ref\8.0.22\ref\net8.0\Microsoft.CSharp.dll" /reference:C:\Users\Atakan\.nuget\packages\microsoft.extensions.dependencyinjection.abstractions\8.0.2\lib\net8.0\Microsoft.Extensions.DependencyInjection.Abstractions.dll /reference:C:\Users\Atakan\.nuget\packages\microsoft.extensions.dependencyinjection\8.0.1\lib\net8.0\Microsoft.Extensions.DependencyInjection.dll /reference:C:\Users\Atakan\.nuget\packages\microsoft.extensions.objectpool\8.0.10\lib\net8.0\Microsoft.Extensions.ObjectPool.dll /reference:"C:\Program Files\dotnet\packs\Microsoft.NETCore.App.Ref\8.0.22\ref\net8.0\Microsoft.VisualBasic.Core.dll" /reference:"C:\Program Files\dotnet\packs\Microsoft.WindowsDesktop.App.Ref\8.0.22\ref\net8.0\Microsoft.VisualBasic.dll" /reference:"C:\Program Files\dotnet\packs\Microsoft.WindowsDesktop.App.Ref\8.0.22\ref\net8.0\Microsoft.VisualBasic.Forms.dll" /reference:"C:\Program Files\dotnet\packs\Microsoft.NETCore.App.Ref\8.0.22\ref\net8.0\Microsoft.Win32.Primitives.dll" /reference:"C:\Program Files\dotnet\packs\Microsoft.WindowsDesktop.App.Ref\8.0.22\ref\net8.0\Microsoft.Win32.Registry.AccessControl.dll" /reference:"C:\Program Files\dotnet\packs\Microsoft.NETCore.App.Ref\8.0.22\ref\net8.0\Microsoft.Win32.Registry.dll" /reference:"C:\Program Files\dotnet\packs\Microsoft.WindowsDesktop.App.Ref\8.0.22\ref\net8.0\Microsoft.Win32.SystemEvents.dll" /reference:"C:\Program Files\dotnet\packs\Microsoft.NETCore.App.Ref\8.0.22\ref\net8.0\mscorlib.dll" /reference:"C:\Program Files\dotnet\packs\Microsoft.NETCore.App.Ref\8.0.22\ref\net8.0\netstandard.dll" /reference:C:\Users\Atakan\.nuget\packages\newtonsoft.json\13.0.3\lib\net6.0\Newtonsoft.Json.dll /reference:"C:\Program Files\dotnet\packs\Microsoft.WindowsDesktop.App.Ref\8.0.22\ref\net8.0\PresentationCore.dll" /reference:"C:\Program Files\dotnet\packs\Microsoft.WindowsDesktop.App.Ref\8.0.22\ref\net8.0\PresentationFramework.Aero.dll" /reference:"C:\Program Files\dotnet\packs\Microsoft.WindowsDesktop.App.Ref\8.0.22\ref\net8.0\PresentationFramework.Aero2.dll" /reference:"C:\Program Files\dotnet\packs\Microsoft.WindowsDesktop.App.Ref\8.0.22\ref\net8.0\PresentationFramework.AeroLite.dll" /reference:"C:\Program Files\dotnet\packs\Microsoft.WindowsDesktop.App.Ref\8.0.22\ref\net8.0\PresentationFramework.Classic.dll" /reference:"C:\Program Files\dotnet\packs\Microsoft.WindowsDesktop.App.Ref\8.0.22\ref\net8.0\PresentationFramework.dll" /reference:"C:\Program Files\dotnet\packs\Microsoft.WindowsDesktop.App.Ref\8.0.22\ref\net8.0\PresentationFramework.Luna.dll" /reference:"C:\Program Files\dotnet\packs\Microsoft.WindowsDesktop.App.Ref\8.0.22\ref\net8.0\PresentationFramework.Royale.dll" /reference:"C:\Program Files\dotnet\packs\Microsoft.WindowsDesktop.App.Ref\8.0.22\ref\net8.0\PresentationUI.dll" /reference:"C:\Program Files\dotnet\packs\Microsoft.WindowsDesktop.App.Ref\8.0.22\ref\net8.0\ReachFramework.dll" /reference:"C:\Program Files\dotnet\packs\Microsoft.NETCore.App.Ref\8.0.22\ref\net8.0\System.AppContext.dll" /reference:"C:\Program Files\dotnet\packs\Microsoft.NETCore.App.Ref\8.0.22\ref\net8.0\System.Buffers.dll" /reference:"C:\Program Files\dotnet\packs\Microsoft.WindowsDesktop.App.Ref\8.0.22\ref\net8.0\System.CodeDom.dll" /reference:"C:\Program Files\dotnet\packs\Microsoft.NETCore.App.Ref\8.0.22\ref\net8.0\System.Collections.Concurrent.dll" /reference:"C:\Program Files\dotnet\packs\Microsoft.NETCore.App.Ref\8.0.22\ref\net8.0\System.Collections.dll" /reference:"C:\Program Files\dotnet\packs\Microsoft.NETCore.App.Ref\8.0.22\ref\net8.0\System.Collections.Immutable.dll" /reference:"C:\Program Files\dotnet\packs\Microsoft.NETCore.App.Ref\8.0.22\ref\net8.0\System.Collections.NonGeneric.dll" /reference:"C:\Program Files\dotnet\packs\Microsoft.NETCore.App.Ref\8.0.22\ref\net8.0\System.Collections.Specialized.dll" /reference:"C:\Program Files\dotnet\packs\Microsoft.NETCore.App.Ref\8.0.22\ref\net8.0\System.ComponentModel.Annotations.dll" /reference:"C:\Program Files\dotnet\packs\Microsoft.NETCore.App.Ref\8.0.22\ref\net8.0\System.ComponentModel.DataAnnotations.dll" /reference:"C:\Program Files\dotnet\packs\Microsoft.NETCore.App.Ref\8.0.22\ref\net8.0\System.ComponentModel.dll" /reference:"C:\Program Files\dotnet\packs\Microsoft.NETCore.App.Ref\8.0.22\ref\net8.0\System.ComponentModel.EventBasedAsync.dll" /reference:"C:\Program Files\dotnet\packs\Microsoft.NETCore.App.Ref\8.0.22\ref\net8.0\System.ComponentModel.Primitives.dll" /reference:"C:\Program Files\dotnet\packs\Microsoft.NETCore.App.Ref\8.0.22\ref\net8.0\System.ComponentModel.TypeConverter.dll" /reference:"C:\Program Files\dotnet\packs\Microsoft.WindowsDesktop.App.Ref\8.0.22\ref\net8.0\System.Configuration.ConfigurationManager.dll" /reference:"C:\Program Files\dotnet\packs\Microsoft.NETCore.App.Ref\8.0.22\ref\net8.0\System.Configuration.dll" /reference:"C:\Program Files\dotnet\packs\Microsoft.NETCore.App.Ref\8.0.22\ref\net8.0\System.Console.dll" /reference:"C:\Program Files\dotnet\packs\Microsoft.NETCore.App.Ref\8.0.22\ref\net8.0\System.Core.dll" /reference:"C:\Program Files\dotnet\packs\Microsoft.NETCore.App.Ref\8.0.22\ref\net8.0\System.Data.Common.dll" /reference:"C:\Program Files\dotnet\packs\Microsoft.NETCore.App.Ref\8.0.22\ref\net8.0\System.Data.DataSetExtensions.dll" /reference:"C:\Program Files\dotnet\packs\Microsoft.NETCore.App.Ref\8.0.22\ref\net8.0\System.Data.dll" /reference:C:\Users\Atakan\.nuget\packages\system.data.oledb\8.0.1\lib\net8.0\System.Data.OleDb.dll /reference:C:\Users\Atakan\.nuget\packages\system.data.sqlclient\4.8.6\ref\netcoreapp2.1\System.Data.SqlClient.dll /reference:C:\Users\Atakan\.nuget\packages\stub.system.data.sqlite.core.netstandard\1.0.118\lib\netstandard2.1\System.Data.SQLite.dll /reference:"C:\Program Files\dotnet\packs\Microsoft.WindowsDesktop.App.Ref\8.0.22\ref\net8.0\System.Design.dll" /reference:"C:\Program Files\dotnet\packs\Microsoft.NETCore.App.Ref\8.0.22\ref\net8.0\System.Diagnostics.Contracts.dll" /reference:"C:\Program Files\dotnet\packs\Microsoft.NETCore.App.Ref\8.0.22\ref\net8.0\System.Diagnostics.Debug.dll" /reference:"C:\Program Files\dotnet\packs\Microsoft.NETCore.App.Ref\8.0.22\ref\net8.0\System.Diagnostics.DiagnosticSource.dll" /reference:"C:\Program Files\dotnet\packs\Microsoft.WindowsDesktop.App.Ref\8.0.22\ref\net8.0\System.Diagnostics.EventLog.dll" /reference:"C:\Program Files\dotnet\packs\Microsoft.NETCore.App.Ref\8.0.22\ref\net8.0\System.Diagnostics.FileVersionInfo.dll" /reference:"C:\Program Files\dotnet\packs\Microsoft.WindowsDesktop.App.Ref\8.0.22\ref\net8.0\System.Diagnostics.PerformanceCounter.dll" /reference:"C:\Program Files\dotnet\packs\Microsoft.NETCore.App.Ref\8.0.22\ref\net8.0\System.Diagnostics.Process.dll" /reference:"C:\Program Files\dotnet\packs\Microsoft.NETCore.App.Ref\8.0.22\ref\net8.0\System.Diagnostics.StackTrace.dll" /reference:"C:\Program Files\dotnet\packs\Microsoft.NETCore.App.Ref\8.0.22\ref\net8.0\System.Diagnostics.TextWriterTraceListener.dll" /reference:"C:\Program Files\dotnet\packs\Microsoft.NETCore.App.Ref\8.0.22\ref\net8.0\System.Diagnostics.Tools.dll" /reference:"C:\Program Files\dotnet\packs\Microsoft.NETCore.App.Ref\8.0.22\ref\net8.0\System.Diagnostics.TraceSource.dll" /reference:"C:\Program Files\dotnet\packs\Microsoft.NETCore.App.Ref\8.0.22\ref\net8.0\System.Diagnostics.Tracing.dll" /reference:"C:\Program Files\dotnet\packs\Microsoft.WindowsDesktop.App.Ref\8.0.22\ref\net8.0\System.DirectoryServices.dll" /reference:"C:\Program Files\dotnet\packs\Microsoft.NETCore.App.Ref\8.0.22\ref\net8.0\System.dll" /reference:"C:\Program Files\dotnet\packs\Microsoft.WindowsDesktop.App.Ref\8.0.22\ref\net8.0\System.Drawing.Common.dll" /reference:"C:\Program Files\dotnet\packs\Microsoft.WindowsDesktop.App.Ref\8.0.22\ref\net8.0\System.Drawing.Design.dll" /reference:"C:\Program Files\dotnet\packs\Microsoft.WindowsDesktop.App.Ref\8.0.22\ref\net8.0\System.Drawing.dll" /reference:"C:\Program Files\dotnet\packs\Microsoft.NETCore.App.Ref\8.0.22\ref\net8.0\System.Drawing.Primitives.dll" /reference:"C:\Program Files\dotnet\packs\Microsoft.NETCore.App.Ref\8.0.22\ref\net8.0\System.Dynamic.Runtime.dll" /reference:"C:\Program Files\dotnet\packs\Microsoft.NETCore.App.Ref\8.0.22\ref\net8.0\System.Formats.Asn1.dll" /reference:"C:\Program Files\dotnet\packs\Microsoft.NETCore.App.Ref\8.0.22\ref\net8.0\System.Formats.Tar.dll" /reference:"C:\Program Files\dotnet\packs\Microsoft.NETCore.App.Ref\8.0.22\ref\net8.0\System.Globalization.Calendars.dll" /reference:"C:\Program Files\dotnet\packs\Microsoft.NETCore.App.Ref\8.0.22\ref\net8.0\System.Globalization.dll" /reference:"C:\Program Files\dotnet\packs\Microsoft.NETCore.App.Ref\8.0.22\ref\net8.0\System.Globalization.Extensions.dll" /reference:"C:\Program Files\dotnet\packs\Microsoft.NETCore.App.Ref\8.0.22\ref\net8.0\System.IO.Compression.Brotli.dll" /reference:"C:\Program Files\dotnet\packs\Microsoft.NETCore.App.Ref\8.0.22\ref\net8.0\System.IO.Compression.dll" /reference:"C:\Program Files\dotnet\packs\Microsoft.NETCore.App.Ref\8.0.22\ref\net8.0\System.IO.Compression.FileSystem.dll" /reference:"C:\Program Files\dotnet\packs\Microsoft.NETCore.App.Ref\8.0.22\ref\net8.0\System.IO.Compression.ZipFile.dll" /reference:"C:\Program Files\dotnet\packs\Microsoft.NETCore.App.Ref\8.0.22\ref\net8.0\System.IO.dll" /reference:"C:\Program Files\dotnet\packs\Microsoft.NETCore.App.Ref\8.0.22\ref\net8.0\System.IO.FileSystem.AccessControl.dll" /reference:"C:\Program Files\dotnet\packs\Microsoft.NETCore.App.Ref\8.0.22\ref\net8.0\System.IO.FileSystem.dll" /reference:"C:\Program Files\dotnet\packs\Microsoft.NETCore.App.Ref\8.0.22\ref\net8.0\System.IO.FileSystem.DriveInfo.dll" /reference:"C:\Program Files\dotnet\packs\Microsoft.NETCore.App.Ref\8.0.22\ref\net8.0\System.IO.FileSystem.Primitives.dll" /reference:"C:\Program Files\dotnet\packs\Microsoft.NETCore.App.Ref\8.0.22\ref\net8.0\System.IO.FileSystem.Watcher.dll" /reference:"C:\Program Files\dotnet\packs\Microsoft.NETCore.App.Ref\8.0.22\ref\net8.0\System.IO.IsolatedStorage.dll" /reference:"C:\Program Files\dotnet\packs\Microsoft.NETCore.App.Ref\8.0.22\ref\net8.0\System.IO.MemoryMappedFiles.dll" /reference:"C:\Program Files\dotnet\packs\Microsoft.WindowsDesktop.App.Ref\8.0.22\ref\net8.0\System.IO.Packaging.dll" /reference:"C:\Program Files\dotnet\packs\Microsoft.NETCore.App.Ref\8.0.22\ref\net8.0\System.IO.Pipes.AccessControl.dll" /reference:"C:\Program Files\dotnet\packs\Microsoft.NETCore.App.Ref\8.0.22\ref\net8.0\System.IO.Pipes.dll" /reference:"C:\Program Files\dotnet\packs\Microsoft.NETCore.App.Ref\8.0.22\ref\net8.0\System.IO.UnmanagedMemoryStream.dll" /reference:"C:\Program Files\dotnet\packs\Microsoft.NETCore.App.Ref\8.0.22\ref\net8.0\System.Linq.dll" /reference:"C:\Program Files\dotnet\packs\Microsoft.NETCore.App.Ref\8.0.22\ref\net8.0\System.Linq.Expressions.dll" /reference:"C:\Program Files\dotnet\packs\Microsoft.NETCore.App.Ref\8.0.22\ref\net8.0\System.Linq.Parallel.dll" /reference:"C:\Program Files\dotnet\packs\Microsoft.NETCore.App.Ref\8.0.22\ref\net8.0\System.Linq.Queryable.dll" /reference:"C:\Program Files\dotnet\packs\Microsoft.NETCore.App.Ref\8.0.22\ref\net8.0\System.Memory.dll" /reference:"C:\Program Files\dotnet\packs\Microsoft.NETCore.App.Ref\8.0.22\ref\net8.0\System.Net.dll" /reference:"C:\Program Files\dotnet\packs\Microsoft.NETCore.App.Ref\8.0.22\ref\net8.0\System.Net.Http.dll" /reference:"C:\Program Files\dotnet\packs\Microsoft.NETCore.App.Ref\8.0.22\ref\net8.0\System.Net.Http.Json.dll" /reference:"C:\Program Files\dotnet\packs\Microsoft.NETCore.App.Ref\8.0.22\ref\net8.0\System.Net.HttpListener.dll" /reference:"C:\Program Files\dotnet\packs\Microsoft.NETCore.App.Ref\8.0.22\ref\net8.0\System.Net.Mail.dll" /reference:"C:\Program Files\dotnet\packs\Microsoft.NETCore.App.Ref\8.0.22\ref\net8.0\System.Net.NameResolution.dll" /reference:"C:\Program Files\dotnet\packs\Microsoft.NETCore.App.Ref\8.0.22\ref\net8.0\System.Net.NetworkInformation.dll" /reference:"C:\Program Files\dotnet\packs\Microsoft.NETCore.App.Ref\8.0.22\ref\net8.0\System.Net.Ping.dll" /reference:"C:\Program Files\dotnet\packs\Microsoft.NETCore.App.Ref\8.0.22\ref\net8.0\System.Net.Primitives.dll" /reference:"C:\Program Files\dotnet\packs\Microsoft.NETCore.App.Ref\8.0.22\ref\net8.0\System.Net.Quic.dll" /reference:"C:\Program Files\dotnet\packs\Microsoft.NETCore.App.Ref\8.0.22\ref\net8.0\System.Net.Requests.dll" /reference:"C:\Program Files\dotnet\packs\Microsoft.NETCore.App.Ref\8.0.22\ref\net8.0\System.Net.Security.dll" /reference:"C:\Program Files\dotnet\packs\Microsoft.NETCore.App.Ref\8.0.22\ref\net8.0\System.Net.ServicePoint.dll" /reference:"C:\Program Files\dotnet\packs\Microsoft.NETCore.App.Ref\8.0.22\ref\net8.0\System.Net.Sockets.dll" /reference:"C:\Program Files\dotnet\packs\Microsoft.NETCore.App.Ref\8.0.22\ref\net8.0\System.Net.WebClient.dll" /reference:"C:\Program Files\dotnet\packs\Microsoft.NETCore.App.Ref\8.0.22\ref\net8.0\System.Net.WebHeaderCollection.dll" /reference:"C:\Program Files\dotnet\packs\Microsoft.NETCore.App.Ref\8.0.22\ref\net8.0\System.Net.WebProxy.dll" /reference:"C:\Program Files\dotnet\packs\Microsoft.NETCore.App.Ref\8.0.22\ref\net8.0\System.Net.WebSockets.Client.dll" /reference:"C:\Program Files\dotnet\packs\Microsoft.NETCore.App.Ref\8.0.22\ref\net8.0\System.Net.WebSockets.dll" /reference:"C:\Program Files\dotnet\packs\Microsoft.NETCore.App.Ref\8.0.22\ref\net8.0\System.Numerics.dll" /reference:"C:\Program Files\dotnet\packs\Microsoft.NETCore.App.Ref\8.0.22\ref\net8.0\System.Numerics.Vectors.dll" /reference:"C:\Program Files\dotnet\packs\Microsoft.NETCore.App.Ref\8.0.22\ref\net8.0\System.ObjectModel.dll" /reference:"C:\Program Files\dotnet\packs\Microsoft.WindowsDesktop.App.Ref\8.0.22\ref\net8.0\System.Printing.dll" /reference:"C:\Program Files\dotnet\packs\Microsoft.NETCore.App.Ref\8.0.22\ref\net8.0\System.Reflection.DispatchProxy.dll" /reference:"C:\Program Files\dotnet\packs\Microsoft.NETCore.App.Ref\8.0.22\ref\net8.0\System.Reflection.dll" /reference:"C:\Program Files\dotnet\packs\Microsoft.NETCore.App.Ref\8.0.22\ref\net8.0\System.Reflection.Emit.dll" /reference:"C:\Program Files\dotnet\packs\Microsoft.NETCore.App.Ref\8.0.22\ref\net8.0\System.Reflection.Emit.ILGeneration.dll" /reference:"C:\Program Files\dotnet\packs\Microsoft.NETCore.App.Ref\8.0.22\ref\net8.0\System.Reflection.Emit.Lightweight.dll" /reference:"C:\Program Files\dotnet\packs\Microsoft.NETCore.App.Ref\8.0.22\ref\net8.0\System.Reflection.Extensions.dll" /reference:"C:\Program Files\dotnet\packs\Microsoft.NETCore.App.Ref\8.0.22\ref\net8.0\System.Reflection.Metadata.dll" /reference:"C:\Program Files\dotnet\packs\Microsoft.NETCore.App.Ref\8.0.22\ref\net8.0\System.Reflection.Primitives.dll" /reference:"C:\Program Files\dotnet\packs\Microsoft.NETCore.App.Ref\8.0.22\ref\net8.0\System.Reflection.TypeExtensions.dll" /reference:"C:\Program Files\dotnet\packs\Microsoft.WindowsDesktop.App.Ref\8.0.22\ref\net8.0\System.Resources.Extensions.dll" /reference:"C:\Program Files\dotnet\packs\Microsoft.NETCore.App.Ref\8.0.22\ref\net8.0\System.Resources.Reader.dll" /reference:"C:\Program Files\dotnet\packs\Microsoft.NETCore.App.Ref\8.0.22\ref\net8.0\System.Resources.ResourceManager.dll" /reference:"C:\Program Files\dotnet\packs\Microsoft.NETCore.App.Ref\8.0.22\ref\net8.0\System.Resources.Writer.dll" /reference:"C:\Program Files\dotnet\packs\Microsoft.NETCore.App.Ref\8.0.22\ref\net8.0\System.Runtime.CompilerServices.Unsafe.dll" /reference:"C:\Program Files\dotnet\packs\Microsoft.NETCore.App.Ref\8.0.22\ref\net8.0\System.Runtime.CompilerServices.VisualC.dll" /reference:"C:\Program Files\dotnet\packs\Microsoft.NETCore.App.Ref\8.0.22\ref\net8.0\System.Runtime.dll" /reference:"C:\Program Files\dotnet\packs\Microsoft.NETCore.App.Ref\8.0.22\ref\net8.0\System.Runtime.Extensions.dll" /reference:"C:\Program Files\dotnet\packs\Microsoft.NETCore.App.Ref\8.0.22\ref\net8.0\System.Runtime.Handles.dll" /reference:"C:\Program Files\dotnet\packs\Microsoft.NETCore.App.Ref\8.0.22\ref\net8.0\System.Runtime.InteropServices.dll" /reference:"C:\Program Files\dotnet\packs\Microsoft.NETCore.App.Ref\8.0.22\ref\net8.0\System.Runtime.InteropServices.JavaScript.dll" /reference:"C:\Program Files\dotnet\packs\Microsoft.NETCore.App.Ref\8.0.22\ref\net8.0\System.Runtime.InteropServices.RuntimeInformation.dll" /reference:"C:\Program Files\dotnet\packs\Microsoft.NETCore.App.Ref\8.0.22\ref\net8.0\System.Runtime.Intrinsics.dll" /reference:"C:\Program Files\dotnet\packs\Microsoft.NETCore.App.Ref\8.0.22\ref\net8.0\System.Runtime.Loader.dll" /reference:"C:\Program Files\dotnet\packs\Microsoft.NETCore.App.Ref\8.0.22\ref\net8.0\System.Runtime.Numerics.dll" /reference:"C:\Program Files\dotnet\packs\Microsoft.NETCore.App.Ref\8.0.22\ref\net8.0\System.Runtime.Serialization.dll" /reference:"C:\Program Files\dotnet\packs\Microsoft.NETCore.App.Ref\8.0.22\ref\net8.0\System.Runtime.Serialization.Formatters.dll" /reference:"C:\Program Files\dotnet\packs\Microsoft.NETCore.App.Ref\8.0.22\ref\net8.0\System.Runtime.Serialization.Json.dll" /reference:"C:\Program Files\dotnet\packs\Microsoft.NETCore.App.Ref\8.0.22\ref\net8.0\System.Runtime.Serialization.Primitives.dll" /reference:"C:\Program Files\dotnet\packs\Microsoft.NETCore.App.Ref\8.0.22\ref\net8.0\System.Runtime.Serialization.Xml.dll" /reference:"C:\Program Files\dotnet\packs\Microsoft.NETCore.App.Ref\8.0.22\ref\net8.0\System.Security.AccessControl.dll" /reference:"C:\Program Files\dotnet\packs\Microsoft.NETCore.App.Ref\8.0.22\ref\net8.0\System.Security.Claims.dll" /reference:"C:\Program Files\dotnet\packs\Microsoft.NETCore.App.Ref\8.0.22\ref\net8.0\System.Security.Cryptography.Algorithms.dll" /reference:"C:\Program Files\dotnet\packs\Microsoft.NETCore.App.Ref\8.0.22\ref\net8.0\System.Security.Cryptography.Cng.dll" /reference:"C:\Program Files\dotnet\packs\Microsoft.NETCore.App.Ref\8.0.22\ref\net8.0\System.Security.Cryptography.Csp.dll" /reference:"C:\Program Files\dotnet\packs\Microsoft.NETCore.App.Ref\8.0.22\ref\net8.0\System.Security.Cryptography.dll" /reference:"C:\Program Files\dotnet\packs\Microsoft.NETCore.App.Ref\8.0.22\ref\net8.0\System.Security.Cryptography.Encoding.dll" /reference:"C:\Program Files\dotnet\packs\Microsoft.NETCore.App.Ref\8.0.22\ref\net8.0\System.Security.Cryptography.OpenSsl.dll" /reference:"C:\Program Files\dotnet\packs\Microsoft.WindowsDesktop.App.Ref\8.0.22\ref\net8.0\System.Security.Cryptography.Pkcs.dll" /reference:"C:\Program Files\dotnet\packs\Microsoft.NETCore.App.Ref\8.0.22\ref\net8.0\System.Security.Cryptography.Primitives.dll" /reference:"C:\Program Files\dotnet\packs\Microsoft.WindowsDesktop.App.Ref\8.0.22\ref\net8.0\System.Security.Cryptography.ProtectedData.dll" /reference:"C:\Program Files\dotnet\packs\Microsoft.NETCore.App.Ref\8.0.22\ref\net8.0\System.Security.Cryptography.X509Certificates.dll" /reference:"C:\Program Files\dotnet\packs\Microsoft.WindowsDesktop.App.Ref\8.0.22\ref\net8.0\System.Security.Cryptography.Xml.dll" /reference:"C:\Program Files\dotnet\packs\Microsoft.NETCore.App.Ref\8.0.22\ref\net8.0\System.Security.dll" /reference:"C:\Program Files\dotnet\packs\Microsoft.WindowsDesktop.App.Ref\8.0.22\ref\net8.0\System.Security.Permissions.dll" /reference:"C:\Program Files\dotnet\packs\Microsoft.NETCore.App.Ref\8.0.22\ref\net8.0\System.Security.Principal.dll" /reference:"C:\Program Files\dotnet\packs\Microsoft.NETCore.App.Ref\8.0.22\ref\net8.0\System.Security.Principal.Windows.dll" /reference:"C:\Program Files\dotnet\packs\Microsoft.NETCore.App.Ref\8.0.22\ref\net8.0\System.Security.SecureString.dll" /reference:C:\Users\Atakan\.nuget\packages\system.servicemodel.primitives\8.1.2\ref\net8.0\System.ServiceModel.dll /reference:C:\Users\Atakan\.nuget\packages\system.servicemodel.primitives\8.1.2\ref\net8.0\System.ServiceModel.Duplex.dll /reference:C:\Users\Atakan\.nuget\packages\system.servicemodel.http\8.1.2\ref\net8.0\System.ServiceModel.Http.dll /reference:C:\Users\Atakan\.nuget\packages\system.servicemodel.netframingbase\8.1.2\ref\net8.0\System.ServiceModel.NetFramingBase.dll /reference:C:\Users\Atakan\.nuget\packages\system.servicemodel.nettcp\8.1.2\ref\net8.0\System.ServiceModel.NetTcp.dll /reference:C:\Users\Atakan\.nuget\packages\system.servicemodel.primitives\8.1.2\ref\net8.0\System.ServiceModel.Primitives.dll /reference:C:\Users\Atakan\.nuget\packages\system.servicemodel.primitives\8.1.2\ref\net8.0\System.ServiceModel.Security.dll /reference:"C:\Program Files\dotnet\packs\Microsoft.NETCore.App.Ref\8.0.22\ref\net8.0\System.ServiceModel.Web.dll" /reference:"C:\Program Files\dotnet\packs\Microsoft.NETCore.App.Ref\8.0.22\ref\net8.0\System.ServiceProcess.dll" /reference:"C:\Program Files\dotnet\packs\Microsoft.NETCore.App.Ref\8.0.22\ref\net8.0\System.Text.Encoding.CodePages.dll" /reference:"C:\Program Files\dotnet\packs\Microsoft.NETCore.App.Ref\8.0.22\ref\net8.0\System.Text.Encoding.dll" /reference:"C:\Program Files\dotnet\packs\Microsoft.NETCore.App.Ref\8.0.22\ref\net8.0\System.Text.Encoding.Extensions.dll" /reference:"C:\Program Files\dotnet\packs\Microsoft.NETCore.App.Ref\8.0.22\ref\net8.0\System.Text.Encodings.Web.dll" /reference:"C:\Program Files\dotnet\packs\Microsoft.NETCore.App.Ref\8.0.22\ref\net8.0\System.Text.Json.dll" /reference:"C:\Program Files\dotnet\packs\Microsoft.NETCore.App.Ref\8.0.22\ref\net8.0\System.Text.RegularExpressions.dll" /reference:"C:\Program Files\dotnet\packs\Microsoft.WindowsDesktop.App.Ref\8.0.22\ref\net8.0\System.Threading.AccessControl.dll" /reference:"C:\Program Files\dotnet\packs\Microsoft.NETCore.App.Ref\8.0.22\ref\net8.0\System.Threading.Channels.dll" /reference:"C:\Program Files\dotnet\packs\Microsoft.NETCore.App.Ref\8.0.22\ref\net8.0\System.Threading.dll" /reference:"C:\Program Files\dotnet\packs\Microsoft.NETCore.App.Ref\8.0.22\ref\net8.0\System.Threading.Overlapped.dll" /reference:"C:\Program Files\dotnet\packs\Microsoft.NETCore.App.Ref\8.0.22\ref\net8.0\System.Threading.Tasks.Dataflow.dll" /reference:"C:\Program Files\dotnet\packs\Microsoft.NETCore.App.Ref\8.0.22\ref\net8.0\System.Threading.Tasks.dll" /reference:"C:\Program Files\dotnet\packs\Microsoft.NETCore.App.Ref\8.0.22\ref\net8.0\System.Threading.Tasks.Extensions.dll" /reference:"C:\Program Files\dotnet\packs\Microsoft.NETCore.App.Ref\8.0.22\ref\net8.0\System.Threading.Tasks.Parallel.dll" /reference:"C:\Program Files\dotnet\packs\Microsoft.NETCore.App.Ref\8.0.22\ref\net8.0\System.Threading.Thread.dll" /reference:"C:\Program Files\dotnet\packs\Microsoft.NETCore.App.Ref\8.0.22\ref\net8.0\System.Threading.ThreadPool.dll" /reference:"C:\Program Files\dotnet\packs\Microsoft.NETCore.App.Ref\8.0.22\ref\net8.0\System.Threading.Timer.dll" /reference:"C:\Program Files\dotnet\packs\Microsoft.NETCore.App.Ref\8.0.22\ref\net8.0\System.Transactions.dll" /reference:"C:\Program Files\dotnet\packs\Microsoft.NETCore.App.Ref\8.0.22\ref\net8.0\System.Transactions.Local.dll" /reference:"C:\Program Files\dotnet\packs\Microsoft.NETCore.App.Ref\8.0.22\ref\net8.0\System.ValueTuple.dll" /reference:"C:\Program Files\dotnet\packs\Microsoft.NETCore.App.Ref\8.0.22\ref\net8.0\System.Web.dll" /reference:"C:\Program Files\dotnet\packs\Microsoft.NETCore.App.Ref\8.0.22\ref\net8.0\System.Web.HttpUtility.dll" /reference:"C:\Program Files\dotnet\packs\Microsoft.WindowsDesktop.App.Ref\8.0.22\ref\net8.0\System.Windows.Controls.Ribbon.dll" /reference:"C:\Program Files\dotnet\packs\Microsoft.NETCore.App.Ref\8.0.22\ref\net8.0\System.Windows.dll" /reference:"C:\Program Files\dotnet\packs\Microsoft.WindowsDesktop.App.Ref\8.0.22\ref\net8.0\System.Windows.Extensions.dll" /reference:"C:\Program Files\dotnet\packs\Microsoft.WindowsDesktop.App.Ref\8.0.22\ref\net8.0\System.Windows.Forms.Design.dll" /reference:"C:\Program Files\dotnet\packs\Microsoft.WindowsDesktop.App.Ref\8.0.22\ref\net8.0\System.Windows.Forms.Design.Editors.dll" /reference:"C:\Program Files\dotnet\packs\Microsoft.WindowsDesktop.App.Ref\8.0.22\ref\net8.0\System.Windows.Forms.dll" /reference:"C:\Program Files\dotnet\packs\Microsoft.WindowsDesktop.App.Ref\8.0.22\ref\net8.0\System.Windows.Forms.Primitives.dll" /reference:"C:\Program Files\dotnet\packs\Microsoft.WindowsDesktop.App.Ref\8.0.22\ref\net8.0\System.Windows.Input.Manipulations.dll" /reference:"C:\Program Files\dotnet\packs\Microsoft.WindowsDesktop.App.Ref\8.0.22\ref\net8.0\System.Windows.Presentation.dll" /reference:"C:\Program Files\dotnet\packs\Microsoft.WindowsDesktop.App.Ref\8.0.22\ref\net8.0\System.Xaml.dll" /reference:"C:\Program Files\dotnet\packs\Microsoft.NETCore.App.Ref\8.0.22\ref\net8.0\System.Xml.dll" /reference:"C:\Program Files\dotnet\packs\Microsoft.NETCore.App.Ref\8.0.22\ref\net8.0\System.Xml.Linq.dll" /reference:"C:\Program Files\dotnet\packs\Microsoft.NETCore.App.Ref\8.0.22\ref\net8.0\System.Xml.ReaderWriter.dll" /reference:"C:\Program Files\dotnet\packs\Microsoft.NETCore.App.Ref\8.0.22\ref\net8.0\System.Xml.Serialization.dll" /reference:"C:\Program Files\dotnet\packs\Microsoft.NETCore.App.Ref\8.0.22\ref\net8.0\System.Xml.XDocument.dll" /reference:"C:\Program Files\dotnet\packs\Microsoft.NETCore.App.Ref\8.0.22\ref\net8.0\System.Xml.XmlDocument.dll" /reference:"C:\Program Files\dotnet\packs\Microsoft.NETCore.App.Ref\8.0.22\ref\net8.0\System.Xml.XmlSerializer.dll" /reference:"C:\Program Files\dotnet\packs\Microsoft.NETCore.App.Ref\8.0.22\ref\net8.0\System.Xml.XPath.dll" /reference:"C:\Program Files\dotnet\packs\Microsoft.NETCore.App.Ref\8.0.22\ref\net8.0\System.Xml.XPath.XDocument.dll" /reference:"C:\Program Files\dotnet\packs\Microsoft.WindowsDesktop.App.Ref\8.0.22\ref\net8.0\UIAutomationClient.dll" /reference:"C:\Program Files\dotnet\packs\Microsoft.WindowsDesktop.App.Ref\8.0.22\ref\net8.0\UIAutomationClientSideProviders.dll" /reference:"C:\Program Files\dotnet\packs\Microsoft.WindowsDesktop.App.Ref\8.0.22\ref\net8.0\UIAutomationProvider.dll" /reference:"C:\Program Files\dotnet\packs\Microsoft.WindowsDesktop.App.Ref\8.0.22\ref\net8.0\UIAutomationTypes.dll" /reference:"C:\Program Files\dotnet\packs\Microsoft.WindowsDesktop.App.Ref\8.0.22\ref\net8.0\WindowsBase.dll" /reference:"C:\Program Files\dotnet\packs\Microsoft.WindowsDesktop.App.Ref\8.0.22\ref\net8.0\WindowsFormsIntegration.dll" /debug+ /debug:portable /filealign:512 /optimize- /out:obj\Debug\net8.0-windows\TurkMorph.dll /refout:obj\Debug\net8.0-windows\refint\TurkMorph.dll /target:winexe /warnaserror- /utf8output /deterministic+ /sourcelink:obj\Debug\net8.0-windows\TurkMorph.sourcelink.json /langversion:12.0 /analyzerconfig:obj\Debug\net8.0-windows\TurkMorph.GeneratedMSBuildEditorConfig.editorconfig /analyzerconfig:"C:\Program Files\dotnet\sdk\10.0.101\Sdks\Microsoft.NET.Sdk\analyzers\build\config\analysislevel_8_default.globalconfig" /analyzer:"C:\Program Files\dotnet\sdk\10.0.101\Sdks\Microsoft.NET.Sdk\targets\..\analyzers\Microsoft.CodeAnalysis.CSharp.NetAnalyzers.dll" /analyzer:"C:\Program Files\dotnet\sdk\10.0.101\Sdks\Microsoft.NET.Sdk\targets\..\analyzers\Microsoft.CodeAnalysis.NetAnalyzers.dll" /analyzer:C:\Users\Atakan\.nuget\packages\devexpress.data\25.1.3\analyzers\dotnet\DevExpress.Generator.dll /analyzer:"C:\Program Files\dotnet\packs\Microsoft.NETCore.App.Ref\8.0.22\analyzers/dotnet/cs/Microsoft.Interop.ComInterfaceGenerator.dll" /analyzer:"C:\Program Files\dotnet\packs\Microsoft.NETCore.App.Ref\8.0.22\analyzers/dotnet/cs/Microsoft.Interop.JavaScript.JSImportGenerator.dll" /analyzer:"C:\Program Files\dotnet\packs\Microsoft.NETCore.App.Ref\8.0.22\analyzers/dotnet/cs/Microsoft.Interop.LibraryImportGenerator.dll" /analyzer:"C:\Program Files\dotnet\packs\Microsoft.NETCore.App.Ref\8.0.22\analyzers/dotnet/cs/Microsoft.Interop.SourceGeneration.dll" /analyzer:"C:\Program Files\dotnet\packs\Microsoft.NETCore.App.Ref\8.0.22\analyzers/dotnet/cs/System.Text.Json.SourceGeneration.dll" /analyzer:"C:\Program Files\dotnet\packs\Microsoft.NETCore.App.Ref\8.0.22\analyzers/dotnet/cs/System.Text.RegularExpressions.Generator.dll" /analyzer:"C:\Program Files\dotnet\packs\Microsoft.WindowsDesktop.App.Ref\8.0.22\analyzers/dotnet/System.Windows.Forms.Analyzers.dll" /analyzer:"C:\Program Files\dotnet\packs\Microsoft.WindowsDesktop.App.Ref\8.0.22\analyzers/dotnet/cs/System.Windows.Forms.Analyzers.CSharp.dll" Database\Repositories\WordRootRepository.cs Database\TurkMorphContext.cs Forms\MainForm.cs Interfaces\INlpService.cs Interfaces\IWordValidator.cs Models\AdjectiveRoot.cs Models\NounRoot.cs Models\VerbRoot.cs Models\WordRoot.cs Program.cs Services\DTOs\AnalysisResult.cs Services\NlpApiService.cs Services\WordFactory.cs obj\Debug\net8.0-windows\TurkMorph.GlobalUsings.g.cs "obj\Debug\net8.0-windows\.NETCoreApp,Version=v8.0.AssemblyAttributes.cs" obj\Debug\net8.0-windows\TurkMorph.AssemblyInfo.cs /warnaserror+:NU1605,SYSLIB0011'
         Derleme TaskRun (Microsoft.CodeAnalysis.BuildTasks.Csc) sırasında yüklendi: System.IO.Pipes, Version=10.0.0.0, Culture=neutral, PublicKeyToken=b03f5f7f11d50a3a (konum: C:\Program Files\dotnet\shared\Microsoft.NETCore.App\10.0.1\System.IO.Pipes.dll, MVID: e7e51e92-ffa5-4700-bc91-2860dedad6a8, AssemblyLoadContext: Default)
         Attempt to open named pipe 'UHad+ellTmJggHiGCMQg_N2O7ooFciHa7+yJf9iggGU'
         Attempt to connect named pipe 'UHad+ellTmJggHiGCMQg_N2O7ooFciHa7+yJf9iggGU'
         Derleme TaskRun (Microsoft.CodeAnalysis.BuildTasks.Csc) sırasında yüklendi: System.Security.AccessControl, Version=10.0.0.0, Culture=neutral, PublicKeyToken=b03f5f7f11d50a3a (konum: C:\Program Files\dotnet\shared\Microsoft.NETCore.App\10.0.1\System.Security.AccessControl.dll, MVID: 22453100-b461-47c3-bff4-d88d0f363dee, AssemblyLoadContext: Default)
         Named pipe 'UHad+ellTmJggHiGCMQg_N2O7ooFciHa7+yJf9iggGU' connected
         Begin writing request for TurkMorph (net8.0-windows)
         End writing request for TurkMorph (net8.0-windows)
         Begin reading response for TurkMorph (net8.0-windows)
         End reading response for TurkMorph (net8.0-windows)
         Microsoft (R) Visual C# Derleyicisi sürüm 5.0.0-2.25569.105 (fad253f5)
         Telif hakkı (C) Microsoft Corporation. Tüm hakları saklıdır.
   1:7>CSC : warning DX1000: For evaluation purposes only. Redistribution prohibited. Please purchase a license to continue use of the following DevExpress product libraries: DevExpress.Xtra*/DevExpress.Win* - Included in Subscriptions: Universal, DXperience, WinForms (devexpress.com/DX1000) [C:\Users\Atakan\OneDrive\Documents\GitHub\tokenizer-filter-machine\TurkMorph\TurkMorph.csproj]
   1:7>C:\Users\Atakan\OneDrive\Documents\GitHub\tokenizer-filter-machine\TurkMorph\Forms\MainForm.cs(61,13): error CS0103: 'InitializeComponent' adı geçerli bağlamda yok [C:\Users\Atakan\OneDrive\Documents\GitHub\tokenizer-filter-machine\TurkMorph\TurkMorph.csproj]
   1:7>C:\Users\Atakan\OneDrive\Documents\GitHub\tokenizer-filter-machine\TurkMorph\Program.cs(39,17): error CS0103: 'BonusSkins' adı geçerli bağlamda yok [C:\Users\Atakan\OneDrive\Documents\GitHub\tokenizer-filter-machine\TurkMorph\TurkMorph.csproj]
         CompilerServer: server - server processed compilation - TurkMorph (net8.0-windows)
       "Csc" görevini yürütme tamamlandı -- BAŞARISIZ OLDU.
   1:7>"TurkMorph.csproj" projesinde "CoreCompile" hedefini oluşturma tamamlandı -- BAŞARISIZ OLDU.
   1:7>"C:\Users\Atakan\OneDrive\Documents\GitHub\tokenizer-filter-machine\TurkMorph\TurkMorph.csproj" projesinin "C:\Program Files\dotnet\sdk\10.0.101\Microsoft.Common.CurrentVersion.targets" dosyasındaki "_CheckForCompileOutputs" hedefi ("_CleanGetCurrentAndPriorFileWrites" hedefi buna bağımlı):
       C:\Program Files\dotnet\sdk\10.0.101\Microsoft.Common.CurrentVersion.targets(5576,7): message : Özellik yeniden ataması: $(_DebugSymbolsProduced)="false" (önceki değer: "true") konum: C:\Program Files\dotnet\sdk\10.0.101\Microsoft.Common.CurrentVersion.targets (5576,7) [C:\Users\Atakan\OneDrive\Documents\GitHub\tokenizer-filter-machine\TurkMorph\TurkMorph.csproj]
   1:7>"TurkMorph.csproj" projesinde "_CheckForCompileOutputs" hedefini oluşturma tamamlandı.
   1:7>"C:\Users\Atakan\OneDrive\Documents\GitHub\tokenizer-filter-machine\TurkMorph\TurkMorph.csproj" projesinin "C:\Program Files\dotnet\sdk\10.0.101\Microsoft.Common.CurrentVersion.targets" dosyasındaki "_CleanGetCurrentAndPriorFileWrites" hedefi ("_CleanRecordFileWrites" hedefi buna bağımlı):
       "Microsoft.Build.Tasks.Core, Version=15.1.0.0, Culture=neutral, PublicKeyToken=b03f5f7f11d50a3a" derlemesindeki "ReadLinesFromFile" görevi kullanılıyor.
       "ReadLinesFromFile" görevi
       "ReadLinesFromFile" görevini yürütme tamamlandı.
       "ConvertToAbsolutePath" görevi
       "ConvertToAbsolutePath" görevini yürütme tamamlandı.
       "Microsoft.Build.Tasks.Core, Version=15.1.0.0, Culture=neutral, PublicKeyToken=b03f5f7f11d50a3a" derlemesindeki "FindUnderPath" görevi kullanılıyor.
       "FindUnderPath" görevi
         Karşılaştırma yolu: "C:\Users\Atakan\OneDrive\Documents\GitHub\tokenizer-filter-machine\TurkMorph".
       "FindUnderPath" görevini yürütme tamamlandı.
       "FindUnderPath" görevi
         Karşılaştırma yolu: "bin\Debug\net8.0-windows\".
       "FindUnderPath" görevini yürütme tamamlandı.
       "FindUnderPath" görevi
         Karşılaştırma yolu: "obj\Debug\net8.0-windows\".
       "FindUnderPath" görevini yürütme tamamlandı.
       "RemoveDuplicates" görevi
       "RemoveDuplicates" görevini yürütme tamamlandı.
   1:7>"TurkMorph.csproj" projesinde "_CleanGetCurrentAndPriorFileWrites" hedefini oluşturma tamamlandı.
   1:7>"C:\Users\Atakan\OneDrive\Documents\GitHub\tokenizer-filter-machine\TurkMorph\TurkMorph.csproj" projesinin "C:\Program Files\dotnet\sdk\10.0.101\Microsoft.Common.CurrentVersion.targets" dosyasındaki "_CleanRecordFileWrites" hedefi ("CoreBuild" hedefi buna bağımlı):
       "RemoveDuplicates" görevi
       "RemoveDuplicates" görevini yürütme tamamlandı.
       "MakeDir" görevi
       "MakeDir" görevini yürütme tamamlandı.
       "WriteLinesToFile" görevi
         İçerik değişmeyeceğinden "obj\Debug\net8.0-windows\TurkMorph.csproj.FileListAbsolute.txt" dosyası üzerine yazma işlemi atlanacak.
       "WriteLinesToFile" görevini yürütme tamamlandı.
   1:7>"TurkMorph.csproj" projesinde "_CleanRecordFileWrites" hedefini oluşturma tamamlandı.
   1:7>"C:\Users\Atakan\OneDrive\Documents\GitHub\tokenizer-filter-machine\TurkMorph\TurkMorph.csproj" Projesini Oluşturma İşlemi Tamamlandı (varsayılan hedefler) -- BAŞARISIZ OLDU.

Oluşturma BAŞARISIZ OLDU.

       "C:\Users\Atakan\OneDrive\Documents\GitHub\tokenizer-filter-machine\TurkMorph\TurkMorph.csproj" (Restore hedefi) (1) ->
       (Restore hedefi) -> 
         C:\Users\Atakan\OneDrive\Documents\GitHub\tokenizer-filter-machine\TurkMorph\TurkMorph.csproj : warning NU1603: TurkMorph, DevExpress.Win (>= 23.2.5) öğesine bağlı ancak DevExpress.Win 23.2.5 bulunamadı. Bunun yerine DevExpress.Win 25.1.3 çözümlendi.
         C:\Users\Atakan\OneDrive\Documents\GitHub\tokenizer-filter-machine\TurkMorph\TurkMorph.csproj : warning NU1603: TurkMorph, DevExpress.Win.Design (>= 23.2.5) öğesine bağlı ancak DevExpress.Win.Design 23.2.5 bulunamadı. Bunun yerine DevExpress.Win.Design 25.1.3 çözümlendi.


       "C:\Users\Atakan\OneDrive\Documents\GitHub\tokenizer-filter-machine\TurkMorph\TurkMorph.csproj" (varsayılan hedef) (1:7) ->
       (ResolvePackageAssets hedefi) -> 
         C:\Users\Atakan\OneDrive\Documents\GitHub\tokenizer-filter-machine\TurkMorph\TurkMorph.csproj : warning NU1603: TurkMorph, DevExpress.Win (>= 23.2.5) öğesine bağlı ancak DevExpress.Win 23.2.5 bulunamadı. Bunun yerine DevExpress.Win 25.1.3 çözümlendi.
         C:\Users\Atakan\OneDrive\Documents\GitHub\tokenizer-filter-machine\TurkMorph\TurkMorph.csproj : warning NU1603: TurkMorph, DevExpress.Win.Design (>= 23.2.5) öğesine bağlı ancak DevExpress.Win.Design 23.2.5 bulunamadı. Bunun yerine DevExpress.Win.Design 25.1.3 çözümlendi.


       "C:\Users\Atakan\OneDrive\Documents\GitHub\tokenizer-filter-machine\TurkMorph\TurkMorph.csproj" (varsayılan hedef) (1:7) ->
       (CoreCompile hedefi) -> 
         CSC : warning DX1000: For evaluation purposes only. Redistribution prohibited. Please purchase a license to continue use of the following DevExpress product libraries: DevExpress.Xtra*/DevExpress.Win* - Included in Subscriptions: Universal, DXperience, WinForms (devexpress.com/DX1000) [C:\Users\Atakan\OneDrive\Documents\GitHub\tokenizer-filter-machine\TurkMorph\TurkMorph.csproj]


       "C:\Users\Atakan\OneDrive\Documents\GitHub\tokenizer-filter-machine\TurkMorph\TurkMorph.csproj" (varsayılan hedef) (1:7) ->
       (CoreCompile hedefi) -> 
         C:\Users\Atakan\OneDrive\Documents\GitHub\tokenizer-filter-machine\TurkMorph\Forms\MainForm.cs(61,13): error CS0103: 'InitializeComponent' adı geçerli bağlamda yok [C:\Users\Atakan\OneDrive\Documents\GitHub\tokenizer-filter-machine\TurkMorph\TurkMorph.csproj]
         C:\Users\Atakan\OneDrive\Documents\GitHub\tokenizer-filter-machine\TurkMorph\Program.cs(39,17): error CS0103: 'BonusSkins' adı geçerli bağlamda yok [C:\Users\Atakan\OneDrive\Documents\GitHub\tokenizer-filter-machine\TurkMorph\TurkMorph.csproj]

    5 Uyarı
    2 Hata

Geçen Süre 00:00:00.88
